source_id,send_x,send_y,recv_x,recv_y,time,recv_priority,hopcount,recv_id,send_id,destination_x,destination_y,pri_1,pri_2,pri_3,pri_4,pri_5,pri_recover
147, 40, -1, 109, 1, 10300200, 5, 1, 38, 147, 700, 750, 159, 170, 285, 243, 38, 0
147, 109, 1, 212, -1, 10316859, 3, 1, 285, 38, 700, 750, 243, 7, 285, 164, 212, 0
147, 109, 1, 219, -1, 10316859, 1, 1, 243, 38, 700, 750, 243, 7, 285, 164, 212, 0
147, 109, 1, 248, -1, 10316859, 4, 1, 164, 38, 700, 750, 243, 7, 285, 164, 212, 0
147, 109, 1, 280, -1, 10316859, 2, 1, 7, 38, 700, 750, 243, 7, 285, 164, 212, 0
147, 219, -1, 201, 12, 10317518, 1, 1, 278, 243, 700, 750, 278, 212, 7, 98, 150, 0
147, 219, -1, 201, 18, 10317518, 2, 1, 212, 243, 700, 750, 278, 212, 7, 98, 150, 0
147, 219, -1, 280, -1, 10317518, 3, 1, 7, 243, 700, 750, 278, 212, 7, 98, 150, 0
147, 201, 12, 201, 49, 10318177, 5, 1, 117, 278, 700, 750, 98, 60, 240, 7, 117, 0
147, 201, 12, 201, 76, 10318177, 1, 1, 98, 278, 700, 750, 98, 60, 240, 7, 117, 0
147, 201, 12, 280, -1, 10318177, 4, 1, 7, 278, 700, 750, 98, 60, 240, 7, 117, 0
147, 201, 12, 198, 105, 10318177, 2, 1, 60, 278, 700, 750, 98, 60, 240, 7, 117, 0
147, 201, 12, 198, 179, 10318178, 3, 1, 240, 278, 700, 750, 98, 60, 240, 7, 117, 0
147, 201, 76, 198, 105, 10318836, 5, 1, 60, 98, 700, 750, 267, 180, 226, 240, 60, 0
147, 201, 76, 198, 153, 10318837, 2, 1, 180, 98, 700, 750, 267, 180, 226, 240, 60, 0
147, 201, 76, 198, 179, 10318837, 4, 1, 240, 98, 700, 750, 267, 180, 226, 240, 60, 0
147, 201, 76, 201, 212, 10318837, 1, 1, 267, 98, 700, 750, 267, 180, 226, 240, 60, 0
147, 201, 76, 201, 218, 10318837, 3, 1, 226, 98, 700, 750, 267, 180, 226, 240, 60, 0
147, 201, 212, 201, 218, 10319496, 1, 1, 226, 267, 700, 750, 226, 259, 254, 174, 23, 0
147, 201, 212, 201, 285, 10319496, 5, 1, 23, 267, 700, 750, 226, 259, 254, 174, 23, 0
147, 201, 218, 201, 285, 10320155, 2, 1, 23, 226, 700, 750, 174, 23, 259, 13, 27, 0
147, 201, 218, 198, 315, 10320155, 4, 1, 13, 226, 700, 750, 174, 23, 259, 13, 27, 0
147, 201, 218, 198, 350, 10320155, 1, 1, 174, 226, 700, 750, 174, 23, 259, 13, 27, 0
147, 198, 350, 198, 387, 10320814, 4, 1, 259, 174, 700, 750, 254, 265, 65, 259, 186, 0
147, 198, 350, 201, 412, 10320815, 2, 1, 265, 174, 700, 750, 254, 265, 65, 259, 186, 0
147, 198, 350, 201, 419, 10320815, 1, 1, 254, 174, 700, 750, 254, 265, 65, 259, 186, 0
147, 198, 350, 201, 446, 10320815, 5, 1, 186, 174, 700, 750, 254, 265, 65, 259, 186, 0
147, 198, 350, 201, 486, 10320815, 3, 1, 65, 174, 700, 750, 254, 265, 65, 259, 186, 0
147, 201, 419, 201, 446, 10321474, 5, 1, 186, 254, 700, 750, 251, 45, 65, 172, 186, 0
147, 201, 419, 219, 398, 10321474, 1, 1, 251, 254, 700, 750, 251, 45, 65, 172, 186, 0
147, 201, 419, 201, 486, 10321474, 3, 1, 65, 254, 700, 750, 251, 45, 65, 172, 186, 0
147, 280, -1, 354, 1, 10321519, 5, 1, 143, 7, 700, 750, 5, 275, 152, 231, 143, 0
147, 280, -1, 401, 12, 10321519, 2, 1, 275, 7, 700, 750, 5, 275, 152, 231, 143, 0
147, 219, 398, 248, 398, 10322133, 2, 1, 172, 251, 700, 750, 45, 172, 162, 65, 186, 0
147, 219, 398, 282, 398, 10322133, 1, 1, 45, 251, 700, 750, 45, 172, 162, 65, 186, 0
147, 219, 398, 354, 401, 10322133, 3, 1, 162, 251, 700, 750, 45, 172, 162, 65, 186, 0
147, 282, 398, 311, 401, 10322792, 4, 1, 18, 45, 700, 750, 160, 162, 255, 18, 198, 0
147, 282, 398, 354, 401, 10322792, 2, 1, 162, 45, 700, 750, 160, 162, 255, 18, 198, 0
147, 282, 398, 401, 416, 10322792, 3, 1, 255, 45, 700, 750, 160, 162, 255, 18, 198, 0
147, 282, 398, 444, 398, 10322792, 1, 1, 160, 45, 700, 750, 160, 162, 255, 18, 198, 0
147, 444, 398, 486, 398, 10323452, 2, 1, 24, 160, 700, 750, 138, 24, 53, 104, 35, 0
147, 444, 398, 516, 401, 10323452, 3, 1, 53, 160, 700, 750, 138, 24, 53, 104, 35, 0
147, 444, 398, 555, 401, 10323452, 1, 1, 138, 160, 700, 750, 138, 24, 53, 104, 35, 0
147, 555, 401, 644, 398, 10324111, 4, 1, 114, 138, 700, 750, 211, 21, 35, 114, 81, 0
147, 555, 401, 682, 398, 10324111, 3, 1, 35, 138, 700, 750, 211, 21, 35, 114, 81, 0
147, 401, 12, 401, 41, 10326178, 3, 1, 152, 275, 700, 750, 100, 48, 152, 5, 280, 0
147, 401, 12, 401, 79, 10326178, 2, 1, 48, 275, 700, 750, 100, 48, 152, 5, 280, 0
147, 401, 12, 398, 114, 10326178, 1, 1, 100, 275, 700, 750, 100, 48, 152, 5, 280, 0
147, 398, 114, 398, 180, 10326837, 5, 1, 237, 100, 700, 750, 41, 292, 268, 280, 237, 0
147, 398, 114, 398, 187, 10326837, 4, 1, 280, 100, 700, 750, 41, 292, 268, 280, 237, 0
147, 401, 416, 401, 431, 10331451, 5, 1, 198, 255, 700, 750, 24, 104, 79, 148, 198, 0
147, 401, 416, 401, 467, 10331451, 2, 1, 104, 255, 700, 750, 24, 104, 79, 148, 198, 0
147, 682, 398, 717, 401, 10332770, 2, 1, 81, 35, 700, 750, 21, 81, 10000000, 10000000, 10000000, 0
147, 398, 187, 418, 198, 10339496, 4, 1, 221, 280, 700, 750, 41, 112, 88, 221, 111, 0
147, 398, 187, 449, 198, 10339496, 2, 1, 112, 280, 700, 750, 41, 112, 88, 221, 111, 0
147, 398, 187, 401, 287, 10339497, 1, 1, 41, 280, 700, 750, 41, 112, 88, 221, 111, 0
147, 398, 187, 398, 346, 10339497, 5, 1, 111, 280, 700, 750, 41, 112, 88, 221, 111, 0
147, 401, 287, 398, 346, 10340156, 4, 1, 111, 41, 700, 750, 198, 255, 201, 111, 256, 0
147, 401, 287, 398, 375, 10340156, 3, 1, 201, 41, 700, 750, 198, 255, 201, 111, 256, 0
147, 401, 287, 398, 387, 10340156, 5, 1, 256, 41, 700, 750, 198, 255, 201, 111, 256, 0
147, 449, 198, 496, 198, 10344156, 3, 1, 88, 112, 700, 750, 266, 216, 88, 116, 49, 0
147, 449, 198, 513, 201, 10344156, 5, 1, 49, 112, 700, 750, 266, 216, 88, 116, 49, 0
147, 449, 198, 553, 201, 10344156, 4, 1, 116, 112, 700, 750, 266, 216, 88, 116, 49, 0
147, 401, 431, 401, 468, 10348110, 1, 1, 104, 198, 700, 750, 104, 148, 79, 24, 160, 0
147, 496, 198, 553, 201, 10352815, 5, 1, 116, 88, 700, 750, 266, 102, 216, 131, 116, 0
147, 496, 198, 581, 201, 10352815, 3, 1, 216, 88, 700, 750, 266, 102, 216, 131, 116, 0
147, 398, 346, 398, 375, 10352815, 5, 1, 201, 111, 700, 750, 104, 198, 255, 256, 201, 0
147, 496, 198, 587, 201, 10352815, 1, 1, 266, 88, 700, 750, 266, 102, 216, 131, 116, 0
147, 398, 346, 398, 387, 10352815, 4, 1, 256, 111, 700, 750, 104, 198, 255, 256, 201, 0
147, 398, 346, 401, 416, 10352815, 3, 1, 255, 111, 700, 750, 104, 198, 255, 256, 201, 0
147, 398, 346, 401, 431, 10352815, 2, 1, 198, 111, 700, 750, 104, 198, 255, 256, 201, 0
147, 496, 198, 677, 198, 10352815, 2, 1, 102, 88, 700, 750, 266, 102, 216, 131, 116, 0
147, 587, 201, 598, 315, 10353474, 1, 1, 47, 266, 700, 750, 47, 249, 194, 227, 187, 0
147, 598, 315, 598, 358, 10354133, 3, 1, 187, 47, 700, 750, 21, 85, 187, 138, 114, 0
147, 598, 315, 601, 488, 10354134, 1, 1, 21, 47, 700, 750, 21, 85, 187, 138, 114, 0
147, 598, 315, 598, 515, 10354134, 2, 1, 85, 47, 700, 750, 21, 85, 187, 138, 114, 0
147, 601, 488, 598, 515, 10354793, 4, 1, 85, 21, 700, 750, 220, 124, 287, 85, 10000000, 0
147, 601, 488, 598, 552, 10354793, 10000000, 1, 124, 21, 700, 750, 10000000, 10000000, 10000000, 10000000, 10000000, 0
147, 601, 488, 598, 580, 10354793, 10000000, 1, 220, 21, 700, 750, 10000000, 10000000, 10000000, 10000000, 10000000, 0
147, 601, 488, 598, 587, 10354793, 10000000, 1, 287, 21, 700, 750, 10000000, 10000000, 10000000, 10000000, 10000000, 0
147, 398, 387, 401, 416, 10356815, 5, 1, 255, 256, 700, 750, 24, 104, 160, 198, 255, 0
147, 398, 387, 401, 431, 10356815, 4, 1, 198, 256, 700, 750, 24, 104, 160, 198, 255, 0
147, 398, 387, 445, 398, 10356815, 3, 1, 160, 256, 700, 750, 24, 104, 160, 198, 255, 0
147, 398, 387, 401, 468, 10356815, 2, 1, 104, 256, 700, 750, 24, 104, 160, 198, 255, 0
147, 598, 580, 620, 598, 10356941, 10000000, 2, 250, 220, 700, 750, 10000000, 10000000, 10000000, 10000000, 10000000, 0
147, 598, 580, 601, 690, 10356942, 10000000, 2, 4, 220, 700, 750, 10000000, 10000000, 10000000, 10000000, 10000000, 0
147, 598, 580, 598, 751, 10356942, 10000000, 2, 185, 220, 700, 750, 10000000, 10000000, 10000000, 10000000, 10000000, 0
147, 598, 580, 598, 787, 10356942, 10000000, 2, 263, 220, 700, 750, 10000000, 10000000, 10000000, 10000000, 10000000, 0
147, 401, 431, 401, 468, 10357474, 1, 1, 104, 198, 700, 750, 104, 148, 79, 24, 160, 0
147, 598, 787, 598, 787, 10364000, 10000000, 3, 296, 263, 700, 750, 10000000, 10000000, 10000000, 10000000, 10000000, 0
147, 598, 787, 598, 778, 10364000, 10000000, 3, 213, 263, 700, 750, 10000000, 10000000, 10000000, 10000000, 10000000, 0
147, 598, 787, 587, 801, 10364000, 10000000, 3, 271, 263, 700, 750, 10000000, 10000000, 10000000, 10000000, 10000000, 0
147, 598, 787, 587, 801, 10364000, 10000000, 3, 294, 263, 700, 750, 10000000, 10000000, 10000000, 10000000, 10000000, 0
147, 598, 787, 619, 798, 10364000, 10000000, 3, 217, 263, 700, 750, 10000000, 10000000, 10000000, 10000000, 10000000, 0
147, 598, 787, 578, 801, 10364000, 10000000, 3, 234, 263, 700, 750, 10000000, 10000000, 10000000, 10000000, 10000000, 0
147, 598, 787, 550, 801, 10364000, 10000000, 3, 135, 263, 700, 750, 10000000, 10000000, 10000000, 10000000, 10000000, 0
147, 598, 787, 649, 798, 10364000, 10000000, 3, 175, 263, 700, 750, 10000000, 10000000, 10000000, 10000000, 10000000, 0
147, 598, 787, 598, 710, 10364000, 10000000, 3, 19, 263, 700, 750, 10000000, 10000000, 10000000, 10000000, 10000000, 0
147, 598, 787, 686, 798, 10364000, 10000000, 3, 6, 263, 700, 750, 10000000, 10000000, 10000000, 10000000, 10000000, 0
147, 598, 787, 598, 924, 10364000, 10000000, 3, 109, 263, 700, 750, 10000000, 10000000, 10000000, 10000000, 10000000, 0
147, 578, 801, 519, 801, 10364490, 10000000, 4, 33, 234, 700, 750, 10000000, 10000000, 10000000, 10000000, 10000000, 0
147, 578, 801, 484, 798, 10364490, 10000000, 4, 82, 234, 700, 750, 10000000, 10000000, 10000000, 10000000, 10000000, 0
147, 550, 801, 387, 801, 10365421, 10000000, 4, 288, 135, 700, 750, 10000000, 10000000, 10000000, 10000000, 10000000, 0
147, 550, 801, 380, 801, 10365421, 10000000, 4, 204, 135, 700, 750, 10000000, 10000000, 10000000, 10000000, 10000000, 0
147, 445, 398, 486, 398, 10365474, 2, 1, 24, 160, 700, 750, 138, 24, 53, 104, 35, 0
147, 445, 398, 516, 401, 10365474, 3, 1, 53, 160, 700, 750, 138, 24, 53, 104, 35, 0
147, 445, 398, 554, 401, 10365474, 1, 1, 138, 160, 700, 750, 138, 24, 53, 104, 35, 0
147, 554, 401, 645, 398, 10366134, 4, 1, 114, 138, 700, 750, 211, 21, 35, 114, 81, 0
147, 554, 401, 683, 398, 10366134, 3, 1, 35, 138, 700, 750, 211, 21, 35, 114, 81, 0
147, 554, 401, 717, 401, 10366134, 5, 1, 81, 138, 700, 750, 211, 21, 35, 114, 81, 0
147, 686, 798, 812, 798, 10369409, 10000000, 4, 272, 6, 700, 750, 10000000, 10000000, 10000000, 10000000, 10000000, 0
147, 686, 798, 821, 798, 10369409, 10000000, 4, 200, 6, 700, 750, 10000000, 10000000, 10000000, 10000000, 10000000, 0
147, 683, 398, 717, 401, 10374793, 2, 1, 81, 35, 700, 750, 21, 81, 10000000, 10000000, 10000000, 0
147, 821, 798, 851, 798, 10393753, 10000000, 5, 192, 200, 700, 750, 10000000, 10000000, 10000000, 10000000, 10000000, 0
147, 821, 798, 801, 822, 10393753, 10000000, 5, 225, 200, 700, 750, 10000000, 10000000, 10000000, 10000000, 10000000, 0
147, 821, 798, 890, 798, 10393753, 10000000, 5, 57, 200, 700, 750, 10000000, 10000000, 10000000, 10000000, 10000000, 0
147, 821, 798, 919, 801, 10393753, 10000000, 5, 51, 200, 700, 750, 10000000, 10000000, 10000000, 10000000, 10000000, 0
147, 821, 798, 956, 801, 10393753, 10000000, 5, 177, 200, 700, 750, 10000000, 10000000, 10000000, 10000000, 10000000, 0
147, 821, 798, 980, 801, 10393753, 10000000, 5, 229, 200, 700, 750, 10000000, 10000000, 10000000, 10000000, 10000000, 0
147, 598, 587, 643, 598, 10397281, 10000000, 2, 122, 287, 700, 750, 10000000, 10000000, 10000000, 10000000, 10000000, 0
147, 598, 587, 549, 601, 10397281, 10000000, 2, 167, 287, 700, 750, 10000000, 10000000, 10000000, 10000000, 10000000, 0
147, 812, 798, 798, 754, 10398232, 10000000, 5, 165, 272, 700, 750, 10000000, 10000000, 10000000, 10000000, 10000000, 0
147, 812, 798, 801, 847, 10398232, 10000000, 5, 127, 272, 700, 750, 10000000, 10000000, 10000000, 10000000, 10000000, 0
147, 812, 798, 1001, 812, 10398232, 10000000, 5, 291, 272, 700, 750, 10000000, 10000000, 10000000, 10000000, 10000000, 0
147, 549, 601, 753, 601, 10398883, 10000000, 3, 137, 167, 700, 750, 10000000, 10000000, 10000000, 10000000, 10000000, 0
147, 598, 787, 387, 801, 10404011, 10000000, 4, 258, 296, 700, 750, 10000000, 10000000, 10000000, 10000000, 10000000, 0
147, 598, 787, 612, 998, 10404011, 10000000, 4, 297, 296, 700, 750, 10000000, 10000000, 10000000, 10000000, 10000000, 0
147, 620, 598, 686, 598, 10405931, 10000000, 3, 84, 250, 700, 750, 10000000, 10000000, 10000000, 10000000, 10000000, 0
147, 620, 598, 712, 601, 10405931, 10000000, 3, 90, 250, 700, 750, 10000000, 10000000, 10000000, 10000000, 10000000, 0
147, 620, 598, 508, 601, 10405931, 10000000, 3, 16, 250, 700, 750, 10000000, 10000000, 10000000, 10000000, 10000000, 0
147, 620, 598, 485, 598, 10405931, 10000000, 3, 96, 250, 700, 750, 10000000, 10000000, 10000000, 10000000, 10000000, 0
147, 620, 598, 787, 601, 10405931, 10000000, 3, 273, 250, 700, 750, 10000000, 10000000, 10000000, 10000000, 10000000, 0
147, 620, 598, 448, 598, 10405931, 10000000, 3, 156, 250, 700, 750, 10000000, 10000000, 10000000, 10000000, 10000000, 0
147, 801, 822, 801, 889, 10409097, 10000000, 6, 69, 225, 700, 750, 10000000, 10000000, 10000000, 10000000, 10000000, 0
147, 801, 822, 798, 919, 10409097, 10000000, 6, 74, 225, 700, 750, 10000000, 10000000, 10000000, 10000000, 10000000, 0
147, 801, 822, 798, 719, 10409097, 10000000, 6, 37, 225, 700, 750, 10000000, 10000000, 10000000, 10000000, 10000000, 0
147, 801, 822, 801, 680, 10409097, 10000000, 6, 94, 225, 700, 750, 10000000, 10000000, 10000000, 10000000, 10000000, 0
147, 801, 822, 801, 648, 10409097, 10000000, 6, 125, 225, 700, 750, 10000000, 10000000, 10000000, 10000000, 10000000, 0
147, 587, 801, 353, 801, 10410152, 10000000, 4, 196, 294, 700, 750, 10000000, 10000000, 10000000, 10000000, 10000000, 0
147, 787, 601, 780, 601, 10411323, 10000000, 4, 228, 273, 700, 750, 10000000, 10000000, 10000000, 10000000, 10000000, 0
147, 787, 601, 801, 620, 10411323, 10000000, 4, 238, 273, 700, 750, 10000000, 10000000, 10000000, 10000000, 10000000, 0
147, 787, 601, 798, 551, 10411323, 10000000, 4, 140, 273, 700, 750, 10000000, 10000000, 10000000, 10000000, 10000000, 0
147, 787, 601, 848, 598, 10411323, 10000000, 4, 142, 273, 700, 750, 10000000, 10000000, 10000000, 10000000, 10000000, 0
147, 787, 601, 798, 516, 10411323, 10000000, 4, 87, 273, 700, 750, 10000000, 10000000, 10000000, 10000000, 10000000, 0
147, 787, 601, 884, 598, 10411323, 10000000, 4, 9, 273, 700, 750, 10000000, 10000000, 10000000, 10000000, 10000000, 0
147, 787, 601, 913, 601, 10411323, 10000000, 4, 70, 273, 700, 750, 10000000, 10000000, 10000000, 10000000, 10000000, 0
147, 787, 601, 955, 601, 10411323, 10000000, 4, 183, 273, 700, 750, 10000000, 10000000, 10000000, 10000000, 10000000, 0
147, 798, 551, 787, 401, 10429448, 10000000, 5, 260, 140, 700, 750, 10000000, 10000000, 10000000, 10000000, 10000000, 0
147, 848, 598, 978, 601, 10442703, 10000000, 5, 233, 142, 700, 750, 10000000, 10000000, 10000000, 10000000, 10000000, 0
212, 201, 24, 201, 62, 11300200, 4, 1, 117, 212, 700, 750, 180, 240, 98, 117, 60, 0
212, 201, 24, 201, 87, 11300200, 3, 1, 98, 212, 700, 750, 180, 240, 98, 117, 60, 0
212, 201, 24, 198, 89, 11300200, 5, 1, 60, 212, 700, 750, 180, 240, 98, 117, 60, 0
212, 201, 24, 198, 140, 11300200, 1, 1, 180, 212, 700, 750, 180, 240, 98, 117, 60, 0
212, 198, 140, 201, 212, 11300859, 5, 1, 267, 180, 700, 750, 23, 126, 13, 226, 267, 0
212, 198, 140, 201, 224, 11300859, 4, 1, 226, 180, 700, 750, 23, 126, 13, 226, 267, 0
212, 198, 140, 201, 257, 11300859, 2, 1, 126, 180, 700, 750, 23, 126, 13, 226, 267, 0
212, 201, 257, 201, 298, 11305518, 4, 1, 23, 126, 700, 750, 265, 174, 13, 23, 259, 0
212, 201, 257, 198, 301, 11305518, 3, 1, 13, 126, 700, 750, 265, 174, 13, 23, 259, 0
212, 201, 257, 198, 337, 11305519, 2, 1, 174, 126, 700, 750, 265, 174, 13, 23, 259, 0
212, 201, 257, 198, 387, 11305519, 5, 1, 259, 126, 700, 750, 265, 174, 13, 23, 259, 0
212, 201, 257, 201, 412, 11305519, 1, 1, 265, 126, 700, 750, 265, 174, 13, 23, 259, 0
212, 201, 412, 226, 398, 11306178, 5, 1, 251, 265, 700, 750, 45, 172, 65, 186, 251, 0
212, 201, 412, 201, 459, 11306178, 4, 1, 186, 265, 700, 750, 45, 172, 65, 186, 251, 0
212, 201, 412, 201, 499, 11306178, 3, 1, 65, 265, 700, 750, 45, 172, 65, 186, 251, 0
212, 201, 298, 198, 337, 11318178, 3, 1, 174, 23, 700, 750, 259, 265, 174, 206, 254, 0
212, 201, 298, 198, 371, 11318178, 4, 1, 206, 23, 700, 750, 259, 265, 174, 206, 254, 0
212, 201, 298, 198, 387, 11318178, 1, 1, 259, 23, 700, 750, 259, 265, 174, 206, 254, 0
212, 201, 298, 201, 412, 11318178, 2, 1, 265, 23, 700, 750, 259, 265, 174, 206, 254, 0
212, 201, 298, 201, 425, 11318178, 5, 1, 254, 23, 700, 750, 259, 265, 174, 206, 254, 0
212, 198, 387, 226, 398, 11318837, 5, 1, 251, 259, 700, 750, 45, 172, 65, 186, 251, 0
212, 198, 387, 201, 459, 11318837, 4, 1, 186, 259, 700, 750, 45, 172, 65, 186, 251, 0
212, 198, 387, 201, 499, 11318837, 3, 1, 65, 259, 700, 750, 45, 172, 65, 186, 251, 0
212, 226, 398, 260, 398, 11322837, 3, 1, 172, 251, 700, 750, 45, 162, 172, 18, 65, 0
212, 226, 398, 296, 398, 11322837, 1, 1, 45, 251, 700, 750, 45, 162, 172, 18, 65, 0
212, 226, 398, 298, 401, 11322837, 4, 1, 18, 251, 700, 750, 45, 162, 172, 18, 65, 0
212, 226, 398, 344, 401, 11322837, 2, 1, 162, 251, 700, 750, 45, 162, 172, 18, 65, 0
212, 296, 398, 298, 401, 11323496, 4, 1, 18, 45, 700, 750, 160, 255, 162, 18, 198, 0
212, 296, 398, 344, 401, 11323496, 3, 1, 162, 45, 700, 750, 160, 255, 162, 18, 198, 0
212, 296, 398, 456, 398, 11323497, 1, 1, 160, 45, 700, 750, 160, 255, 162, 18, 198, 0
212, 456, 398, 499, 398, 11324156, 2, 1, 24, 160, 700, 750, 138, 24, 53, 104, 114, 0
212, 456, 398, 504, 401, 11324156, 3, 1, 53, 160, 700, 750, 138, 24, 53, 104, 114, 0
212, 456, 398, 543, 401, 11324156, 1, 1, 138, 160, 700, 750, 138, 24, 53, 104, 114, 0
212, 456, 398, 656, 398, 11324156, 5, 1, 114, 160, 700, 750, 138, 24, 53, 104, 114, 0
212, 543, 401, 656, 398, 11324815, 4, 1, 114, 138, 700, 750, 211, 21, 35, 114, 124, 0
212, 543, 401, 695, 398, 11324815, 3, 1, 35, 138, 700, 750, 211, 21, 35, 114, 124, 0
212, 201, 499, 201, 659, 11327497, 2, 1, 191, 65, 700, 750, 67, 191, 45, 10000000, 10000000, 0
212, 201, 659, 201, 705, 11332156, 2, 1, 67, 191, 700, 750, 107, 67, 10000000, 10000000, 10000000, 0
212, 695, 398, 705, 401, 11333474, 2, 1, 81, 35, 700, 750, 21, 81, 10000000, 10000000, 10000000, 0
226, 201, 233, 201, 312, 12300200, 3, 1, 23, 226, 700, 750, 259, 265, 23, 174, 206, 0
226, 201, 233, 198, 362, 12300200, 5, 1, 206, 226, 700, 750, 259, 265, 23, 174, 206, 0
226, 201, 233, 198, 385, 12300200, 1, 1, 259, 226, 700, 750, 259, 265, 23, 174, 206, 0
226, 198, 385, 201, 512, 12300859, 2, 1, 65, 259, 700, 750, 172, 65, 45, 186, 251, 0
7, 318, -1, 316, 1, 13300200, 4, 1, 143, 7, 700, 750, 275, 231, 152, 143, 150, 0
7, 318, -1, 401, 19, 13300200, 1, 1, 275, 7, 700, 750, 275, 231, 152, 143, 150, 0
7, 401, 19, 398, 72, 13300859, 5, 1, 100, 275, 700, 750, 48, 132, 152, 237, 100, 0
7, 401, 19, 401, 81, 13300859, 3, 1, 152, 275, 700, 750, 48, 132, 152, 237, 100, 0
7, 401, 19, 398, 115, 13300859, 2, 1, 132, 275, 700, 750, 48, 132, 152, 237, 100, 0
7, 401, 19, 401, 118, 13300859, 1, 1, 48, 275, 700, 750, 48, 132, 152, 237, 100, 0
7, 401, 19, 398, 155, 13300859, 4, 1, 237, 275, 700, 750, 48, 132, 152, 237, 100, 0
7, 401, 118, 398, 155, 13301518, 2, 1, 237, 48, 700, 750, 280, 237, 41, 10000000, 10000000, 0
7, 401, 118, 398, 178, 13301518, 1, 1, 280, 48, 700, 750, 280, 237, 41, 10000000, 10000000, 0
7, 398, 178, 421, 198, 13302177, 5, 1, 268, 280, 700, 750, 41, 201, 112, 221, 268, 0
7, 398, 178, 401, 326, 13302178, 1, 1, 41, 280, 700, 750, 41, 201, 112, 221, 268, 0
7, 398, 178, 398, 346, 13302178, 2, 1, 201, 280, 700, 750, 41, 201, 112, 221, 268, 0
7, 401, 326, 398, 346, 13302837, 4, 1, 201, 41, 700, 750, 198, 255, 256, 201, 104, 0
7, 401, 326, 398, 373, 13302837, 3, 1, 256, 41, 700, 750, 198, 255, 256, 201, 104, 0
7, 401, 326, 401, 434, 13302837, 2, 1, 255, 41, 700, 750, 198, 255, 256, 201, 104, 0
7, 401, 326, 401, 464, 13302837, 1, 1, 198, 41, 700, 750, 198, 255, 256, 201, 104, 0
7, 401, 326, 401, 502, 13302837, 5, 1, 104, 41, 700, 750, 198, 255, 256, 201, 104, 0
7, 401, 464, 401, 502, 13303496, 2, 1, 104, 198, 700, 750, 148, 104, 24, 160, 10000000, 0
7, 421, 198, 477, 201, 13318837, 4, 1, 49, 268, 700, 750, 41, 88, 112, 49, 216, 0
7, 421, 198, 490, 198, 13318837, 3, 1, 112, 268, 700, 750, 41, 88, 112, 49, 216, 0
7, 421, 198, 539, 198, 13318837, 2, 1, 88, 268, 700, 750, 41, 88, 112, 49, 216, 0
7, 539, 198, 558, 201, 13323496, 3, 1, 216, 88, 700, 750, 86, 266, 216, 131, 41, 0
7, 539, 198, 578, 201, 13323496, 2, 1, 266, 88, 700, 750, 86, 266, 216, 131, 41, 0
7, 539, 198, 674, 201, 13323496, 1, 1, 86, 88, 700, 750, 86, 266, 216, 131, 41, 0
241, 52, -1, 93, -1, 14300200, 4, 1, 147, 241, 700, 750, 8, 247, 243, 147, 144, 0
241, 52, -1, 106, 1, 14300200, 5, 1, 144, 241, 700, 750, 8, 247, 243, 147, 144, 0
241, 52, -1, 124, -1, 14300200, 1, 1, 8, 241, 700, 750, 8, 247, 243, 147, 144, 0
241, 52, -1, 138, 1, 14300200, 2, 1, 247, 241, 700, 750, 8, 247, 243, 147, 144, 0
241, 52, -1, 253, -1, 14300200, 3, 1, 243, 241, 700, 750, 8, 247, 243, 147, 144, 0
241, 124, -1, 138, 1, 14300859, 5, 1, 247, 8, 700, 750, 243, 278, 62, 285, 247, 0
241, 124, -1, 226, -1, 14300859, 4, 1, 285, 8, 700, 750, 243, 278, 62, 285, 247, 0
241, 124, -1, 253, -1, 14300859, 1, 1, 243, 8, 700, 750, 243, 278, 62, 285, 247, 0
241, 253, -1, 300, -1, 14301518, 3, 1, 164, 243, 700, 750, 7, 275, 164, 143, 98, 0
241, 253, -1, 304, 1, 14301518, 4, 1, 143, 243, 700, 750, 7, 275, 164, 143, 98, 0
241, 253, -1, 330, -1, 14301518, 1, 1, 7, 243, 700, 750, 7, 275, 164, 143, 98, 0
241, 330, -1, 401, 25, 14302178, 2, 1, 275, 7, 700, 750, 181, 275, 231, 152, 150, 0
241, 330, -1, 502, -1, 14302178, 5, 1, 150, 7, 700, 750, 181, 275, 231, 152, 150, 0
241, 330, -1, 514, 1, 14302178, 1, 1, 181, 7, 700, 750, 181, 275, 231, 152, 150, 0
241, 514, 1, 542, 1, 14302837, 5, 1, 253, 181, 700, 750, 149, 46, 91, 105, 253, 0
241, 514, 1, 729, -1, 14302838, 4, 1, 105, 181, 700, 750, 149, 46, 91, 105, 253, 0
241, 401, 25, 401, 58, 14306837, 5, 1, 231, 275, 700, 750, 48, 152, 132, 237, 231, 0
241, 401, 25, 401, 98, 14306837, 2, 1, 152, 275, 700, 750, 48, 152, 132, 237, 231, 0
241, 401, 25, 398, 101, 14306837, 3, 1, 132, 275, 700, 750, 48, 152, 132, 237, 231, 0
241, 401, 25, 401, 132, 14306837, 1, 1, 48, 275, 700, 750, 48, 152, 132, 237, 231, 0
241, 401, 25, 398, 143, 14306837, 4, 1, 237, 275, 700, 750, 48, 152, 132, 237, 231, 0
241, 401, 132, 398, 143, 14307496, 3, 1, 237, 48, 700, 750, 201, 280, 237, 41, 10000000, 0
241, 401, 132, 398, 171, 14307496, 2, 1, 280, 48, 700, 750, 201, 280, 237, 41, 10000000, 0
241, 401, 132, 401, 339, 14307497, 4, 1, 41, 48, 700, 750, 201, 280, 237, 41, 10000000, 0
241, 398, 171, 398, 289, 14312156, 2, 1, 111, 280, 700, 750, 41, 111, 221, 112, 268, 0
241, 729, -1, 742, 1, 14315497, 2, 1, 202, 105, 700, 750, 46, 202, 149, 188, 91, 0
241, 729, -1, 704, 1, 14315497, 4, 1, 188, 105, 700, 750, 46, 202, 149, 188, 91, 0
241, 729, -1, 662, 1, 14315497, 1, 1, 46, 105, 700, 750, 46, 202, 149, 188, 91, 0
241, 662, 1, 704, 1, 14316156, 1, 1, 188, 46, 700, 750, 188, 10000000, 10000000, 10000000, 10000000, 0
241, 398, 289, 401, 339, 14316815, 5, 1, 41, 111, 700, 750, 198, 255, 104, 256, 41, 0
241, 398, 289, 398, 365, 14316815, 4, 1, 256, 111, 700, 750, 198, 255, 104, 256, 41, 0
241, 398, 289, 401, 444, 14316815, 2, 1, 255, 111, 700, 750, 198, 255, 104, 256, 41, 0
241, 401, 339, 398, 365, 14320156, 4, 1, 256, 41, 700, 750, 198, 255, 104, 256, 10000000, 0
241, 401, 339, 401, 444, 14320156, 2, 1, 255, 41, 700, 750, 198, 255, 104, 256, 10000000, 0
241, 401, 339, 401, 477, 14320156, 1, 1, 198, 41, 700, 750, 198, 255, 104, 256, 10000000, 0
241, 401, 339, 401, 514, 14320156, 3, 1, 104, 41, 700, 750, 198, 255, 104, 256, 10000000, 0
241, 401, 477, 401, 514, 14320815, 1, 1, 104, 198, 700, 750, 104, 148, 24, 160, 10000000, 0
241, 401, 514, 401, 686, 14321475, 1, 1, 148, 104, 700, 750, 148, 10000000, 10000000, 10000000, 10000000, 0
241, 398, 365, 401, 444, 14329474, 3, 1, 255, 256, 700, 750, 104, 198, 255, 24, 160, 0
241, 398, 365, 401, 477, 14329474, 2, 1, 198, 256, 700, 750, 104, 198, 255, 24, 160, 0
241, 398, 365, 401, 514, 14329474, 1, 1, 104, 256, 700, 750, 104, 198, 255, 24, 160, 0
241, 401, 514, 401, 686, 14330134, 1, 1, 148, 104, 700, 750, 148, 10000000, 10000000, 10000000, 10000000, 0
170, 1, 322, 1, 360, 15300200, 3, 1, 32, 170, 700, 750, 182, 43, 32, 56, 10000000, 0
170, 1, 322, -1, 489, 15300200, 1, 1, 182, 170, 700, 750, 182, 43, 32, 56, 10000000, 0
170, -1, 489, 1, 548, 15300859, 5, 1, 43, 182, 700, 750, 236, 244, 195, 283, 43, 0
170, -1, 489, 1, 633, 15300860, 4, 1, 283, 182, 700, 750, 236, 244, 195, 283, 43, 0
170, 1, 633, 1, 666, 15313519, 5, 1, 244, 283, 700, 750, 236, 128, 157, 34, 244, 0
170, 1, 633, 1, 712, 15313519, 3, 1, 157, 283, 700, 750, 236, 128, 157, 34, 244, 0
56, 170, 198, 198, 231, 16300200, 4, 1, 13, 56, 700, 750, 218, 178, 267, 13, 153, 0
56, 170, 198, 201, 252, 16300200, 3, 1, 267, 56, 700, 750, 218, 178, 267, 13, 153, 0
56, 170, 198, 277, 201, 16300200, 2, 1, 178, 56, 700, 750, 218, 178, 267, 13, 153, 0
56, 170, 198, 317, 201, 16300200, 1, 1, 218, 56, 700, 750, 218, 178, 267, 13, 153, 0
56, 170, 198, 321, 198, 16300200, 5, 1, 153, 56, 700, 750, 218, 178, 267, 13, 153, 0
56, 317, 201, 420, 198, 16300859, 5, 1, 292, 218, 700, 750, 112, 221, 268, 49, 292, 0
56, 317, 201, 442, 201, 16300859, 4, 1, 49, 218, 700, 750, 112, 221, 268, 49, 292, 0
56, 317, 201, 449, 198, 16300859, 3, 1, 268, 218, 700, 750, 112, 221, 268, 49, 292, 0
56, 317, 201, 479, 198, 16300860, 2, 1, 221, 218, 700, 750, 112, 221, 268, 49, 292, 0
56, 479, 198, 520, 201, 16305519, 5, 1, 216, 221, 700, 750, 86, 112, 88, 266, 216, 0
56, 479, 198, 532, 198, 16305519, 2, 1, 112, 221, 700, 750, 86, 112, 88, 266, 216, 0
56, 479, 198, 551, 201, 16305519, 4, 1, 266, 221, 700, 750, 86, 112, 88, 266, 216, 0
56, 479, 198, 580, 198, 16305519, 3, 1, 88, 221, 700, 750, 86, 112, 88, 266, 216, 0
56, 479, 198, 632, 201, 16305519, 1, 1, 86, 221, 700, 750, 86, 112, 88, 266, 216, 0
56, 632, 201, 689, 201, 16306178, 3, 1, 194, 86, 700, 750, 274, 227, 194, 249, 120, 0
56, 632, 201, 714, 201, 16306178, 4, 1, 249, 86, 700, 750, 274, 227, 194, 249, 120, 0
56, 201, 252, 198, 313, 16308859, 5, 1, 206, 267, 700, 750, 265, 23, 259, 126, 206, 0
56, 201, 252, 201, 329, 16308859, 4, 1, 126, 267, 700, 750, 265, 23, 259, 126, 206, 0
56, 201, 252, 198, 359, 16308859, 3, 1, 259, 267, 700, 750, 265, 23, 259, 126, 206, 0
56, 198, 359, 201, 441, 16317518, 4, 1, 265, 259, 700, 750, 65, 186, 254, 265, 172, 0
56, 198, 359, 201, 567, 16317519, 1, 1, 65, 259, 700, 750, 65, 186, 254, 265, 172, 0
56, 201, 567, 198, 624, 16318178, 1, 1, 10, 65, 700, 750, 10, 191, 10000000, 10000000, 10000000, 0
56, 198, 624, 201, 728, 16318837, 1, 1, 191, 10, 700, 750, 191, 67, 248, 10000000, 10000000, 0
180, 198, 58, 198, 117, 17300200, 5, 1, 240, 180, 700, 750, 267, 226, 98, 117, 240, 0
180, 198, 58, 201, 134, 17300200, 4, 1, 117, 180, 700, 750, 267, 226, 98, 117, 240, 0
180, 198, 58, 201, 155, 17300200, 3, 1, 98, 180, 700, 750, 267, 226, 98, 117, 240, 0
180, 201, 155, 198, 254, 17308859, 3, 1, 174, 98, 700, 750, 259, 206, 174, 226, 267, 0
180, 201, 155, 201, 265, 17308859, 5, 1, 267, 98, 700, 750, 259, 206, 174, 226, 267, 0
180, 201, 155, 201, 291, 17308859, 4, 1, 226, 98, 700, 750, 259, 206, 174, 226, 267, 0
180, 201, 155, 198, 300, 17308859, 2, 1, 206, 98, 700, 750, 259, 206, 174, 226, 267, 0
180, 198, 300, 198, 349, 17313518, 5, 1, 259, 206, 700, 750, 265, 254, 23, 186, 259, 0
180, 198, 300, 201, 378, 17313519, 3, 1, 23, 206, 700, 750, 265, 254, 23, 186, 259, 0
180, 198, 300, 201, 453, 17313519, 1, 1, 265, 206, 700, 750, 265, 254, 23, 186, 259, 0
180, 201, 453, 201, 496, 17314178, 3, 1, 254, 265, 700, 750, 65, 186, 254, 251, 172, 0
180, 201, 453, 201, 541, 17314178, 2, 1, 186, 265, 700, 750, 65, 186, 254, 251, 172, 0
180, 201, 541, 201, 581, 17318837, 2, 1, 65, 186, 700, 750, 10, 65, 191, 172, 10000000, 0
180, 201, 541, 198, 610, 17318837, 1, 1, 10, 186, 700, 750, 10, 65, 191, 172, 10000000, 0
180, 198, 610, 226, 601, 17319496, 4, 1, 20, 10, 700, 750, 191, 67, 248, 20, 10000000, 0
180, 198, 610, 201, 742, 17319497, 1, 1, 191, 10, 700, 750, 191, 67, 248, 20, 10000000, 0
180, 226, 601, 367, 598, 17332156, 1, 1, 107, 20, 700, 750, 107, 156, 96, 16, 148, 0
180, 226, 601, 416, 601, 17332156, 4, 1, 16, 20, 700, 750, 107, 156, 96, 16, 148, 0
180, 367, 598, 398, 634, 17332815, 3, 1, 108, 107, 700, 750, 167, 16, 108, 156, 96, 0
180, 367, 598, 416, 601, 17332815, 2, 1, 16, 107, 700, 750, 167, 16, 108, 156, 96, 0
180, 367, 598, 471, 601, 17332815, 1, 1, 167, 107, 700, 750, 167, 16, 108, 156, 96, 0
180, 471, 601, 551, 598, 17333475, 4, 1, 156, 167, 700, 750, 250, 19, 96, 156, 122, 0
180, 471, 601, 577, 598, 17333475, 10000000, 1, 96, 167, 700, 750, 10000000, 10000000, 10000000, 10000000, 10000000, 0
180, 471, 601, 598, 611, 17333475, 10000000, 1, 19, 167, 700, 750, 10000000, 10000000, 10000000, 10000000, 10000000, 0
180, 471, 601, 619, 601, 17333475, 10000000, 1, 90, 167, 700, 750, 10000000, 10000000, 10000000, 10000000, 10000000, 0
180, 398, 634, 401, 724, 17341474, 1, 1, 148, 108, 700, 750, 148, 79, 10000000, 10000000, 10000000, 0
180, 398, 634, 401, 774, 17341475, 2, 1, 79, 108, 700, 750, 148, 79, 10000000, 10000000, 10000000, 0
180, 619, 601, 601, 581, 17344725, 10000000, 2, 21, 90, 700, 750, 10000000, 10000000, 10000000, 10000000, 10000000, 0
180, 619, 601, 677, 601, 17344725, 10000000, 2, 137, 90, 700, 750, 10000000, 10000000, 10000000, 10000000, 10000000, 0
180, 619, 601, 694, 598, 17344725, 10000000, 2, 250, 90, 700, 750, 10000000, 10000000, 10000000, 10000000, 10000000, 0
180, 619, 601, 705, 601, 17344725, 10000000, 2, 228, 90, 700, 750, 10000000, 10000000, 10000000, 10000000, 10000000, 0
180, 619, 601, 728, 598, 17344725, 10000000, 2, 122, 90, 700, 750, 10000000, 10000000, 10000000, 10000000, 10000000, 0
180, 619, 601, 774, 598, 17344725, 10000000, 2, 84, 90, 700, 750, 10000000, 10000000, 10000000, 10000000, 10000000, 0
180, 401, 774, 401, 724, 17346134, 1, 1, 148, 79, 700, 750, 148, 10000000, 10000000, 10000000, 10000000, 0
180, 694, 598, 743, 601, 17354463, 10000000, 3, 273, 250, 700, 750, 10000000, 10000000, 10000000, 10000000, 10000000, 0
180, 694, 598, 828, 601, 17354463, 10000000, 3, 70, 250, 700, 750, 10000000, 10000000, 10000000, 10000000, 10000000, 0
180, 601, 581, 598, 541, 17355595, 10000000, 3, 287, 21, 700, 750, 10000000, 10000000, 10000000, 10000000, 10000000, 0
180, 601, 581, 598, 508, 17355595, 10000000, 3, 220, 21, 700, 750, 10000000, 10000000, 10000000, 10000000, 10000000, 0
180, 601, 581, 598, 672, 17355595, 10000000, 3, 185, 21, 700, 750, 10000000, 10000000, 10000000, 10000000, 10000000, 0
180, 601, 581, 598, 694, 17355595, 10000000, 3, 213, 21, 700, 750, 10000000, 10000000, 10000000, 10000000, 10000000, 0
180, 601, 581, 598, 461, 17355595, 10000000, 3, 124, 21, 700, 750, 10000000, 10000000, 10000000, 10000000, 10000000, 0
180, 601, 581, 598, 428, 17355595, 10000000, 3, 85, 21, 700, 750, 10000000, 10000000, 10000000, 10000000, 10000000, 0
180, 828, 601, 856, 601, 17363777, 10000000, 4, 183, 70, 700, 750, 10000000, 10000000, 10000000, 10000000, 10000000, 0
180, 828, 601, 904, 601, 17363777, 10000000, 4, 233, 70, 700, 750, 10000000, 10000000, 10000000, 10000000, 10000000, 0
180, 828, 601, 943, 598, 17363777, 10000000, 4, 142, 70, 700, 750, 10000000, 10000000, 10000000, 10000000, 10000000, 0
180, 774, 598, 798, 636, 17364692, 10000000, 3, 37, 84, 700, 750, 10000000, 10000000, 10000000, 10000000, 10000000, 0
180, 774, 598, 976, 598, 17364693, 10000000, 3, 9, 84, 700, 750, 10000000, 10000000, 10000000, 10000000, 10000000, 0
180, 798, 636, 798, 675, 17364989, 10000000, 4, 165, 37, 700, 750, 10000000, 10000000, 10000000, 10000000, 10000000, 0
180, 798, 636, 801, 692, 17364989, 10000000, 4, 238, 37, 700, 750, 10000000, 10000000, 10000000, 10000000, 10000000, 0
180, 798, 636, 801, 734, 17364989, 10000000, 4, 125, 37, 700, 750, 10000000, 10000000, 10000000, 10000000, 10000000, 0
180, 798, 636, 801, 774, 17364989, 10000000, 4, 94, 37, 700, 750, 10000000, 10000000, 10000000, 10000000, 10000000, 0
180, 598, 611, 598, 741, 17369093, 10000000, 2, 263, 19, 700, 750, 10000000, 10000000, 10000000, 10000000, 10000000, 0
180, 598, 611, 598, 770, 17369093, 10000000, 2, 296, 19, 700, 750, 10000000, 10000000, 10000000, 10000000, 10000000, 0
180, 598, 611, 601, 782, 17369093, 10000000, 2, 4, 19, 700, 750, 10000000, 10000000, 10000000, 10000000, 10000000, 0
180, 598, 694, 598, 833, 17369463, 10000000, 4, 109, 213, 700, 750, 10000000, 10000000, 10000000, 10000000, 10000000, 0
180, 801, 692, 798, 826, 17374528, 10000000, 5, 74, 238, 700, 750, 10000000, 10000000, 10000000, 10000000, 10000000, 0
180, 798, 826, 780, 798, 17384642, 10000000, 6, 6, 74, 700, 750, 10000000, 10000000, 10000000, 10000000, 10000000, 0
180, 798, 826, 746, 798, 17384642, 10000000, 6, 175, 74, 700, 750, 10000000, 10000000, 10000000, 10000000, 10000000, 0
180, 798, 826, 801, 897, 17384642, 10000000, 6, 225, 74, 700, 750, 10000000, 10000000, 10000000, 10000000, 10000000, 0
180, 601, 782, 579, 798, 17390692, 10000000, 3, 82, 4, 700, 750, 10000000, 10000000, 10000000, 10000000, 10000000, 0
180, 601, 782, 573, 801, 17390692, 10000000, 3, 294, 4, 700, 750, 10000000, 10000000, 10000000, 10000000, 10000000, 0
180, 746, 798, 691, 798, 17391563, 10000000, 7, 217, 175, 700, 750, 10000000, 10000000, 10000000, 10000000, 10000000, 0
180, 746, 798, 853, 798, 17391564, 10000000, 7, 272, 175, 700, 750, 10000000, 10000000, 10000000, 10000000, 10000000, 0
180, 746, 798, 863, 801, 17391564, 10000000, 7, 177, 175, 700, 750, 10000000, 10000000, 10000000, 10000000, 10000000, 0
180, 863, 801, 839, 801, 17398417, 10000000, 8, 51, 177, 700, 750, 10000000, 10000000, 10000000, 10000000, 10000000, 0
180, 579, 798, 543, 801, 17407267, 10000000, 4, 271, 82, 700, 750, 10000000, 10000000, 10000000, 10000000, 10000000, 0
180, 579, 798, 496, 801, 17407268, 10000000, 4, 234, 82, 700, 750, 10000000, 10000000, 10000000, 10000000, 10000000, 0
180, 579, 798, 460, 801, 17407268, 10000000, 4, 135, 82, 700, 750, 10000000, 10000000, 10000000, 10000000, 10000000, 0
180, 801, 774, 801, 932, 17410056, 10000000, 5, 127, 94, 700, 750, 10000000, 10000000, 10000000, 10000000, 10000000, 0
180, 780, 798, 900, 798, 17425247, 10000000, 7, 200, 6, 700, 750, 10000000, 10000000, 10000000, 10000000, 10000000, 0
180, 780, 798, 903, 801, 17425247, 10000000, 7, 229, 6, 700, 750, 10000000, 10000000, 10000000, 10000000, 10000000, 0
180, 780, 798, 943, 801, 17425247, 10000000, 7, 284, 6, 700, 750, 10000000, 10000000, 10000000, 10000000, 10000000, 0
180, 780, 798, 944, 798, 17425247, 10000000, 7, 192, 6, 700, 750, 10000000, 10000000, 10000000, 10000000, 10000000, 0
180, 573, 801, 438, 801, 17436784, 10000000, 4, 33, 294, 700, 750, 10000000, 10000000, 10000000, 10000000, 10000000, 0
38, 3, 2, 146, -1, 18300200, 5, 1, 147, 38, 700, 750, 62, 60, 11, 8, 147, 0
38, 3, 2, 169, -1, 18300200, 4, 1, 8, 38, 700, 750, 62, 60, 11, 8, 147, 0
38, 3, 2, 1, 186, 18300200, 3, 1, 11, 38, 700, 750, 62, 60, 11, 8, 147, 0
38, 3, 2, 198, 7, 18300200, 2, 1, 60, 38, 700, 750, 62, 60, 11, 8, 147, 0
38, 198, 7, 201, 100, 18304859, 5, 1, 212, 60, 700, 750, 98, 117, 7, 240, 212, 0
38, 198, 7, 198, 108, 18304859, 4, 1, 240, 60, 700, 750, 98, 117, 7, 240, 212, 0
38, 1, 186, 11, 201, 18308859, 5, 1, 17, 11, 700, 750, 168, 170, 64, 32, 17, 0
38, 1, 186, -1, 208, 18308859, 3, 1, 64, 11, 700, 750, 168, 170, 64, 32, 17, 0
38, 1, 186, -1, 247, 18308859, 1, 1, 168, 11, 700, 750, 168, 170, 64, 32, 17, 0
38, 1, 186, 1, 367, 18308860, 2, 1, 170, 11, 700, 750, 168, 170, 64, 32, 17, 0
38, -1, 247, 2, 394, 18309519, 1, 1, 32, 168, 700, 750, 32, 170, 50, 182, 43, 0
38, 2, 394, 27, 401, 18310178, 3, 1, 83, 32, 700, 750, 239, 151, 83, 245, 182, 0
38, 2, 394, 54, 401, 18310178, 2, 1, 151, 32, 700, 750, 239, 151, 83, 245, 182, 0
38, 2, 394, -1, 455, 18310178, 5, 1, 182, 32, 700, 750, 239, 151, 83, 245, 182, 0
38, 2, 394, 90, 401, 18310178, 1, 1, 239, 32, 700, 750, 239, 151, 83, 245, 182, 0
38, 2, 394, -1, 493, 18310178, 4, 1, 245, 32, 700, 750, 239, 151, 83, 245, 182, 0
38, 90, 401, 153, 398, 18310837, 2, 1, 110, 239, 700, 750, 251, 110, 265, 18, 254, 0
38, 90, 401, 208, 401, 18310837, 4, 1, 18, 239, 700, 750, 251, 110, 265, 18, 254, 0
38, 153, 398, 208, 401, 18315496, 3, 1, 18, 110, 700, 750, 162, 251, 18, 265, 172, 0
38, 153, 398, 281, 401, 18315497, 1, 1, 162, 110, 700, 750, 162, 251, 18, 265, 172, 0
38, 153, 398, 319, 398, 18315497, 2, 1, 251, 110, 700, 750, 162, 251, 18, 265, 172, 0
38, 281, 401, 361, 398, 18316156, 4, 1, 172, 162, 700, 750, 138, 160, 45, 172, 53, 0
38, 281, 401, 384, 398, 18316156, 3, 1, 45, 162, 700, 750, 138, 160, 45, 172, 53, 0
38, 281, 401, 418, 401, 18316156, 5, 1, 53, 162, 700, 750, 138, 160, 45, 172, 53, 0
38, 281, 401, 448, 401, 18316156, 1, 1, 138, 162, 700, 750, 138, 160, 45, 172, 53, 0
38, 448, 401, 537, 398, 18316816, 2, 1, 160, 138, 700, 750, 24, 160, 81, 118, 114, 0
38, 448, 401, 586, 398, 18316816, 1, 1, 24, 138, 700, 750, 24, 160, 81, 118, 114, 0
38, 448, 401, 622, 401, 18316816, 3, 1, 81, 138, 700, 750, 24, 160, 81, 118, 114, 0
38, 586, 398, 598, 448, 18317475, 2, 1, 124, 24, 700, 750, 220, 124, 211, 260, 118, 0
38, 586, 398, 651, 401, 18317475, 5, 1, 118, 24, 700, 750, 220, 124, 211, 260, 118, 0
38, 586, 398, 598, 497, 18317475, 1, 1, 220, 24, 700, 750, 220, 124, 211, 260, 118, 0
38, 586, 398, 707, 401, 18317475, 3, 1, 211, 24, 700, 750, 220, 124, 211, 260, 118, 0
38, 198, 108, 189, 198, 18317519, 5, 1, 56, 240, 700, 750, 267, 174, 226, 13, 56, 0
38, 198, 108, 198, 209, 18317519, 4, 1, 13, 240, 700, 750, 267, 174, 226, 13, 56, 0
38, 198, 108, 198, 240, 18317519, 2, 1, 174, 240, 700, 750, 267, 174, 226, 13, 56, 0
38, 598, 497, 598, 529, 18318134, 3, 1, 287, 220, 700, 750, 21, 19, 287, 185, 250, 0
38, 598, 497, 601, 589, 18318134, 10000000, 1, 21, 220, 700, 750, 10000000, 10000000, 10000000, 10000000, 10000000, 0
38, 598, 497, 598, 605, 18318134, 10000000, 1, 19, 220, 700, 750, 10000000, 10000000, 10000000, 10000000, 10000000, 0
38, 598, 497, 598, 661, 18318135, 10000000, 1, 185, 220, 700, 750, 10000000, 10000000, 10000000, 10000000, 10000000, 0
38, 198, 240, 198, 336, 18322178, 5, 1, 259, 174, 700, 750, 23, 18, 126, 265, 259, 0
38, 198, 240, 201, 358, 18322178, 3, 1, 126, 174, 700, 750, 23, 18, 126, 265, 259, 0
38, 198, 240, 201, 387, 18322178, 1, 1, 23, 174, 700, 750, 23, 18, 126, 265, 259, 0
38, -1, 493, 1, 585, 18322837, 2, 1, 43, 245, 700, 750, 2, 43, 283, 244, 157, 0
38, 201, 387, 208, 401, 18322837, 4, 1, 18, 23, 700, 750, 186, 254, 265, 18, 65, 0
38, -1, 493, -1, 601, 18322837, 1, 1, 2, 245, 700, 750, 2, 43, 283, 244, 157, 0
38, 201, 387, 201, 466, 18322838, 3, 1, 265, 23, 700, 750, 186, 254, 265, 18, 65, 0
38, 201, 387, 201, 510, 18322838, 2, 1, 254, 23, 700, 750, 186, 254, 265, 18, 65, 0
38, -1, 601, 9, 601, 18323497, 5, 1, 103, 2, 700, 750, 128, 236, 244, 283, 103, 0
38, -1, 601, 1, 669, 18323497, 4, 1, 283, 2, 700, 750, 128, 236, 244, 283, 103, 0
38, 208, 401, 281, 401, 18323497, 4, 1, 162, 18, 700, 750, 45, 172, 251, 162, 186, 0
38, -1, 601, 1, 705, 18323497, 3, 1, 244, 2, 700, 750, 128, 236, 244, 283, 103, 0
38, 208, 401, 320, 398, 18323497, 3, 1, 251, 18, 700, 750, 45, 172, 251, 162, 186, 0
38, -1, 601, 110, 598, 18323497, 2, 1, 236, 2, 700, 750, 128, 236, 244, 283, 103, 0
38, 208, 401, 361, 398, 18323497, 2, 1, 172, 18, 700, 750, 45, 172, 251, 162, 186, 0
38, 208, 401, 201, 555, 18323497, 5, 1, 186, 18, 700, 750, 45, 172, 251, 162, 186, 0
38, -1, 601, 150, 598, 18323497, 1, 1, 128, 2, 700, 750, 128, 236, 244, 283, 103, 0
38, 208, 401, 384, 398, 18323497, 1, 1, 45, 18, 700, 750, 45, 172, 251, 162, 186, 0
38, 150, 598, 172, 598, 18324156, 5, 1, 34, 128, 700, 750, 107, 20, 65, 10, 34, 0
38, 384, 398, 401, 390, 18324156, 4, 1, 41, 45, 700, 750, 160, 138, 53, 41, 255, 0
38, 150, 598, 198, 596, 18324156, 4, 1, 10, 128, 700, 750, 107, 20, 65, 10, 34, 0
38, 150, 598, 201, 595, 18324156, 3, 1, 65, 128, 700, 750, 107, 20, 65, 10, 34, 0
38, 384, 398, 418, 401, 18324156, 3, 1, 53, 45, 700, 750, 160, 138, 53, 41, 255, 0
38, 150, 598, 216, 601, 18324156, 2, 1, 20, 128, 700, 750, 107, 20, 65, 10, 34, 0
38, 384, 398, 448, 401, 18324156, 2, 1, 138, 45, 700, 750, 160, 138, 53, 41, 255, 0
38, 384, 398, 401, 500, 18324156, 5, 1, 255, 45, 700, 750, 160, 138, 53, 41, 255, 0
38, 384, 398, 537, 398, 18324157, 1, 1, 160, 45, 700, 750, 160, 138, 53, 41, 255, 0
38, 537, 398, 587, 398, 18324816, 5, 1, 24, 160, 700, 750, 260, 118, 85, 211, 24, 0
38, 537, 398, 598, 417, 18324816, 3, 1, 85, 160, 700, 750, 260, 118, 85, 211, 24, 0
38, 537, 398, 651, 401, 18324816, 2, 1, 118, 160, 700, 750, 260, 118, 85, 211, 24, 0
38, 537, 398, 707, 401, 18324816, 4, 1, 211, 160, 700, 750, 260, 118, 85, 211, 24, 0
38, 537, 398, 734, 401, 18324816, 1, 1, 260, 160, 700, 750, 260, 118, 85, 211, 24, 0
38, 734, 401, 707, 401, 18325475, 1, 1, 211, 260, 700, 750, 211, 140, 10000000, 10000000, 10000000, 0
38, 598, 529, 612, 601, 18326793, 10000000, 1, 90, 287, 700, 750, 10000000, 10000000, 10000000, 10000000, 10000000, 0
38, 598, 529, 598, 682, 18326794, 10000000, 1, 213, 287, 700, 750, 10000000, 10000000, 10000000, 10000000, 10000000, 0
38, 418, 401, 448, 401, 18332815, 3, 1, 138, 53, 700, 750, 24, 160, 138, 81, 114, 0
38, 418, 401, 537, 398, 18332816, 2, 1, 160, 53, 700, 750, 24, 160, 138, 81, 114, 0
38, 418, 401, 587, 398, 18332816, 1, 1, 24, 53, 700, 750, 24, 160, 138, 81, 114, 0
38, 598, 417, 598, 448, 18333475, 5, 1, 124, 85, 700, 750, 21, 287, 220, 19, 124, 0
38, 587, 398, 651, 401, 18333475, 5, 1, 118, 24, 700, 750, 220, 124, 211, 260, 118, 0
38, 598, 417, 598, 496, 18333475, 3, 1, 220, 85, 700, 750, 21, 287, 220, 19, 124, 0
38, 598, 417, 598, 529, 18333475, 2, 1, 287, 85, 700, 750, 21, 287, 220, 19, 124, 0
38, 587, 398, 734, 401, 18333475, 4, 1, 260, 24, 700, 750, 220, 124, 211, 260, 118, 0
38, 651, 401, 707, 401, 18334134, 1, 1, 211, 118, 700, 750, 211, 260, 10000000, 10000000, 10000000, 0
38, 651, 401, 734, 401, 18334134, 2, 1, 260, 118, 700, 750, 211, 260, 10000000, 10000000, 10000000, 0
38, 598, 529, 598, 727, 18338135, 10000000, 1, 263, 287, 700, 750, 10000000, 10000000, 10000000, 10000000, 10000000, 0
38, 734, 401, 707, 401, 18338793, 1, 1, 211, 260, 700, 750, 211, 140, 10000000, 10000000, 10000000, 0
38, 201, 555, 201, 596, 18340156, 2, 1, 65, 186, 700, 750, 10, 65, 191, 10000000, 10000000, 0
38, 201, 555, 198, 596, 18340156, 1, 1, 10, 186, 700, 750, 10, 65, 191, 10000000, 10000000, 0
38, 198, 596, 201, 596, 18340815, 4, 1, 65, 10, 700, 750, 107, 20, 191, 65, 67, 0
38, 198, 596, 216, 601, 18340815, 2, 1, 20, 10, 700, 750, 107, 20, 191, 65, 67, 0
38, 401, 500, 401, 529, 18340816, 4, 1, 198, 255, 700, 750, 24, 104, 108, 198, 10000000, 0
38, 401, 500, 401, 561, 18340816, 2, 1, 104, 255, 700, 750, 24, 104, 108, 198, 10000000, 0
38, 198, 596, 201, 792, 18340816, 5, 1, 67, 10, 700, 750, 107, 20, 191, 65, 67, 0
38, 201, 596, 216, 601, 18344815, 2, 1, 20, 65, 700, 750, 107, 20, 67, 191, 10000000, 0
38, 216, 601, 380, 598, 18345475, 1, 1, 107, 20, 700, 750, 107, 156, 96, 16, 10000000, 0
38, 401, 561, 410, 601, 18345475, 3, 1, 16, 104, 700, 750, 148, 108, 16, 10000000, 10000000, 0
38, 401, 561, 398, 620, 18345475, 2, 1, 108, 104, 700, 750, 148, 108, 16, 10000000, 10000000, 0
38, 601, 589, 586, 598, 18345604, 10000000, 2, 96, 21, 700, 750, 10000000, 10000000, 10000000, 10000000, 10000000, 0
38, 601, 589, 565, 598, 18345605, 10000000, 2, 156, 21, 700, 750, 10000000, 10000000, 10000000, 10000000, 10000000, 0
38, 601, 589, 666, 601, 18345605, 10000000, 2, 137, 21, 700, 750, 10000000, 10000000, 10000000, 10000000, 10000000, 0
38, 601, 589, 691, 601, 18345605, 10000000, 2, 228, 21, 700, 750, 10000000, 10000000, 10000000, 10000000, 10000000, 0
38, 601, 589, 707, 598, 18345605, 10000000, 2, 250, 21, 700, 750, 10000000, 10000000, 10000000, 10000000, 10000000, 0
38, 601, 589, 730, 601, 18345605, 10000000, 2, 273, 21, 700, 750, 10000000, 10000000, 10000000, 10000000, 10000000, 0
38, 601, 589, 459, 601, 18345605, 10000000, 2, 167, 21, 700, 750, 10000000, 10000000, 10000000, 10000000, 10000000, 0
38, 601, 589, 598, 761, 18345605, 10000000, 2, 296, 21, 700, 750, 10000000, 10000000, 10000000, 10000000, 10000000, 0
38, 612, 601, 741, 598, 18346032, 10000000, 2, 122, 90, 700, 750, 10000000, 10000000, 10000000, 10000000, 10000000, 0
38, 612, 601, 784, 598, 18346032, 10000000, 2, 84, 90, 700, 750, 10000000, 10000000, 10000000, 10000000, 10000000, 0
38, 380, 598, 398, 620, 18346134, 3, 1, 108, 107, 700, 750, 167, 16, 108, 156, 96, 0
38, 380, 598, 410, 601, 18346134, 2, 1, 16, 107, 700, 750, 167, 16, 108, 156, 96, 0
38, 380, 598, 459, 601, 18346134, 1, 1, 167, 107, 700, 750, 167, 16, 108, 156, 96, 0
38, 598, 761, 601, 789, 18349156, 10000000, 3, 4, 296, 700, 750, 10000000, 10000000, 10000000, 10000000, 10000000, 0
38, 598, 761, 587, 798, 18349156, 10000000, 3, 82, 296, 700, 750, 10000000, 10000000, 10000000, 10000000, 10000000, 0
38, 598, 761, 598, 820, 18349156, 10000000, 3, 109, 296, 700, 750, 10000000, 10000000, 10000000, 10000000, 10000000, 0
38, 398, 620, 410, 601, 18350134, 3, 1, 16, 108, 700, 750, 148, 79, 16, 10000000, 10000000, 0
38, 398, 620, 401, 737, 18350134, 1, 1, 148, 108, 700, 750, 148, 79, 16, 10000000, 10000000, 0
38, 691, 601, 817, 601, 18350262, 10000000, 3, 70, 228, 700, 750, 10000000, 10000000, 10000000, 10000000, 10000000, 0
38, 691, 601, 842, 601, 18350262, 10000000, 3, 183, 228, 700, 750, 10000000, 10000000, 10000000, 10000000, 10000000, 0
38, 410, 601, 459, 601, 18350793, 3, 1, 167, 16, 700, 750, 156, 96, 167, 90, 287, 0
38, 410, 601, 565, 598, 18350793, 1, 1, 156, 16, 700, 750, 156, 96, 167, 90, 287, 0
38, 587, 798, 565, 801, 18357075, 10000000, 4, 294, 82, 700, 750, 10000000, 10000000, 10000000, 10000000, 10000000, 0
38, 587, 798, 531, 801, 18357075, 10000000, 4, 271, 82, 700, 750, 10000000, 10000000, 10000000, 10000000, 10000000, 0
38, 587, 798, 482, 801, 18357075, 10000000, 4, 234, 82, 700, 750, 10000000, 10000000, 10000000, 10000000, 10000000, 0
38, 587, 798, 609, 1001, 18357076, 10000000, 4, 36, 82, 700, 750, 10000000, 10000000, 10000000, 10000000, 10000000, 0
38, 201, 792, 240, 801, 18357475, 5, 1, 196, 67, 700, 750, 130, 258, 248, 204, 196, 0
38, 201, 792, 292, 801, 18357475, 4, 1, 204, 67, 700, 750, 130, 258, 248, 204, 196, 0
38, 201, 792, 321, 798, 18357475, 3, 1, 248, 67, 700, 750, 130, 258, 248, 204, 196, 0
38, 201, 792, 330, 801, 18357475, 2, 1, 258, 67, 700, 750, 130, 258, 248, 204, 196, 0
38, 201, 792, 347, 798, 18357475, 1, 1, 130, 67, 700, 750, 130, 258, 248, 204, 196, 0
38, 347, 798, 365, 801, 18358134, 4, 1, 288, 130, 700, 750, 234, 52, 3, 288, 135, 0
38, 347, 798, 384, 798, 18358134, 3, 1, 3, 130, 700, 750, 234, 52, 3, 288, 135, 0
38, 347, 798, 398, 822, 18358134, 2, 1, 52, 130, 700, 750, 234, 52, 3, 288, 135, 0
38, 347, 798, 449, 801, 18358135, 5, 1, 135, 130, 700, 750, 234, 52, 3, 288, 135, 0
38, 398, 822, 401, 787, 18362794, 1, 1, 79, 52, 700, 750, 79, 148, 108, 10000000, 10000000, 0
38, 398, 822, 401, 737, 18362794, 2, 1, 148, 52, 700, 750, 79, 148, 108, 10000000, 10000000, 0
38, 565, 801, 427, 801, 18363056, 10000000, 5, 33, 294, 700, 750, 10000000, 10000000, 10000000, 10000000, 10000000, 0
38, 401, 787, 401, 737, 18363453, 1, 1, 148, 79, 700, 750, 148, 10000000, 10000000, 10000000, 10000000, 0
38, 601, 789, 704, 798, 18367795, 10000000, 4, 217, 4, 700, 750, 10000000, 10000000, 10000000, 10000000, 10000000, 0
38, 601, 789, 760, 798, 18367796, 10000000, 4, 175, 4, 700, 750, 10000000, 10000000, 10000000, 10000000, 10000000, 0
38, 601, 789, 798, 813, 18367796, 10000000, 4, 74, 4, 700, 750, 10000000, 10000000, 10000000, 10000000, 10000000, 0
38, 598, 820, 596, 995, 18372105, 10000000, 4, 42, 109, 700, 750, 10000000, 10000000, 10000000, 10000000, 10000000, 0
38, 784, 598, 798, 624, 18383579, 10000000, 3, 37, 84, 700, 750, 10000000, 10000000, 10000000, 10000000, 10000000, 0
38, 784, 598, 798, 663, 18383579, 10000000, 3, 165, 84, 700, 750, 10000000, 10000000, 10000000, 10000000, 10000000, 0
38, 784, 598, 892, 601, 18383579, 10000000, 3, 233, 84, 700, 750, 10000000, 10000000, 10000000, 10000000, 10000000, 0
38, 784, 598, 801, 705, 18383579, 10000000, 3, 238, 84, 700, 750, 10000000, 10000000, 10000000, 10000000, 10000000, 0
38, 798, 663, 801, 747, 18384713, 10000000, 4, 125, 165, 700, 750, 10000000, 10000000, 10000000, 10000000, 10000000, 0
38, 798, 663, 801, 786, 18384713, 10000000, 4, 94, 165, 700, 750, 10000000, 10000000, 10000000, 10000000, 10000000, 0
38, 842, 601, 957, 598, 18392091, 10000000, 4, 142, 183, 700, 750, 10000000, 10000000, 10000000, 10000000, 10000000, 0
38, 842, 601, 985, 598, 18392091, 10000000, 4, 9, 183, 700, 750, 10000000, 10000000, 10000000, 10000000, 10000000, 0
38, 798, 813, 788, 798, 18392810, 10000000, 5, 6, 74, 700, 750, 10000000, 10000000, 10000000, 10000000, 10000000, 0
38, 798, 813, 828, 801, 18392810, 10000000, 5, 51, 74, 700, 750, 10000000, 10000000, 10000000, 10000000, 10000000, 0
38, 798, 813, 852, 801, 18392810, 10000000, 5, 177, 74, 700, 750, 10000000, 10000000, 10000000, 10000000, 10000000, 0
38, 798, 813, 866, 798, 18392810, 10000000, 5, 272, 74, 700, 750, 10000000, 10000000, 10000000, 10000000, 10000000, 0
38, 798, 813, 801, 910, 18392810, 10000000, 5, 225, 74, 700, 750, 10000000, 10000000, 10000000, 10000000, 10000000, 0
38, 798, 813, 801, 943, 18392810, 10000000, 5, 127, 74, 700, 750, 10000000, 10000000, 10000000, 10000000, 10000000, 0
38, 817, 601, 998, 596, 18399567, 10000000, 4, 39, 70, 700, 750, 10000000, 10000000, 10000000, 10000000, 10000000, 0
38, 760, 798, 913, 798, 18405771, 10000000, 5, 200, 175, 700, 750, 10000000, 10000000, 10000000, 10000000, 10000000, 0
38, 760, 798, 930, 801, 18405771, 10000000, 5, 284, 175, 700, 750, 10000000, 10000000, 10000000, 10000000, 10000000, 0
38, 760, 798, 992, 798, 18405771, 10000000, 5, 57, 175, 700, 750, 10000000, 10000000, 10000000, 10000000, 10000000, 0
38, 788, 798, 889, 801, 18427311, 10000000, 6, 229, 6, 700, 750, 10000000, 10000000, 10000000, 10000000, 10000000, 0
38, 788, 798, 956, 798, 18427311, 10000000, 6, 192, 6, 700, 750, 10000000, 10000000, 10000000, 10000000, 10000000, 0
215, 75, 201, 152, 198, 19300200, 3, 1, 197, 215, 700, 750, 13, 56, 197, 71, 178, 0
215, 75, 201, 192, 198, 19300200, 2, 1, 56, 215, 700, 750, 13, 56, 197, 71, 178, 0
215, 75, 201, 199, 204, 19300200, 1, 1, 13, 215, 700, 750, 13, 56, 197, 71, 178, 0
215, 75, 201, 219, 201, 19300200, 4, 1, 71, 215, 700, 750, 13, 56, 197, 71, 178, 0
215, 199, 204, 201, 292, 19300859, 5, 1, 267, 13, 700, 750, 23, 126, 264, 226, 267, 0
215, 199, 204, 201, 317, 19300859, 4, 1, 226, 13, 700, 750, 23, 126, 264, 226, 267, 0
215, 199, 204, 319, 201, 19300859, 3, 1, 264, 13, 700, 750, 23, 126, 264, 226, 267, 0
215, 199, 204, 201, 371, 19300859, 2, 1, 126, 13, 700, 750, 23, 126, 264, 226, 267, 0
215, 201, 371, 201, 392, 19305519, 4, 1, 23, 126, 700, 750, 254, 265, 18, 23, 186, 0
215, 201, 371, 208, 401, 19305519, 3, 1, 18, 126, 700, 750, 254, 265, 18, 23, 186, 0
215, 201, 371, 201, 479, 19305519, 2, 1, 265, 126, 700, 750, 254, 265, 18, 23, 186, 0
215, 319, 201, 391, 198, 19309519, 4, 1, 27, 264, 700, 750, 49, 221, 268, 27, 292, 0
215, 319, 201, 412, 201, 19309519, 1, 1, 49, 264, 700, 750, 49, 221, 268, 27, 292, 0
215, 412, 201, 516, 201, 19310178, 4, 1, 266, 49, 700, 750, 86, 88, 112, 266, 221, 0
215, 412, 201, 518, 198, 19310178, 5, 1, 221, 49, 700, 750, 86, 88, 112, 266, 221, 0
215, 201, 479, 201, 523, 19310178, 4, 1, 254, 265, 700, 750, 65, 10, 186, 254, 251, 0
215, 201, 479, 201, 568, 19310178, 3, 1, 186, 265, 700, 750, 65, 10, 186, 254, 251, 0
215, 412, 201, 573, 198, 19310178, 3, 1, 112, 49, 700, 750, 86, 88, 112, 266, 221, 0
215, 201, 479, 198, 582, 19310178, 2, 1, 10, 265, 700, 750, 65, 10, 186, 254, 251, 0
215, 412, 201, 593, 200, 19310178, 2, 1, 88, 49, 700, 750, 86, 88, 112, 266, 221, 0
215, 201, 479, 201, 609, 19310178, 1, 1, 65, 265, 700, 750, 65, 10, 186, 254, 251, 0
215, 201, 609, 210, 601, 19310837, 2, 1, 20, 65, 700, 750, 107, 20, 191, 10000000, 10000000, 0
215, 201, 609, 387, 598, 19310838, 1, 1, 107, 65, 700, 750, 107, 20, 191, 10000000, 10000000, 0
215, 387, 598, 398, 608, 19311497, 3, 1, 108, 107, 700, 750, 167, 16, 108, 156, 104, 0
215, 387, 598, 406, 600, 19311497, 2, 1, 16, 107, 700, 750, 167, 16, 108, 156, 104, 0
215, 387, 598, 401, 573, 19311497, 5, 1, 104, 107, 700, 750, 167, 16, 108, 156, 104, 0
215, 387, 598, 448, 601, 19311497, 1, 1, 167, 107, 700, 750, 167, 16, 108, 156, 104, 0
215, 387, 598, 575, 598, 19311498, 10000000, 1, 156, 107, 700, 750, 10000000, 10000000, 10000000, 10000000, 10000000, 0
215, 448, 601, 592, 598, 19312157, 10000000, 1, 96, 167, 700, 750, 10000000, 10000000, 10000000, 10000000, 10000000, 0
215, 448, 601, 601, 592, 19312157, 10000000, 1, 21, 167, 700, 750, 10000000, 10000000, 10000000, 10000000, 10000000, 0
215, 593, 200, 598, 206, 19314837, 3, 1, 47, 88, 700, 750, 187, 194, 47, 131, 86, 0
215, 593, 200, 608, 201, 19314837, 5, 1, 86, 88, 700, 750, 187, 194, 47, 131, 86, 0
215, 593, 200, 598, 239, 19314837, 1, 1, 187, 88, 700, 750, 187, 194, 47, 131, 86, 0
215, 593, 200, 657, 201, 19314837, 2, 1, 194, 88, 700, 750, 187, 194, 47, 131, 86, 0
215, 593, 200, 754, 198, 19314838, 4, 1, 131, 88, 700, 750, 187, 194, 47, 131, 86, 0
215, 598, 239, 598, 435, 19315497, 1, 1, 124, 187, 700, 750, 124, 85, 220, 21, 10000000, 0
215, 598, 435, 598, 485, 19316156, 5, 1, 220, 124, 700, 750, 21, 96, 19, 287, 220, 0
215, 598, 435, 598, 516, 19316156, 4, 1, 287, 124, 700, 750, 21, 96, 19, 287, 220, 0
215, 598, 435, 600, 601, 19316157, 10000000, 1, 19, 124, 700, 750, 10000000, 10000000, 10000000, 10000000, 10000000, 0
215, 598, 435, 608, 601, 19316157, 10000000, 1, 90, 124, 700, 750, 10000000, 10000000, 10000000, 10000000, 10000000, 0
215, 600, 601, 598, 649, 19318569, 10000000, 2, 185, 19, 700, 750, 10000000, 10000000, 10000000, 10000000, 10000000, 0
215, 600, 601, 655, 601, 19318569, 10000000, 2, 137, 19, 700, 750, 10000000, 10000000, 10000000, 10000000, 10000000, 0
215, 600, 601, 598, 671, 19318569, 10000000, 2, 213, 19, 700, 750, 10000000, 10000000, 10000000, 10000000, 10000000, 0
215, 600, 601, 678, 601, 19318569, 10000000, 2, 228, 19, 700, 750, 10000000, 10000000, 10000000, 10000000, 10000000, 0
215, 600, 601, 598, 713, 19318569, 10000000, 2, 263, 19, 700, 750, 10000000, 10000000, 10000000, 10000000, 10000000, 0
215, 600, 601, 718, 601, 19318569, 10000000, 2, 273, 19, 700, 750, 10000000, 10000000, 10000000, 10000000, 10000000, 0
215, 600, 601, 598, 751, 19318569, 10000000, 2, 296, 19, 700, 750, 10000000, 10000000, 10000000, 10000000, 10000000, 0
215, 600, 601, 753, 598, 19318569, 10000000, 2, 122, 19, 700, 750, 10000000, 10000000, 10000000, 10000000, 10000000, 0
215, 600, 601, 598, 808, 19318569, 10000000, 2, 109, 19, 700, 750, 10000000, 10000000, 10000000, 10000000, 10000000, 0
215, 657, 201, 678, 201, 19319497, 4, 1, 249, 194, 700, 750, 274, 227, 120, 249, 10000000, 0
215, 598, 751, 601, 793, 19320624, 10000000, 3, 4, 296, 700, 750, 10000000, 10000000, 10000000, 10000000, 10000000, 0
215, 598, 751, 591, 798, 19320624, 10000000, 3, 82, 296, 700, 750, 10000000, 10000000, 10000000, 10000000, 10000000, 0
215, 601, 592, 719, 598, 19322723, 10000000, 2, 250, 21, 700, 750, 10000000, 10000000, 10000000, 10000000, 10000000, 0
215, 601, 592, 591, 398, 19322723, 10000000, 2, 24, 21, 700, 750, 10000000, 10000000, 10000000, 10000000, 10000000, 0
215, 601, 592, 798, 614, 19322723, 10000000, 2, 37, 21, 700, 750, 10000000, 10000000, 10000000, 10000000, 10000000, 0
215, 678, 601, 791, 598, 19324363, 10000000, 3, 84, 228, 700, 750, 10000000, 10000000, 10000000, 10000000, 10000000, 0
215, 678, 601, 810, 601, 19324363, 10000000, 3, 70, 228, 700, 750, 10000000, 10000000, 10000000, 10000000, 10000000, 0
215, 678, 601, 829, 601, 19324363, 10000000, 3, 183, 228, 700, 750, 10000000, 10000000, 10000000, 10000000, 10000000, 0
215, 678, 601, 881, 601, 19324363, 10000000, 3, 233, 228, 700, 750, 10000000, 10000000, 10000000, 10000000, 10000000, 0
215, 401, 573, 406, 600, 19328156, 2, 1, 16, 104, 700, 750, 108, 16, 148, 10000000, 10000000, 0
215, 401, 573, 398, 607, 19328156, 1, 1, 108, 104, 700, 750, 108, 16, 148, 10000000, 10000000, 0
215, 398, 607, 406, 600, 19328815, 3, 1, 16, 108, 700, 750, 167, 148, 16, 10000000, 10000000, 0
215, 398, 607, 448, 601, 19328815, 1, 1, 167, 108, 700, 750, 167, 148, 16, 10000000, 10000000, 0
215, 601, 793, 555, 801, 19334501, 10000000, 4, 294, 4, 700, 750, 10000000, 10000000, 10000000, 10000000, 10000000, 0
215, 601, 793, 518, 801, 19334501, 10000000, 4, 271, 4, 700, 750, 10000000, 10000000, 10000000, 10000000, 10000000, 0
215, 601, 793, 717, 798, 19334502, 10000000, 4, 217, 4, 700, 750, 10000000, 10000000, 10000000, 10000000, 10000000, 0
215, 601, 793, 791, 798, 19334502, 10000000, 4, 6, 4, 700, 750, 10000000, 10000000, 10000000, 10000000, 10000000, 0
215, 601, 793, 598, 989, 19334502, 10000000, 4, 42, 4, 700, 750, 10000000, 10000000, 10000000, 10000000, 10000000, 0
215, 601, 793, 798, 799, 19334502, 10000000, 4, 74, 4, 700, 750, 10000000, 10000000, 10000000, 10000000, 10000000, 0
215, 601, 793, 398, 810, 19334502, 10000000, 4, 52, 4, 700, 750, 10000000, 10000000, 10000000, 10000000, 10000000, 0
215, 598, 808, 467, 801, 19346392, 10000000, 3, 234, 109, 700, 750, 10000000, 10000000, 10000000, 10000000, 10000000, 0
215, 598, 808, 417, 801, 19346392, 10000000, 3, 33, 109, 700, 750, 10000000, 10000000, 10000000, 10000000, 10000000, 0
215, 598, 808, 606, 1000, 19346392, 10000000, 3, 36, 109, 700, 750, 10000000, 10000000, 10000000, 10000000, 10000000, 0
215, 829, 601, 969, 598, 19352432, 10000000, 4, 142, 183, 700, 750, 10000000, 10000000, 10000000, 10000000, 10000000, 0
215, 810, 601, 798, 652, 19352979, 10000000, 4, 165, 70, 700, 750, 10000000, 10000000, 10000000, 10000000, 10000000, 0
215, 810, 601, 801, 717, 19352980, 10000000, 4, 238, 70, 700, 750, 10000000, 10000000, 10000000, 10000000, 10000000, 0
215, 810, 601, 798, 454, 19352980, 10000000, 4, 140, 70, 700, 750, 10000000, 10000000, 10000000, 10000000, 10000000, 0
215, 810, 601, 801, 759, 19352980, 10000000, 4, 125, 70, 700, 750, 10000000, 10000000, 10000000, 10000000, 10000000, 0
215, 810, 601, 801, 427, 19352980, 10000000, 4, 58, 70, 700, 750, 10000000, 10000000, 10000000, 10000000, 10000000, 0
215, 810, 601, 802, 794, 19352980, 10000000, 4, 94, 70, 700, 750, 10000000, 10000000, 10000000, 10000000, 10000000, 0
215, 810, 601, 797, 407, 19352980, 10000000, 4, 87, 70, 700, 750, 10000000, 10000000, 10000000, 10000000, 10000000, 0
215, 798, 614, 788, 398, 19354799, 10000000, 3, 35, 37, 700, 750, 10000000, 10000000, 10000000, 10000000, 10000000, 0
215, 801, 759, 801, 922, 19359558, 10000000, 5, 225, 125, 700, 750, 10000000, 10000000, 10000000, 10000000, 10000000, 0
215, 555, 801, 437, 801, 19360029, 10000000, 5, 135, 294, 700, 750, 10000000, 10000000, 10000000, 10000000, 10000000, 0
215, 555, 801, 401, 800, 19360029, 10000000, 5, 79, 294, 700, 750, 10000000, 10000000, 10000000, 10000000, 10000000, 0
215, 555, 801, 389, 798, 19360029, 10000000, 5, 3, 294, 700, 750, 10000000, 10000000, 10000000, 10000000, 10000000, 0
215, 555, 801, 334, 798, 19360029, 10000000, 5, 248, 294, 700, 750, 10000000, 10000000, 10000000, 10000000, 10000000, 0
215, 717, 798, 772, 798, 19363365, 10000000, 5, 175, 217, 700, 750, 10000000, 10000000, 10000000, 10000000, 10000000, 0
215, 717, 798, 818, 801, 19363365, 10000000, 5, 51, 217, 700, 750, 10000000, 10000000, 10000000, 10000000, 10000000, 0
215, 717, 798, 839, 801, 19363365, 10000000, 5, 177, 217, 700, 750, 10000000, 10000000, 10000000, 10000000, 10000000, 0
215, 791, 598, 990, 598, 19366643, 10000000, 4, 9, 84, 700, 750, 10000000, 10000000, 10000000, 10000000, 10000000, 0
215, 839, 801, 875, 801, 19375885, 10000000, 6, 229, 177, 700, 750, 10000000, 10000000, 10000000, 10000000, 10000000, 0
215, 839, 801, 879, 798, 19375885, 10000000, 6, 272, 177, 700, 750, 10000000, 10000000, 10000000, 10000000, 10000000, 0
215, 839, 801, 916, 801, 19375885, 10000000, 6, 284, 177, 700, 750, 10000000, 10000000, 10000000, 10000000, 10000000, 0
215, 839, 801, 926, 798, 19375885, 10000000, 6, 200, 177, 700, 750, 10000000, 10000000, 10000000, 10000000, 10000000, 0
215, 839, 801, 968, 798, 19375885, 10000000, 6, 192, 177, 700, 750, 10000000, 10000000, 10000000, 10000000, 10000000, 0
215, 839, 801, 998, 801, 19375886, 10000000, 6, 101, 177, 700, 750, 10000000, 10000000, 10000000, 10000000, 10000000, 0
215, 798, 799, 801, 955, 19383473, 10000000, 5, 127, 74, 700, 750, 10000000, 10000000, 10000000, 10000000, 10000000, 0
215, 818, 801, 992, 798, 19402574, 10000000, 6, 57, 51, 700, 750, 10000000, 10000000, 10000000, 10000000, 10000000, 0
