source_x,source_y,recv_x,recv_y,time,recv_priority,hopcount,recv_id,source_id,destination_id,destination_x,destination_y,pri_1,pri_2,pri_3,pri_4,pri_5
157, 1, 212, -1, 10300200, 5, 1, 365, 150, 211, 835, 798, 98, 7, 266, 123, 365
157, 1, 219, -1, 10300200, 3, 1, 266, 150, 211, 835, 798, 98, 7, 266, 123, 365
157, 1, 201, 49, 10300200, 4, 1, 123, 150, 211, 835, 798, 98, 7, 266, 123, 365
157, 1, 280, -1, 10300200, 2, 1, 7, 150, 211, 835, 798, 98, 7, 266, 123, 365
280, -1, 354, 1, 10304859, 4, 2, 149, 7, 211, 835, 798, 288, 320, 254, 149, 156
201, 49, 201, 76, 10312859, 1, 2, 98, 123, 211, 835, 798, 98, 132, 263, 60, 199
201, 49, 198, 105, 10312859, 4, 2, 60, 123, 211, 835, 798, 98, 132, 263, 60, 199
201, 49, 198, 153, 10312859, 5, 2, 199, 123, 211, 835, 798, 98, 132, 263, 60, 199
201, 49, 198, 179, 10312859, 3, 2, 263, 123, 211, 835, 798, 98, 132, 263, 60, 199
201, 76, 198, 153, 10313518, 3, 3, 199, 98, 211, 835, 798, 344, 368, 199, 263, 249
201, 76, 198, 179, 10313518, 4, 3, 263, 98, 211, 835, 798, 344, 368, 199, 263, 249
201, 76, 198, 187, 10313518, 1, 3, 344, 98, 211, 835, 798, 344, 368, 199, 263, 249
201, 76, 201, 212, 10313518, 2, 3, 368, 98, 211, 835, 798, 344, 368, 199, 263, 249
198, 187, 201, 245, 10314177, 5, 4, 132, 344, 211, 835, 798, 363, 366, 13, 27, 132
198, 187, 198, 315, 10314178, 3, 4, 13, 344, 211, 835, 798, 363, 366, 13, 27, 132
198, 187, 198, 387, 10314178, 2, 4, 366, 344, 211, 835, 798, 363, 366, 13, 27, 132
354, 1, 420, -1, 10317518, 2, 3, 288, 149, 211, 835, 798, 298, 288, 105, 338, 291
198, 387, 219, 398, 10318837, 5, 5, 274, 366, 211, 835, 798, 65, 188, 45, 205, 274
198, 387, 248, 398, 10318837, 2, 5, 188, 366, 211, 835, 798, 65, 188, 45, 205, 274
198, 387, 201, 446, 10318837, 4, 5, 205, 366, 211, 835, 798, 65, 188, 45, 205, 274
198, 387, 201, 486, 10318837, 1, 5, 65, 366, 211, 835, 798, 65, 188, 45, 205, 274
201, 486, 198, 532, 10319496, 4, 6, 113, 65, 211, 835, 798, 276, 210, 222, 113, 45
201, 486, 198, 564, 10319496, 3, 6, 222, 65, 211, 835, 798, 276, 210, 222, 113, 45
201, 486, 201, 618, 10319497, 1, 6, 276, 65, 211, 835, 798, 276, 210, 222, 113, 45
201, 618, 201, 645, 10320156, 5, 7, 210, 276, 211, 835, 798, 295, 324, 107, 67, 210
201, 618, 201, 691, 10320156, 4, 7, 67, 276, 211, 835, 798, 295, 324, 107, 67, 210
420, -1, 488, -1, 10322178, 2, 4, 5, 288, 211, 835, 798, 48, 5, 158, 61, 200
420, -1, 515, 1, 10322178, 4, 4, 61, 288, 211, 835, 798, 48, 5, 158, 61, 200
420, -1, 561, 1, 10322178, 5, 4, 200, 288, 211, 835, 798, 48, 5, 158, 61, 200
248, 398, 283, 398, 10323496, 3, 6, 45, 188, 211, 835, 798, 372, 278, 45, 335, 168
248, 398, 354, 401, 10323496, 5, 6, 168, 188, 211, 835, 798, 372, 278, 45, 335, 168
248, 398, 379, 401, 10323496, 2, 6, 278, 188, 211, 835, 798, 372, 278, 45, 335, 168
248, 398, 387, 401, 10323496, 4, 6, 335, 188, 211, 835, 798, 372, 278, 45, 335, 168
248, 398, 412, 398, 10323497, 1, 6, 372, 188, 211, 835, 798, 372, 278, 45, 335, 168
412, 398, 445, 398, 10324156, 5, 7, 166, 372, 211, 835, 798, 144, 53, 24, 104, 166
412, 398, 401, 467, 10324156, 4, 7, 104, 372, 211, 835, 798, 144, 53, 24, 104, 166
412, 398, 486, 398, 10324156, 3, 7, 24, 372, 211, 835, 798, 144, 53, 24, 104, 166
412, 398, 515, 401, 10324156, 2, 7, 53, 372, 211, 835, 798, 144, 53, 24, 104, 166
412, 398, 554, 401, 10324156, 1, 7, 144, 372, 211, 835, 798, 144, 53, 24, 104, 166
554, 401, 601, 419, 10324815, 5, 8, 286, 144, 211, 835, 798, 367, 179, 35, 21, 286
554, 401, 601, 445, 10324815, 2, 8, 179, 144, 211, 835, 798, 367, 179, 35, 21, 286
554, 401, 683, 398, 10324815, 3, 8, 35, 144, 211, 835, 798, 367, 179, 35, 21, 286
488, -1, 580, 1, 10326837, 2, 5, 298, 5, 211, 835, 798, 338, 298, 291, 220, 155
488, -1, 587, 1, 10326837, 1, 5, 338, 5, 211, 835, 798, 338, 298, 291, 220, 155
488, -1, 634, -1, 10326837, 4, 5, 220, 5, 211, 835, 798, 338, 298, 291, 220, 155
587, 1, 601, 44, 10327496, 5, 6, 155, 338, 211, 835, 798, 285, 183, 91, 12, 155
587, 1, 601, 85, 10327496, 3, 6, 91, 338, 211, 835, 798, 285, 183, 91, 12, 155
587, 1, 598, 110, 10327496, 4, 6, 12, 338, 211, 835, 798, 285, 183, 91, 12, 155
587, 1, 598, 147, 10327496, 2, 6, 183, 338, 211, 835, 798, 285, 183, 91, 12, 155
587, 1, 598, 179, 10327497, 1, 6, 285, 338, 211, 835, 798, 285, 183, 91, 12, 155
598, 179, 620, 198, 10328156, 3, 7, 287, 285, 211, 835, 798, 114, 137, 287, 102, 47
598, 179, 601, 262, 10328156, 1, 7, 114, 285, 211, 835, 798, 114, 137, 287, 102, 47
598, 179, 598, 315, 10328156, 5, 7, 47, 285, 211, 835, 798, 114, 137, 287, 102, 47
601, 262, 598, 315, 10328815, 1, 8, 47, 114, 211, 835, 798, 47, 206, 286, 290, 347
601, 262, 598, 378, 10328815, 4, 8, 290, 114, 211, 835, 798, 47, 206, 286, 290, 347
601, 262, 601, 412, 10328815, 5, 8, 347, 114, 211, 835, 798, 47, 206, 286, 290, 347
598, 315, 598, 378, 10329474, 5, 9, 290, 47, 211, 835, 798, 21, 179, 286, 347, 290
601, 445, 601, 488, 10329474, 1, 9, 21, 179, 211, 835, 798, 21, 332, 85, 130, 243
601, 445, 598, 515, 10329474, 3, 9, 85, 179, 211, 835, 798, 21, 332, 85, 130, 243
601, 445, 598, 552, 10329475, 4, 9, 130, 179, 211, 835, 798, 21, 332, 85, 130, 243
601, 488, 598, 515, 10330133, 5, 10, 85, 21, 211, 835, 798, 332, 130, 186, 243, 85
601, 488, 598, 552, 10330134, 2, 10, 130, 21, 211, 835, 798, 332, 130, 186, 243, 85
601, 488, 598, 580, 10330134, 4, 10, 243, 21, 211, 835, 798, 332, 130, 186, 243, 85
601, 488, 598, 587, 10330134, 1, 10, 332, 21, 211, 835, 798, 332, 130, 186, 243, 85
601, 488, 601, 647, 10330134, 3, 10, 186, 21, 211, 835, 798, 332, 130, 186, 243, 85
598, 587, 643, 598, 10330793, 2, 11, 128, 332, 211, 835, 798, 4, 128, 84, 186, 309
598, 587, 601, 647, 10330793, 4, 11, 186, 332, 211, 835, 798, 4, 128, 84, 186, 309
598, 587, 601, 690, 10330793, 1, 11, 4, 332, 211, 835, 798, 4, 128, 84, 186, 309
601, 690, 598, 751, 10331452, 4, 12, 204, 4, 211, 835, 798, 309, 393, 360, 204, 236
601, 690, 598, 778, 10331452, 5, 12, 236, 4, 211, 835, 798, 309, 393, 360, 204, 236
601, 690, 598, 787, 10331452, 1, 12, 309, 4, 211, 835, 798, 309, 393, 360, 204, 236
601, 690, 598, 787, 10331452, 3, 12, 360, 4, 211, 835, 798, 309, 393, 360, 204, 236
601, 690, 598, 787, 10331452, 2, 12, 393, 4, 211, 835, 798, 309, 393, 360, 204, 236
598, 787, 612, 798, 10332111, 4, 13, 337, 309, 211, 835, 798, 6, 194, 240, 337, 248
598, 787, 618, 798, 10332111, 3, 13, 240, 309, 211, 835, 798, 6, 194, 240, 337, 248
598, 787, 646, 798, 10332112, 2, 13, 194, 309, 211, 835, 798, 6, 194, 240, 337, 248
598, 787, 685, 798, 10332112, 1, 13, 6, 309, 211, 835, 798, 6, 194, 240, 337, 248
201, 691, 198, 757, 10332815, 5, 8, 178, 67, 211, 835, 798, 295, 246, 324, 107, 178
201, 691, 198, 780, 10332815, 1, 8, 295, 67, 211, 835, 798, 295, 246, 324, 107, 178
201, 691, 201, 812, 10332815, 3, 8, 324, 67, 211, 835, 798, 295, 246, 324, 107, 178
198, 780, 220, 798, 10333474, 5, 9, 271, 295, 211, 835, 798, 246, 324, 136, 3, 271
198, 780, 201, 812, 10333474, 2, 9, 324, 295, 211, 835, 798, 246, 324, 136, 3, 271
198, 780, 201, 820, 10333474, 1, 9, 246, 295, 211, 835, 798, 246, 324, 136, 3, 271
683, 398, 779, 401, 10333475, 5, 9, 234, 35, 211, 835, 798, 283, 398, 367, 306, 234
683, 398, 787, 401, 10333475, 4, 9, 306, 35, 211, 835, 798, 283, 398, 367, 306, 234
683, 398, 787, 401, 10333475, 3, 9, 367, 35, 211, 835, 798, 283, 398, 367, 306, 234
683, 398, 787, 401, 10333475, 2, 9, 398, 35, 211, 835, 798, 283, 398, 367, 306, 234
683, 398, 819, 398, 10333475, 1, 9, 283, 35, 211, 835, 798, 283, 398, 367, 306, 234
201, 820, 220, 798, 10334133, 3, 10, 271, 246, 211, 835, 798, 3, 136, 271, 10000000, 10000000
201, 820, 247, 798, 10334133, 2, 10, 136, 246, 211, 835, 798, 3, 136, 271, 10000000, 10000000
643, 598, 787, 601, 10335452, 2, 12, 377, 128, 211, 835, 798, 371, 377, 318, 251, 277
643, 598, 801, 612, 10335452, 1, 12, 371, 128, 211, 835, 798, 371, 377, 318, 251, 277
643, 598, 821, 598, 10335452, 5, 12, 277, 128, 211, 835, 798, 371, 377, 318, 251, 277
801, 612, 801, 640, 10336111, 4, 13, 131, 371, 211, 835, 798, 94, 248, 37, 131, 171
801, 612, 801, 683, 10336112, 1, 13, 94, 371, 211, 835, 798, 94, 248, 37, 131, 171
801, 612, 798, 719, 10336112, 3, 13, 37, 371, 211, 835, 798, 94, 248, 37, 131, 171
801, 612, 798, 755, 10336112, 5, 13, 171, 371, 211, 835, 798, 94, 248, 37, 131, 171
801, 683, 798, 719, 10336771, 2, 14, 37, 94, 211, 835, 798, 171, 37, 297, 133, 248
801, 683, 798, 755, 10336771, 1, 14, 171, 94, 211, 835, 798, 171, 37, 297, 133, 248
801, 683, 798, 777, 10336771, 3, 14, 297, 94, 211, 835, 798, 171, 37, 297, 133, 248
801, 683, 801, 847, 10336771, 4, 14, 133, 94, 211, 835, 798, 171, 37, 297, 133, 248
401, 467, 398, 533, 10336815, 1, 8, 115, 104, 211, 835, 798, 115, 154, 24, 10000000, 10000000
620, 198, 779, 201, 10336815, 5, 8, 272, 287, 211, 835, 798, 316, 350, 345, 385, 272
620, 198, 787, 201, 10336815, 3, 8, 345, 287, 211, 835, 798, 316, 350, 345, 385, 272
620, 198, 812, 198, 10336815, 1, 8, 316, 287, 211, 835, 798, 316, 350, 345, 385, 272
401, 467, 401, 638, 10336815, 2, 8, 154, 104, 211, 835, 798, 115, 154, 24, 10000000, 10000000
798, 755, 798, 777, 10337430, 5, 15, 297, 171, 211, 835, 798, 223, 301, 211, 248, 297
798, 755, 812, 798, 10337430, 2, 15, 301, 171, 211, 835, 798, 223, 301, 211, 248, 297
798, 755, 801, 821, 10337430, 4, 15, 248, 171, 211, 835, 798, 223, 301, 211, 248, 297
812, 198, 801, 212, 10337474, 4, 9, 319, 316, 211, 835, 798, 58, 126, 250, 319, 345
812, 198, 801, 219, 10337474, 3, 9, 250, 316, 211, 835, 798, 58, 126, 250, 319, 345
812, 198, 787, 201, 10337474, 5, 9, 345, 316, 211, 835, 798, 58, 126, 250, 319, 345
398, 533, 401, 638, 10337474, 2, 9, 154, 115, 211, 835, 798, 79, 154, 162, 96, 215
812, 198, 801, 246, 10337474, 2, 9, 126, 316, 211, 835, 798, 58, 126, 250, 319, 345
398, 533, 401, 680, 10337475, 1, 9, 79, 115, 211, 835, 798, 79, 154, 162, 96, 215
401, 680, 398, 728, 10338134, 4, 10, 108, 79, 211, 835, 798, 292, 96, 177, 108, 31
401, 680, 401, 821, 10338134, 1, 10, 292, 79, 211, 835, 798, 292, 96, 177, 108, 31
401, 680, 401, 843, 10338134, 3, 10, 177, 79, 211, 835, 798, 292, 96, 177, 108, 31
247, 798, 276, 798, 10338793, 2, 11, 3, 136, 211, 835, 798, 215, 3, 227, 292, 352
445, 398, 486, 398, 10340815, 1, 8, 24, 166, 211, 835, 798, 24, 53, 104, 144, 347
445, 398, 515, 401, 10340815, 2, 8, 53, 166, 211, 835, 798, 24, 53, 104, 144, 347
445, 398, 554, 401, 10340815, 4, 8, 144, 166, 211, 835, 798, 24, 53, 104, 144, 347
445, 398, 601, 412, 10340815, 5, 8, 347, 166, 211, 835, 798, 24, 53, 104, 144, 347
486, 398, 515, 401, 10341474, 4, 9, 53, 24, 211, 835, 798, 144, 286, 120, 53, 347
601, 419, 601, 445, 10341474, 3, 9, 179, 286, 211, 835, 798, 21, 332, 179, 130, 85
601, 419, 601, 488, 10341474, 1, 9, 21, 286, 211, 835, 798, 21, 332, 179, 130, 85
601, 419, 598, 515, 10341475, 5, 9, 85, 286, 211, 835, 798, 21, 332, 179, 130, 85
601, 419, 598, 552, 10341475, 4, 9, 130, 286, 211, 835, 798, 21, 332, 179, 130, 85
812, 798, 822, 798, 10342089, 2, 16, 223, 301, 211, 835, 798, 211, 223, 10000000, 10000000, 10000000
812, 798, 849, 798, 10342089, 211, 16, 211, 301, 211, 835, 798, 211, 223, 10000000, 10000000, 10000000
201, 212, 201, 298, 11300200, 3, 1, 23, 313, 57, 900, 798, 229, 193, 23, 27, 13
201, 212, 198, 301, 11300200, 5, 1, 13, 313, 57, 900, 798, 229, 193, 23, 27, 13
201, 212, 198, 338, 11300200, 2, 1, 193, 313, 57, 900, 798, 229, 193, 23, 27, 13
201, 212, 198, 371, 11300200, 1, 1, 229, 313, 57, 900, 798, 229, 193, 23, 27, 13
198, 371, 198, 387, 11300859, 5, 2, 305, 229, 57, 900, 798, 336, 399, 386, 366, 305
198, 371, 198, 387, 11300859, 4, 2, 366, 229, 57, 900, 798, 336, 399, 386, 366, 305
198, 371, 198, 387, 11300859, 3, 2, 386, 229, 57, 900, 798, 336, 399, 386, 366, 305
198, 371, 198, 387, 11300859, 2, 2, 399, 229, 57, 900, 798, 336, 399, 386, 366, 305
198, 371, 187, 401, 11300859, 1, 2, 336, 229, 57, 900, 798, 336, 399, 386, 366, 305
187, 401, 201, 459, 11301518, 5, 3, 205, 336, 57, 900, 798, 45, 395, 188, 65, 205
187, 401, 261, 398, 11301518, 3, 3, 188, 336, 57, 900, 798, 45, 395, 188, 65, 205
187, 401, 201, 499, 11301518, 4, 3, 65, 336, 57, 900, 798, 45, 395, 188, 65, 205
187, 401, 296, 398, 11301518, 1, 3, 45, 336, 57, 900, 798, 45, 395, 188, 65, 205
296, 398, 373, 401, 11302178, 4, 4, 278, 45, 57, 900, 798, 381, 335, 395, 278, 300
296, 398, 387, 401, 11302178, 2, 4, 335, 45, 57, 900, 798, 381, 335, 395, 278, 300
296, 398, 401, 412, 11302178, 1, 4, 381, 45, 57, 900, 798, 381, 335, 395, 278, 300
296, 398, 401, 412, 11302178, 3, 4, 395, 45, 57, 900, 798, 381, 335, 395, 278, 300
401, 412, 401, 440, 11302837, 5, 5, 217, 381, 57, 900, 798, 24, 115, 104, 166, 217
401, 412, 457, 398, 11302837, 4, 5, 166, 381, 57, 900, 798, 24, 115, 104, 166, 217
401, 412, 401, 479, 11302837, 3, 5, 104, 381, 57, 900, 798, 24, 115, 104, 166, 217
401, 412, 398, 522, 11302837, 2, 5, 115, 381, 57, 900, 798, 24, 115, 104, 166, 217
398, 522, 401, 648, 11307497, 2, 6, 154, 115, 57, 900, 798, 79, 154, 162, 96, 215
398, 522, 401, 693, 11307497, 1, 6, 79, 115, 57, 900, 798, 79, 154, 162, 96, 215
401, 693, 398, 715, 11308156, 5, 7, 108, 79, 57, 900, 798, 96, 177, 162, 292, 108
401, 693, 401, 827, 11308156, 4, 7, 292, 79, 57, 900, 798, 96, 177, 162, 292, 108
401, 693, 401, 854, 11308156, 2, 7, 177, 79, 57, 900, 798, 96, 177, 162, 292, 108
401, 854, 401, 827, 11312815, 3, 8, 292, 177, 57, 900, 798, 82, 181, 292, 10000000, 10000000
201, 499, 198, 520, 11314178, 4, 4, 113, 65, 57, 900, 798, 210, 276, 222, 113, 45
201, 499, 198, 554, 11314178, 3, 4, 222, 65, 57, 900, 798, 210, 276, 222, 113, 45
201, 499, 201, 623, 11314178, 2, 4, 276, 65, 57, 900, 798, 210, 276, 222, 113, 45
457, 398, 499, 398, 11315496, 4, 6, 24, 166, 57, 900, 798, 120, 144, 53, 24, 104
457, 398, 503, 401, 11315496, 3, 6, 53, 166, 57, 900, 798, 120, 144, 53, 24, 104
457, 398, 543, 401, 11315496, 2, 6, 144, 166, 57, 900, 798, 120, 144, 53, 24, 104
201, 623, 201, 657, 11318837, 3, 5, 210, 276, 57, 900, 798, 107, 67, 210, 10, 55
201, 623, 198, 697, 11318837, 4, 5, 10, 276, 57, 900, 798, 107, 67, 210, 10, 55
201, 623, 201, 706, 11318837, 2, 5, 67, 276, 57, 900, 798, 107, 67, 210, 10, 55
543, 401, 601, 426, 11320156, 5, 7, 286, 144, 57, 900, 798, 35, 179, 120, 21, 286
543, 401, 695, 398, 11320156, 1, 7, 35, 144, 57, 900, 798, 35, 179, 120, 21, 286
695, 398, 746, 401, 11320815, 5, 8, 124, 35, 57, 900, 798, 398, 367, 306, 234, 124
695, 398, 773, 401, 11320815, 4, 8, 234, 35, 57, 900, 798, 398, 367, 306, 234, 124
695, 398, 787, 401, 11320815, 3, 8, 306, 35, 57, 900, 798, 398, 367, 306, 234, 124
695, 398, 787, 401, 11320815, 2, 8, 367, 35, 57, 900, 798, 398, 367, 306, 234, 124
695, 398, 787, 401, 11320815, 1, 8, 398, 35, 57, 900, 798, 398, 367, 306, 234, 124
787, 401, 826, 398, 11321474, 5, 9, 283, 398, 57, 900, 798, 111, 87, 93, 139, 283
787, 401, 856, 398, 11321474, 4, 9, 139, 398, 57, 900, 798, 111, 87, 93, 139, 283
787, 401, 801, 481, 11321474, 1, 9, 111, 398, 57, 900, 798, 111, 87, 93, 139, 283
787, 401, 798, 505, 11321474, 2, 9, 87, 398, 57, 900, 798, 111, 87, 93, 139, 283
787, 401, 895, 398, 11321475, 3, 9, 93, 398, 57, 900, 798, 111, 87, 93, 139, 283
801, 481, 798, 505, 11322133, 4, 10, 87, 111, 57, 900, 798, 371, 131, 280, 87, 334
801, 481, 798, 573, 11322134, 3, 10, 280, 111, 57, 900, 798, 371, 131, 280, 87, 334
801, 481, 801, 612, 11322134, 1, 10, 371, 111, 57, 900, 798, 371, 131, 280, 87, 334
801, 481, 801, 651, 11322134, 2, 10, 131, 111, 57, 900, 798, 371, 131, 280, 87, 334
801, 612, 801, 629, 11322793, 4, 11, 261, 371, 57, 900, 798, 94, 131, 37, 261, 171
801, 612, 801, 651, 11322793, 2, 11, 131, 371, 57, 900, 798, 94, 131, 37, 261, 171
801, 612, 801, 696, 11322793, 1, 11, 94, 371, 57, 900, 798, 94, 131, 37, 261, 171
801, 612, 798, 707, 11322793, 3, 11, 37, 371, 57, 900, 798, 94, 131, 37, 261, 171
801, 612, 798, 744, 11322793, 5, 11, 171, 371, 57, 900, 798, 94, 131, 37, 261, 171
801, 696, 798, 707, 11323452, 4, 12, 37, 94, 57, 900, 798, 248, 171, 297, 37, 133
801, 696, 798, 744, 11323452, 2, 12, 171, 94, 57, 900, 798, 248, 171, 297, 37, 133
801, 696, 798, 770, 11323452, 3, 12, 297, 94, 57, 900, 798, 248, 171, 297, 37, 133
201, 706, 198, 773, 11323496, 4, 6, 295, 67, 57, 900, 798, 324, 107, 246, 295, 190
201, 706, 201, 812, 11323497, 1, 6, 324, 67, 57, 900, 798, 324, 107, 246, 295, 190
201, 706, 201, 826, 11323497, 3, 6, 246, 67, 57, 900, 798, 324, 107, 246, 295, 190
201, 706, 201, 858, 11323497, 5, 6, 190, 67, 57, 900, 798, 324, 107, 246, 295, 190
201, 812, 226, 798, 11324156, 3, 7, 271, 324, 57, 900, 798, 3, 136, 271, 10000000, 10000000
201, 812, 259, 798, 11324156, 2, 7, 136, 324, 57, 900, 798, 3, 136, 271, 10000000, 10000000
398, 715, 401, 827, 11324815, 3, 8, 292, 108, 57, 900, 798, 82, 181, 292, 177, 10000000
398, 715, 401, 854, 11324815, 4, 8, 177, 108, 57, 900, 798, 82, 181, 292, 177, 10000000
798, 744, 813, 798, 11328111, 1, 13, 301, 171, 57, 900, 798, 301, 211, 223, 57, 248
813, 798, 829, 798, 11328771, 5, 14, 223, 301, 57, 900, 798, 57, 51, 211, 196, 223
813, 798, 862, 798, 11328771, 3, 14, 211, 301, 57, 900, 798, 57, 51, 211, 196, 223
813, 798, 905, 798, 11328771, 57, 14, 57, 301, 57, 900, 798, 57, 51, 211, 196, 223
198, 73, 198, 185, 12300200, 3, 1, 344, 60, 9, 908, 598, 313, 368, 344, 132, 238
198, 73, 201, 212, 12300200, 2, 1, 368, 60, 9, 908, 598, 313, 368, 344, 132, 238
201, 212, 266, 198, 12304859, 3, 2, 159, 368, 9, 908, 598, 27, 229, 159, 23, 193
201, 212, 201, 312, 12304859, 4, 2, 23, 368, 9, 908, 598, 27, 229, 159, 23, 193
201, 212, 198, 324, 12304859, 5, 2, 193, 368, 9, 908, 598, 27, 229, 159, 23, 193
201, 212, 198, 362, 12304859, 2, 2, 229, 368, 9, 908, 598, 27, 229, 159, 23, 193
198, 362, 201, 472, 12309519, 5, 3, 205, 229, 9, 908, 598, 274, 188, 222, 65, 205
266, 198, 300, 201, 12313518, 4, 3, 71, 159, 9, 908, 598, 314, 27, 356, 71, 197
266, 198, 309, 198, 12313518, 2, 3, 27, 159, 9, 908, 598, 314, 27, 356, 71, 197
266, 198, 331, 201, 12313518, 5, 3, 197, 159, 9, 908, 598, 314, 27, 356, 71, 197
266, 198, 412, 198, 12313519, 3, 3, 356, 159, 9, 908, 598, 314, 27, 356, 71, 197
309, 198, 331, 201, 12318177, 3, 4, 197, 27, 9, 908, 598, 49, 241, 197, 356, 117
309, 198, 362, 201, 12318178, 2, 4, 241, 27, 9, 908, 598, 49, 241, 197, 356, 117
309, 198, 412, 198, 12318178, 4, 4, 356, 27, 9, 908, 598, 49, 241, 197, 356, 117
362, 201, 476, 198, 12322837, 5, 5, 117, 241, 9, 908, 598, 312, 122, 88, 49, 117
362, 201, 489, 201, 12322837, 4, 5, 49, 241, 9, 908, 598, 312, 122, 88, 49, 117
201, 472, 201, 512, 12326178, 5, 4, 65, 205, 9, 908, 598, 188, 45, 276, 274, 65
489, 201, 587, 201, 12335496, 3, 6, 380, 49, 9, 908, 598, 137, 287, 380, 312, 285
201, 512, 201, 631, 12342837, 2, 5, 276, 65, 9, 908, 598, 188, 276, 45, 210, 67
201, 512, 201, 671, 12342837, 4, 5, 210, 65, 9, 908, 598, 188, 276, 45, 210, 67
587, 201, 636, 198, 12344155, 5, 7, 287, 380, 9, 908, 598, 114, 102, 137, 213, 287
587, 201, 601, 283, 12344156, 1, 7, 114, 380, 9, 908, 598, 114, 102, 137, 213, 287
587, 201, 672, 198, 12344156, 3, 7, 137, 380, 9, 908, 598, 114, 102, 137, 213, 287
587, 201, 708, 198, 12344156, 2, 7, 102, 380, 9, 908, 598, 114, 102, 137, 213, 287
587, 201, 732, 201, 12344156, 4, 7, 213, 380, 9, 908, 598, 114, 102, 137, 213, 287
601, 283, 598, 288, 12344815, 5, 8, 47, 114, 9, 908, 598, 286, 290, 206, 347, 47
601, 283, 598, 333, 12344815, 3, 8, 206, 114, 9, 908, 598, 286, 290, 206, 347, 47
601, 283, 598, 362, 12344815, 2, 8, 290, 114, 9, 908, 598, 286, 290, 206, 347, 47
601, 283, 601, 415, 12344815, 4, 8, 347, 114, 9, 908, 598, 286, 290, 206, 347, 47
601, 283, 601, 434, 12344815, 1, 8, 286, 114, 9, 908, 598, 286, 290, 206, 347, 47
601, 434, 601, 470, 12345474, 5, 9, 179, 286, 9, 908, 598, 332, 21, 120, 35, 179
601, 434, 601, 515, 12345474, 2, 9, 21, 286, 9, 908, 598, 332, 21, 120, 35, 179
601, 434, 598, 584, 12345475, 1, 9, 332, 286, 9, 908, 598, 332, 21, 120, 35, 179
598, 584, 635, 598, 12346134, 3, 10, 273, 332, 9, 908, 598, 128, 84, 273, 10000000, 10000000
708, 198, 783, 201, 12348815, 3, 8, 345, 102, 9, 908, 598, 316, 350, 345, 389, 359
708, 198, 787, 201, 12348815, 2, 8, 350, 102, 9, 908, 598, 316, 350, 345, 389, 359
708, 198, 812, 198, 12348815, 5, 8, 359, 102, 9, 908, 598, 316, 350, 345, 389, 359
708, 198, 812, 198, 12348815, 4, 8, 389, 102, 9, 908, 598, 316, 350, 345, 389, 359
708, 198, 816, 198, 12348815, 1, 8, 316, 102, 9, 908, 598, 316, 350, 345, 389, 359
816, 198, 801, 215, 12349474, 4, 9, 319, 316, 9, 908, 598, 126, 58, 250, 319, 99
816, 198, 801, 234, 12349474, 3, 9, 250, 316, 9, 908, 598, 126, 58, 250, 319, 99
816, 198, 902, 198, 12349474, 5, 9, 99, 316, 9, 908, 598, 126, 58, 250, 319, 99
635, 598, 666, 598, 12354793, 4, 11, 128, 273, 9, 908, 598, 84, 371, 90, 128, 143
635, 598, 685, 601, 12354793, 3, 11, 90, 273, 9, 908, 598, 84, 371, 90, 128, 143
635, 598, 711, 598, 12354793, 1, 11, 84, 273, 9, 908, 598, 84, 371, 90, 128, 143
635, 598, 731, 601, 12354793, 5, 11, 143, 273, 9, 908, 598, 84, 371, 90, 128, 143
711, 598, 766, 601, 12355452, 5, 12, 251, 84, 9, 908, 598, 202, 377, 318, 334, 251
711, 598, 784, 601, 12355452, 3, 12, 318, 84, 9, 908, 598, 202, 377, 318, 334, 251
711, 598, 787, 601, 12355452, 2, 12, 377, 84, 9, 908, 598, 202, 377, 318, 334, 251
711, 598, 801, 615, 12355452, 4, 12, 334, 84, 9, 908, 598, 202, 377, 318, 334, 251
711, 598, 913, 598, 12355453, 9, 12, 9, 84, 9, 908, 598, 202, 377, 318, 334, 251
1, 121, 1, 212, 13300200, 4, 1, 379, 11, 317, 585, 801, 346, 32, 176, 379, 284
1, 121, 1, 244, 13300200, 5, 1, 284, 11, 317, 585, 801, 346, 32, 176, 379, 284
1, 212, 71, 201, 13312859, 3, 2, 17, 379, 317, 585, 801, 32, 176, 17, 216, 348
1, 212, 1, 289, 13312859, 2, 2, 176, 379, 317, 585, 801, 32, 176, 17, 216, 348
1, 212, -1, 378, 13312859, 5, 2, 348, 379, 317, 585, 801, 32, 176, 17, 216, 348
1, 289, -1, 315, 13317518, 5, 3, 174, 176, 317, 585, 801, 348, 43, 282, 32, 174
1, 289, 1, 328, 13317518, 4, 3, 32, 176, 317, 585, 801, 348, 43, 282, 32, 174
1, 289, -1, 356, 13317518, 3, 3, 282, 176, 317, 585, 801, 348, 43, 282, 32, 174
1, 289, -1, 378, 13317518, 1, 3, 348, 176, 317, 585, 801, 348, 43, 282, 32, 174
1, 289, 1, 518, 13317519, 2, 3, 43, 176, 317, 585, 801, 348, 43, 282, 32, 174
-1, 378, 1, 486, 13318178, 4, 4, 191, 348, 317, 585, 801, 43, 201, 221, 191, 110
-1, 378, -1, 515, 13318178, 2, 4, 201, 348, 317, 585, 801, 43, 201, 221, 191, 110
-1, 378, 1, 518, 13318178, 1, 4, 43, 348, 317, 585, 801, 43, 201, 221, 191, 110
1, 518, -1, 580, 13318837, 3, 5, 340, 43, 317, 585, 801, 370, 390, 340, 374, 328
1, 518, -1, 587, 13318837, 1, 5, 370, 43, 317, 585, 801, 370, 390, 340, 374, 328
1, 518, -1, 587, 13318837, 2, 5, 390, 43, 317, 585, 801, 370, 390, 340, 374, 328
1, 518, 1, 612, 13318837, 4, 5, 374, 43, 317, 585, 801, 370, 390, 340, 374, 328
1, 518, 1, 621, 13318837, 5, 5, 328, 43, 317, 585, 801, 370, 390, 340, 374, 328
-1, 587, 45, 598, 13319496, 2, 6, 259, 370, 317, 585, 801, 134, 259, 103, 34, 28
-1, 587, 65, 601, 13319496, 3, 6, 103, 370, 317, 585, 801, 134, 259, 103, 34, 28
-1, 587, 1, 727, 13319497, 5, 6, 28, 370, 317, 585, 801, 134, 259, 103, 34, 28
71, 201, 156, 201, 13321518, 5, 3, 238, 17, 317, 585, 801, 159, 313, 368, 249, 238
71, 201, 201, 212, 13321518, 3, 3, 368, 17, 317, 585, 801, 159, 313, 368, 249, 238
45, 598, 65, 601, 13324155, 4, 7, 103, 259, 317, 585, 801, 34, 134, 189, 103, 210
45, 598, 83, 598, 13324155, 2, 7, 134, 259, 317, 585, 801, 34, 134, 189, 103, 210
45, 598, 114, 598, 13324155, 1, 7, 34, 259, 317, 585, 801, 34, 134, 189, 103, 210
45, 598, 124, 601, 13324155, 3, 7, 189, 259, 317, 585, 801, 34, 134, 189, 103, 210
114, 598, 124, 601, 13324814, 2, 8, 189, 34, 317, 585, 801, 107, 189, 210, 276, 10000000
124, 601, 274, 601, 13329474, 5, 9, 20, 189, 317, 585, 801, 107, 276, 210, 67, 20
201, 212, 201, 286, 13330178, 5, 4, 132, 368, 317, 585, 801, 229, 23, 305, 193, 132
201, 212, 201, 325, 13330178, 2, 4, 23, 368, 317, 585, 801, 229, 23, 305, 193, 132
201, 325, 198, 381, 13334837, 5, 5, 305, 23, 317, 585, 801, 222, 205, 363, 386, 305
201, 325, 198, 387, 13334837, 4, 5, 386, 23, 317, 585, 801, 222, 205, 363, 386, 305
201, 325, 201, 412, 13334837, 3, 5, 363, 23, 317, 585, 801, 222, 205, 363, 386, 305
1, 727, -1, 754, 13336156, 3, 7, 242, 28, 317, 585, 801, 396, 34, 242, 134, 275
1, 727, 12, 798, 13336156, 1, 7, 396, 28, 317, 585, 801, 396, 34, 242, 134, 275
1, 727, 1, 846, 13336156, 5, 7, 275, 28, 317, 585, 801, 396, 34, 242, 134, 275
12, 798, 43, 798, 13336815, 5, 8, 233, 396, 317, 585, 801, 77, 208, 184, 68, 233
12, 798, 64, 801, 13336815, 4, 8, 68, 396, 317, 585, 801, 77, 208, 184, 68, 233
12, 798, 85, 798, 13336815, 2, 8, 208, 396, 317, 585, 801, 77, 208, 184, 68, 233
12, 798, 120, 801, 13336815, 3, 8, 184, 396, 317, 585, 801, 77, 208, 184, 68, 233
12, 798, 134, 798, 13336815, 1, 8, 77, 396, 317, 585, 801, 77, 208, 184, 68, 233
134, 798, 201, 819, 13337474, 1, 9, 324, 77, 317, 585, 801, 324, 136, 271, 95, 246
134, 798, 247, 798, 13337475, 3, 9, 271, 77, 317, 585, 801, 324, 136, 271, 95, 246
134, 798, 275, 801, 13337475, 4, 9, 95, 77, 317, 585, 801, 324, 136, 271, 95, 246
134, 798, 283, 798, 13337475, 2, 9, 136, 77, 317, 585, 801, 324, 136, 271, 95, 246
201, 819, 247, 798, 13338134, 2, 10, 271, 324, 317, 585, 801, 136, 271, 3, 10000000, 10000000
283, 798, 318, 798, 13342134, 5, 10, 3, 136, 317, 585, 801, 181, 352, 304, 227, 3
283, 798, 357, 801, 13342134, 4, 10, 227, 136, 317, 585, 801, 181, 352, 304, 227, 3
283, 798, 378, 801, 13342134, 3, 10, 304, 136, 317, 585, 801, 181, 352, 304, 227, 3
283, 798, 387, 801, 13342134, 2, 10, 352, 136, 317, 585, 801, 181, 352, 304, 227, 3
201, 412, 201, 419, 13343496, 1, 6, 311, 363, 317, 585, 801, 311, 65, 222, 205, 113
201, 412, 201, 486, 13343496, 4, 6, 205, 363, 317, 585, 801, 311, 65, 222, 205, 113
201, 412, 198, 495, 13343496, 5, 6, 113, 363, 317, 585, 801, 311, 65, 222, 205, 113
201, 412, 201, 526, 13343497, 2, 6, 65, 363, 317, 585, 801, 311, 65, 222, 205, 113
201, 412, 198, 527, 13343497, 3, 6, 222, 363, 317, 585, 801, 311, 65, 222, 205, 113
201, 419, 201, 486, 13344155, 2, 7, 205, 311, 317, 585, 801, 65, 205, 188, 222, 45
201, 419, 201, 526, 13344156, 1, 7, 65, 311, 317, 585, 801, 65, 205, 188, 222, 45
201, 419, 198, 527, 13344156, 4, 7, 222, 311, 317, 585, 801, 65, 205, 188, 222, 45
201, 526, 201, 640, 13344815, 2, 8, 276, 65, 317, 585, 801, 67, 276, 210, 10000000, 10000000
201, 526, 201, 685, 13344815, 3, 8, 210, 65, 317, 585, 801, 67, 276, 210, 10000000, 10000000
274, 601, 314, 598, 13346133, 4, 10, 107, 20, 317, 585, 801, 162, 96, 182, 107, 154
274, 601, 319, 601, 13346133, 3, 10, 182, 20, 317, 585, 801, 162, 96, 182, 107, 154
387, 801, 401, 844, 13346793, 5, 11, 292, 352, 317, 585, 801, 257, 82, 181, 33, 292
387, 801, 485, 801, 13346793, 4, 11, 33, 352, 317, 585, 801, 257, 82, 181, 33, 292
387, 801, 488, 798, 13346793, 3, 11, 181, 352, 317, 585, 801, 257, 82, 181, 33, 292
387, 801, 525, 798, 13346793, 2, 11, 82, 352, 317, 585, 801, 257, 82, 181, 33, 292
201, 640, 201, 685, 13349474, 5, 9, 210, 276, 317, 585, 801, 324, 107, 67, 295, 210
201, 640, 198, 752, 13349474, 4, 9, 295, 276, 317, 585, 801, 324, 107, 67, 295, 210
201, 640, 201, 819, 13349474, 1, 9, 324, 276, 317, 585, 801, 324, 107, 67, 295, 210
201, 819, 247, 798, 13350134, 2, 10, 271, 324, 317, 585, 801, 136, 271, 3, 10000000, 10000000
525, 798, 553, 801, 13351453, 4, 12, 257, 82, 317, 585, 801, 358, 387, 384, 257, 337
525, 798, 580, 801, 13351453, 317, 12, 317, 82, 317, 585, 801, 358, 387, 384, 257, 337
201, 338, 198, 387, 14300200, 5, 1, 386, 23, 128, 674, 598, 205, 363, 222, 299, 386
201, 338, 201, 412, 14300200, 2, 1, 363, 23, 128, 674, 598, 205, 363, 222, 299, 386
201, 338, 201, 456, 14300200, 4, 1, 299, 23, 128, 674, 598, 205, 363, 222, 299, 386
201, 338, 201, 499, 14300200, 1, 1, 205, 23, 128, 674, 598, 205, 363, 222, 299, 386
201, 338, 198, 514, 14300200, 3, 1, 222, 23, 128, 674, 598, 205, 363, 222, 299, 386
201, 499, 201, 539, 14300859, 1, 2, 65, 205, 128, 674, 598, 65, 188, 45, 276, 274
201, 539, 201, 650, 14301519, 2, 3, 276, 65, 128, 674, 598, 188, 276, 10000000, 10000000, 10000000
139, 1, 201, 32, 15300200, 5, 1, 323, 270, 243, 598, 539, 149, 170, 235, 266, 323
139, 1, 266, -1, 15300200, 4, 1, 266, 270, 243, 598, 539, 149, 170, 235, 266, 323
139, 1, 291, 1, 15300200, 1, 1, 149, 270, 243, 598, 539, 149, 170, 235, 266, 323
291, 1, 401, 14, 15300859, 1, 2, 373, 149, 243, 598, 539, 373, 320, 288, 254, 156
401, 14, 398, 92, 15301519, 5, 3, 138, 373, 243, 598, 539, 325, 48, 260, 158, 138
401, 14, 401, 113, 15301519, 4, 3, 158, 373, 243, 598, 539, 325, 48, 260, 158, 138
401, 14, 398, 121, 15301519, 3, 3, 260, 373, 243, 598, 539, 325, 48, 260, 158, 138
398, 121, 398, 184, 15310178, 4, 4, 378, 260, 243, 598, 539, 118, 356, 41, 378, 314
201, 32, 201, 65, 15316859, 5, 2, 235, 323, 243, 598, 539, 98, 123, 263, 199, 235
201, 32, 198, 86, 15316859, 4, 2, 199, 323, 243, 598, 539, 98, 123, 263, 199, 235
201, 32, 201, 111, 15316859, 2, 2, 123, 323, 243, 598, 539, 98, 123, 263, 199, 235
201, 32, 201, 132, 15316859, 1, 2, 98, 323, 243, 598, 539, 98, 123, 263, 199, 235
201, 32, 198, 134, 15316859, 3, 2, 263, 323, 243, 598, 539, 98, 123, 263, 199, 235
201, 132, 201, 215, 15317518, 5, 3, 368, 98, 243, 598, 539, 229, 249, 13, 313, 368
201, 132, 201, 237, 15317518, 4, 3, 313, 98, 243, 598, 539, 229, 249, 13, 313, 368
201, 132, 198, 244, 15317518, 3, 3, 13, 98, 243, 598, 539, 229, 249, 13, 313, 368
201, 132, 201, 269, 15317519, 2, 3, 249, 98, 243, 598, 539, 229, 249, 13, 313, 368
201, 269, 198, 387, 15322178, 3, 4, 386, 249, 243, 598, 539, 366, 399, 386, 363, 311
201, 269, 198, 387, 15322178, 2, 4, 399, 249, 243, 598, 539, 366, 399, 386, 363, 311
201, 269, 201, 415, 15322178, 4, 4, 363, 249, 243, 598, 539, 366, 399, 386, 363, 311
201, 269, 201, 432, 15322178, 5, 4, 311, 249, 243, 598, 539, 366, 399, 386, 363, 311
398, 184, 398, 274, 15322837, 4, 5, 116, 378, 243, 598, 539, 351, 41, 118, 116, 49
398, 184, 401, 310, 15322837, 3, 5, 118, 378, 243, 598, 539, 351, 41, 118, 116, 49
198, 387, 245, 401, 15326837, 2, 5, 18, 399, 243, 598, 539, 274, 18, 65, 205, 299
198, 387, 269, 398, 15326837, 1, 5, 274, 399, 243, 598, 539, 274, 18, 65, 205, 299
198, 387, 201, 470, 15326837, 5, 5, 299, 399, 243, 598, 539, 274, 18, 65, 205, 299
198, 387, 201, 513, 15326837, 4, 5, 205, 399, 243, 598, 539, 274, 18, 65, 205, 299
269, 398, 321, 398, 15327496, 5, 6, 188, 274, 243, 598, 539, 279, 372, 395, 45, 188
269, 398, 349, 398, 15327496, 4, 6, 45, 274, 243, 598, 539, 279, 372, 395, 45, 188
269, 398, 414, 398, 15327497, 2, 6, 372, 274, 243, 598, 539, 279, 372, 395, 45, 188
401, 310, 398, 354, 15331497, 5, 6, 302, 118, 243, 598, 539, 349, 381, 388, 395, 302
401, 310, 401, 412, 15331497, 3, 6, 388, 118, 243, 598, 539, 349, 381, 388, 395, 302
401, 310, 401, 412, 15331497, 4, 6, 395, 118, 243, 598, 539, 349, 381, 388, 395, 302
401, 310, 401, 412, 15331497, 2, 6, 381, 118, 243, 598, 539, 349, 381, 388, 395, 302
401, 310, 401, 424, 15331497, 1, 6, 349, 118, 243, 598, 539, 349, 381, 388, 395, 302
414, 398, 452, 401, 15332156, 5, 7, 53, 372, 243, 598, 539, 166, 144, 24, 279, 53
414, 398, 469, 398, 15332156, 4, 7, 279, 372, 243, 598, 539, 166, 144, 24, 279, 53
414, 398, 489, 401, 15332156, 2, 7, 144, 372, 243, 598, 539, 166, 144, 24, 279, 53
414, 398, 505, 398, 15332156, 1, 7, 166, 372, 243, 598, 539, 166, 144, 24, 279, 53
401, 424, 401, 490, 15332156, 4, 7, 217, 349, 243, 598, 539, 166, 104, 279, 217, 115
401, 424, 401, 526, 15332156, 2, 7, 104, 349, 243, 598, 539, 166, 104, 279, 217, 115
414, 398, 555, 398, 15332156, 3, 7, 24, 372, 243, 598, 539, 166, 144, 24, 279, 53
505, 398, 555, 398, 15332815, 1, 8, 24, 166, 243, 598, 539, 24, 81, 347, 286, 10000000
505, 398, 658, 401, 15332815, 2, 8, 81, 166, 243, 598, 539, 24, 81, 347, 286, 10000000
555, 398, 601, 434, 15333474, 1, 9, 347, 24, 243, 598, 539, 347, 286, 10000000, 10000000, 10000000
601, 434, 598, 488, 15334133, 4, 10, 130, 347, 243, 598, 539, 243, 21, 179, 130, 332
601, 434, 601, 510, 15334134, 3, 10, 179, 347, 243, 598, 539, 243, 21, 179, 130, 332
601, 434, 598, 535, 15334134, 243, 10, 243, 347, 243, 598, 539, 243, 21, 179, 130, 332
371, 198, 442, 201, 16300200, 5, 1, 49, 27, 131, 801, 696, 312, 239, 314, 122, 49
371, 198, 449, 198, 16300200, 3, 1, 314, 27, 131, 801, 696, 312, 239, 314, 122, 49
371, 198, 468, 201, 16300200, 4, 1, 122, 27, 131, 801, 696, 312, 239, 314, 122, 49
371, 198, 521, 201, 16300200, 2, 1, 239, 27, 131, 801, 696, 312, 239, 314, 122, 49
521, 201, 580, 198, 16304859, 1, 2, 88, 239, 131, 801, 696, 88, 287, 86, 213, 272
521, 201, 632, 201, 16304859, 3, 2, 86, 239, 131, 801, 696, 88, 287, 86, 213, 272
521, 201, 685, 198, 16304860, 2, 2, 287, 239, 131, 801, 696, 88, 287, 86, 213, 272
521, 201, 688, 201, 16304860, 4, 2, 213, 239, 131, 801, 696, 88, 287, 86, 213, 272
580, 198, 598, 235, 16305518, 2, 3, 47, 88, 131, 801, 696, 345, 47, 137, 213, 86
580, 198, 632, 201, 16305518, 5, 3, 86, 88, 131, 801, 696, 345, 47, 137, 213, 86
580, 198, 688, 201, 16305519, 4, 3, 213, 88, 131, 801, 696, 345, 47, 137, 213, 86
580, 198, 719, 198, 16305519, 3, 3, 137, 88, 131, 801, 696, 345, 47, 137, 213, 86
580, 198, 749, 201, 16305519, 1, 3, 345, 88, 131, 801, 696, 345, 47, 137, 213, 86
598, 235, 598, 278, 16310177, 5, 4, 206, 47, 131, 801, 696, 286, 114, 290, 347, 206
598, 235, 598, 313, 16310178, 3, 4, 290, 47, 131, 801, 696, 286, 114, 290, 347, 206
598, 235, 601, 324, 16310178, 2, 4, 114, 47, 131, 801, 696, 286, 114, 290, 347, 206
601, 324, 598, 440, 16314837, 5, 5, 85, 114, 131, 801, 696, 179, 130, 347, 286, 85
601, 324, 601, 445, 16314837, 3, 5, 347, 114, 131, 801, 696, 179, 130, 347, 286, 85
601, 324, 598, 475, 16314837, 2, 5, 130, 114, 131, 801, 696, 179, 130, 347, 286, 85
601, 324, 601, 488, 16314837, 4, 5, 286, 114, 131, 801, 696, 179, 130, 347, 286, 85
598, 475, 601, 523, 16319496, 4, 6, 179, 130, 131, 801, 696, 21, 332, 19, 179, 243
598, 475, 598, 524, 16319496, 5, 6, 243, 130, 131, 801, 696, 21, 332, 19, 179, 243
598, 475, 598, 551, 16319496, 2, 6, 332, 130, 131, 801, 696, 21, 332, 19, 179, 243
598, 475, 601, 570, 16319496, 1, 6, 21, 130, 131, 801, 696, 21, 332, 19, 179, 243
601, 570, 598, 622, 16320156, 3, 7, 19, 21, 131, 801, 696, 236, 204, 19, 186, 10000000
601, 570, 598, 683, 16320156, 2, 7, 204, 21, 131, 801, 696, 236, 204, 19, 186, 10000000
601, 570, 598, 707, 16320156, 1, 7, 236, 21, 131, 801, 696, 236, 204, 19, 186, 10000000
1, 227, 1, 291, 17300200, 3, 1, 284, 379, 173, 477, 601, 32, 176, 284, 282, 348
1, 227, -1, 311, 17300200, 4, 1, 282, 379, 173, 477, 601, 32, 176, 284, 282, 348
1, 227, -1, 338, 17300200, 5, 1, 348, 379, 173, 477, 601, 32, 176, 284, 282, 348
1, 227, 1, 350, 17300200, 2, 1, 176, 379, 173, 477, 601, 32, 176, 284, 282, 348
1, 350, 1, 385, 17304859, 3, 2, 32, 176, 173, 477, 601, 201, 50, 32, 191, 43
1, 350, -1, 443, 17304859, 2, 2, 50, 176, 173, 477, 601, 201, 50, 32, 191, 43
1, 350, -1, 466, 17304859, 1, 2, 201, 176, 173, 477, 601, 201, 50, 32, 191, 43
-1, 466, -1, 574, 17305519, 5, 3, 370, 201, 173, 477, 601, 390, 2, 374, 43, 370
-1, 466, 1, 575, 17305519, 4, 3, 43, 201, 173, 477, 601, 390, 2, 374, 43, 370
-1, 466, -1, 616, 17305519, 2, 3, 2, 201, 173, 477, 601, 390, 2, 374, 43, 370
-1, 616, 1, 628, 17310178, 2, 4, 374, 2, 173, 477, 601, 103, 374, 43, 370, 390
-1, 616, 14, 601, 17310178, 1, 4, 103, 2, 173, 477, 601, 103, 374, 43, 370, 390
-1, 616, -1, 587, 17310178, 5, 4, 390, 2, 173, 477, 601, 103, 374, 43, 370, 390
-1, 616, 1, 575, 17310178, 3, 4, 43, 2, 173, 477, 601, 103, 374, 43, 370, 390
-1, 616, -1, 574, 17310178, 4, 4, 370, 2, 173, 477, 601, 103, 374, 43, 370, 390
14, 601, 80, 601, 17310837, 4, 5, 189, 103, 173, 477, 601, 34, 134, 259, 189, 276
14, 601, 97, 598, 17310837, 3, 5, 259, 103, 173, 477, 601, 34, 134, 259, 189, 276
14, 601, 138, 598, 17310837, 2, 5, 134, 103, 173, 477, 601, 34, 134, 259, 189, 276
14, 601, 160, 598, 17310837, 1, 5, 34, 103, 173, 477, 601, 34, 134, 259, 189, 276
160, 598, 198, 610, 17311496, 5, 6, 10, 34, 173, 477, 601, 20, 65, 107, 182, 10
160, 598, 223, 601, 17311497, 1, 6, 20, 34, 173, 477, 601, 20, 65, 107, 182, 10
160, 598, 367, 598, 17311497, 3, 6, 107, 34, 173, 477, 601, 20, 65, 107, 182, 10
223, 601, 268, 601, 17312156, 3, 7, 182, 20, 173, 477, 601, 107, 16, 182, 162, 96
367, 598, 398, 634, 17320156, 4, 7, 108, 107, 173, 477, 601, 173, 16, 162, 108, 96
367, 598, 416, 601, 17320156, 2, 7, 16, 107, 173, 477, 601, 173, 16, 162, 108, 96
367, 598, 473, 601, 17320156, 173, 7, 173, 107, 173, 477, 601, 173, 16, 162, 108, 96
201, 167, 198, 208, 18300200, 5, 1, 13, 98, 16, 411, 601, 305, 249, 313, 368, 13
201, 167, 201, 237, 18300200, 4, 1, 368, 98, 16, 411, 601, 305, 249, 313, 368, 13
201, 167, 201, 273, 18300200, 3, 1, 313, 98, 16, 411, 601, 305, 249, 313, 368, 13
201, 167, 201, 306, 18300200, 2, 1, 249, 98, 16, 411, 601, 305, 249, 313, 368, 13
201, 167, 198, 337, 18300200, 1, 1, 305, 98, 16, 411, 601, 305, 249, 313, 368, 13
198, 337, 198, 435, 18300859, 5, 2, 113, 305, 16, 411, 601, 299, 205, 311, 363, 113
198, 337, 201, 435, 18300859, 4, 2, 363, 305, 16, 411, 601, 299, 205, 311, 363, 113
198, 337, 201, 511, 18300860, 1, 2, 299, 305, 16, 411, 601, 299, 205, 311, 363, 113
201, 511, 201, 554, 18301519, 5, 3, 205, 299, 16, 411, 601, 188, 45, 65, 10, 205
201, 511, 201, 594, 18301519, 3, 3, 65, 299, 16, 411, 601, 188, 45, 65, 10, 205
201, 511, 198, 596, 18301519, 4, 3, 10, 299, 16, 411, 601, 188, 45, 65, 10, 205
201, 594, 214, 601, 18310178, 3, 4, 20, 65, 16, 411, 601, 107, 182, 20, 10000000, 10000000
201, 594, 255, 601, 18310178, 2, 4, 182, 65, 16, 411, 601, 107, 182, 20, 10000000, 10000000
255, 601, 410, 601, 18314838, 16, 5, 16, 182, 16, 411, 601, 107, 16, 154, 173, 10000000
8, 201, 119, 198, 19300200, 3, 1, 230, 17, 186, 601, 758, 13, 216, 230, 56, 284
8, 201, 1, 314, 19300200, 5, 1, 284, 17, 186, 601, 758, 13, 216, 230, 56, 284
119, 198, 155, 198, 19308859, 5, 2, 216, 230, 186, 601, 758, 13, 56, 197, 71, 216
119, 198, 191, 198, 19308859, 2, 2, 56, 230, 186, 601, 758, 13, 56, 197, 71, 216
119, 198, 199, 203, 19308859, 1, 2, 13, 230, 186, 601, 758, 13, 56, 197, 71, 216
119, 198, 219, 201, 19308859, 4, 2, 71, 230, 186, 601, 758, 13, 56, 197, 71, 216
119, 198, 240, 201, 19308859, 3, 2, 197, 230, 186, 601, 758, 13, 56, 197, 71, 216
199, 203, 201, 319, 19309519, 4, 3, 249, 13, 186, 601, 758, 366, 132, 305, 249, 49
199, 203, 198, 322, 19309519, 3, 3, 305, 13, 186, 601, 758, 366, 132, 305, 249, 49
199, 203, 198, 355, 19309519, 1, 3, 366, 13, 186, 601, 758, 366, 132, 305, 249, 49
199, 203, 201, 369, 19309519, 2, 3, 132, 13, 186, 601, 758, 366, 132, 305, 249, 49
199, 203, 412, 201, 19309519, 5, 3, 49, 13, 186, 601, 758, 366, 132, 305, 249, 49
198, 355, 198, 423, 19310178, 5, 4, 113, 366, 186, 601, 758, 299, 311, 205, 363, 113
198, 355, 201, 445, 19310178, 4, 4, 363, 366, 186, 601, 758, 299, 311, 205, 363, 113
198, 355, 201, 477, 19310178, 2, 4, 311, 366, 186, 601, 758, 299, 311, 205, 363, 113
201, 477, 201, 568, 19314837, 5, 5, 205, 311, 186, 601, 758, 45, 20, 65, 10, 205
201, 477, 198, 581, 19314837, 4, 5, 10, 311, 186, 601, 758, 45, 20, 65, 10, 205
201, 477, 208, 601, 19314837, 2, 5, 20, 311, 186, 601, 758, 45, 20, 65, 10, 205
1, 314, 1, 377, 19316859, 3, 2, 176, 284, 186, 601, 758, 32, 201, 176, 50, 230
1, 314, 6, 398, 19316859, 1, 2, 32, 284, 186, 601, 758, 32, 201, 176, 50, 230
1, 314, -1, 421, 19316859, 4, 2, 50, 284, 186, 601, 758, 32, 201, 176, 50, 230
1, 314, -1, 443, 19316859, 2, 2, 201, 284, 186, 601, 758, 32, 201, 176, 50, 230
6, 398, 77, 401, 19317518, 4, 3, 262, 32, 186, 601, 758, 110, 336, 390, 262, 191
6, 398, 120, 401, 19317519, 2, 3, 336, 32, 186, 601, 758, 110, 336, 390, 262, 191
6, 398, 168, 398, 19317519, 1, 3, 110, 32, 186, 601, 758, 110, 336, 390, 262, 191
6, 398, 1, 569, 19317519, 5, 3, 191, 32, 186, 601, 758, 110, 336, 390, 262, 191
168, 398, 198, 423, 19318178, 5, 4, 113, 110, 186, 601, 758, 278, 274, 222, 363, 113
168, 398, 198, 446, 19318178, 3, 4, 222, 110, 186, 601, 758, 278, 274, 222, 363, 113
168, 398, 201, 446, 19318178, 4, 4, 363, 110, 186, 601, 758, 278, 274, 222, 363, 113
168, 398, 290, 401, 19318178, 1, 4, 278, 110, 186, 601, 758, 278, 274, 222, 363, 113
168, 398, 328, 398, 19318178, 2, 4, 274, 110, 186, 601, 758, 278, 274, 222, 363, 113
290, 401, 401, 401, 19318837, 2, 5, 41, 278, 186, 601, 758, 339, 41, 53, 372, 45
290, 401, 410, 401, 19318837, 3, 5, 53, 278, 186, 601, 758, 339, 41, 53, 372, 45
290, 401, 440, 398, 19318838, 4, 5, 372, 278, 186, 601, 758, 339, 41, 53, 372, 45
208, 601, 243, 601, 19319497, 5, 6, 182, 20, 186, 601, 758, 108, 107, 95, 77, 182
208, 601, 192, 798, 19319497, 4, 6, 77, 20, 186, 601, 758, 108, 107, 95, 77, 182
201, 445, 201, 525, 19322837, 5, 5, 299, 363, 186, 601, 758, 20, 205, 45, 65, 299
201, 445, 201, 568, 19322837, 2, 5, 205, 363, 186, 601, 758, 20, 205, 45, 65, 299
201, 445, 208, 601, 19322837, 1, 5, 20, 363, 186, 601, 758, 20, 205, 45, 65, 299
201, 445, 201, 608, 19322837, 4, 5, 65, 363, 186, 601, 758, 20, 205, 45, 65, 299
208, 601, 243, 601, 19323497, 5, 6, 182, 20, 186, 601, 758, 108, 107, 95, 77, 182
401, 401, 401, 466, 19323497, 3, 6, 349, 41, 186, 601, 758, 217, 300, 349, 166, 339
401, 401, 494, 398, 19323497, 5, 6, 339, 41, 186, 601, 758, 217, 300, 349, 166, 339
401, 401, 401, 512, 19323497, 2, 6, 300, 41, 186, 601, 758, 217, 300, 349, 166, 339
401, 401, 550, 398, 19323497, 4, 6, 166, 41, 186, 601, 758, 217, 300, 349, 166, 339
412, 201, 517, 201, 19326178, 3, 4, 312, 49, 186, 601, 758, 88, 380, 312, 86, 117
412, 201, 552, 201, 19326178, 2, 4, 380, 49, 186, 601, 758, 88, 380, 312, 86, 117
412, 201, 573, 198, 19326178, 5, 4, 117, 49, 186, 601, 758, 88, 380, 312, 86, 117
412, 201, 593, 200, 19326178, 1, 4, 88, 49, 186, 601, 758, 88, 380, 312, 86, 117
412, 201, 607, 201, 19326178, 4, 4, 86, 49, 186, 601, 758, 88, 380, 312, 86, 117
593, 200, 598, 205, 19326837, 5, 5, 47, 88, 186, 601, 758, 85, 114, 290, 206, 47
593, 200, 598, 237, 19326838, 4, 5, 206, 88, 186, 601, 758, 85, 114, 290, 206, 47
593, 200, 598, 275, 19326838, 3, 5, 290, 88, 186, 601, 758, 85, 114, 290, 206, 47
593, 200, 601, 356, 19326838, 2, 5, 114, 88, 186, 601, 758, 85, 114, 290, 206, 47
593, 200, 598, 410, 19326838, 1, 5, 85, 88, 186, 601, 758, 85, 114, 290, 206, 47
598, 410, 598, 513, 19327497, 5, 6, 332, 85, 186, 601, 758, 96, 21, 179, 286, 332
401, 512, 401, 542, 19328156, 4, 7, 217, 300, 186, 601, 758, 16, 108, 104, 217, 10000000
401, 512, 401, 572, 19328156, 3, 7, 104, 300, 186, 601, 758, 16, 108, 104, 217, 10000000
401, 512, 407, 601, 19328156, 1, 7, 16, 300, 186, 601, 758, 16, 108, 104, 217, 10000000
401, 512, 398, 608, 19328156, 2, 7, 108, 300, 186, 601, 758, 16, 108, 104, 217, 10000000
407, 601, 451, 601, 19328815, 5, 8, 173, 16, 186, 601, 758, 96, 162, 21, 154, 173
407, 601, 401, 749, 19328816, 4, 8, 154, 16, 186, 601, 758, 96, 162, 21, 154, 173
192, 798, 228, 801, 19332156, 5, 7, 215, 77, 186, 601, 758, 352, 227, 271, 3, 215
192, 798, 355, 801, 19332157, 1, 7, 352, 77, 186, 601, 758, 352, 227, 271, 3, 215
192, 798, 389, 798, 19332157, 4, 7, 3, 77, 186, 601, 758, 352, 227, 271, 3, 215
355, 801, 417, 801, 19332816, 5, 8, 33, 352, 186, 601, 758, 387, 141, 82, 181, 33
355, 801, 437, 801, 19332816, 2, 8, 141, 352, 186, 601, 758, 387, 141, 82, 181, 33
1, 569, 1, 647, 19334178, 4, 4, 374, 191, 186, 601, 758, 68, 242, 328, 374, 214
1, 569, -1, 648, 19334178, 5, 4, 214, 191, 186, 601, 758, 68, 242, 328, 374, 214
1, 569, -1, 671, 19334178, 2, 4, 242, 191, 186, 601, 758, 68, 242, 328, 374, 214
598, 275, 601, 356, 19335497, 3, 6, 114, 290, 186, 601, 758, 347, 24, 114, 85, 130
598, 275, 592, 398, 19335497, 2, 6, 24, 290, 186, 601, 758, 347, 24, 114, 85, 130
598, 275, 598, 409, 19335497, 4, 6, 85, 290, 186, 601, 758, 347, 24, 114, 85, 130
243, 601, 407, 601, 19336156, 3, 7, 16, 182, 186, 601, 758, 108, 107, 16, 162, 96
437, 801, 555, 801, 19337475, 5, 9, 358, 141, 186, 601, 758, 82, 387, 181, 109, 358
437, 801, 591, 798, 19337475, 1, 9, 82, 141, 186, 601, 758, 82, 387, 181, 109, 358
591, 798, 601, 792, 19338134, 4, 10, 4, 82, 186, 601, 758, 186, 393, 360, 4, 10000000
591, 798, 598, 787, 19338134, 2, 10, 393, 82, 186, 601, 758, 186, 393, 360, 4, 10000000
591, 798, 601, 773, 19338135, 186, 10, 186, 82, 186, 601, 758, 186, 393, 360, 4, 10000000
