source_id,source_x,source_y,time,hop,pri_1_id,pri_2_id,pri_3_id,pri_4_id,pri_5_id,pri_1_r,pri_2_r,pri_3_r,pri_4_r,pri_5_r,des_id,inter_1id ,inter_2id ,inter_3id ,inter_4id ,inter_5id ,send_log
32, 1, 282, 10299999, 1, 348, 282, 64, 174, 43, 0.86322, 0.687569, 0.954436, 0.755358, 0.477792, 133, 1, 1, 0, 0, 0, 1
64, -1, 319, 10300200, 2, 348, 282, 43, 191, 221, 1, 1, 1, 1, 0.752958, 133, 1, 1, 0, 0, 1, 0
174, -1, 355, 10300200, 2, 43, 348, 282, 221, 191, 1, 1, 1, 0.968089, 0.972329, 133, 0, 1, 1, 0, 0, 0
282, -1, 381, 10300200, 2, 43, 50, 221, 110, 191, 1, 0.917441, 1, 0.863502, 0.972329, 133, 0, 0, 0, 0, 0, 0
348, -1, 387, 10300200, 2, 110, 43, 221, 390, 191, 0.97144, 1, 1, 0.793197, 1, 133, 0, 0, 0, 1, 0, 1
221, 31, 398, 10300787, 3, 262, 274, 336, 110, 83, 0.824623, 0.774443, 0.773003, 1, 0.648483, 133, 0, 1, 1, 0, 0, 0
191, 1, 446, 10300787, 3, 370, 374, 390, 340, 267, 0.753419, 0.635629, 0.604957, 0.241774, 0.413156, 133, 1, 1, 1, 1, 1, 0
110, 61, 398, 10300787, 3, 311, 262, 274, 83, 157, 1, 0.864007, 0.699614, 0.864644, 0.756154, 133, 1, 0, 1, 0, 0, 1
43, 1, 474, 10300787, 3, 163, 370, 267, 390, 201, 1, 1, 0.921721, 0.725949, 0.723096, 133, 0, 1, 1, 1, 0, 1
83, 121, 401, 10301374, 4, 188, 274, 299, 363, 45, 1, 1, 1, 1, 0.863486, 133, 0, 1, 1, 1, 0, 0
157, 156, 401, 10301374, 4, 45, 188, 205, 274, 299, 0.971421, 1, 1, 1, 1, 133, 0, 0, 0, 1, 1, 0
262, 179, 401, 10301374, 4, 45, 65, 188, 205, 274, 0.971421, 1, 1, 1, 1, 133, 0, 0, 0, 0, 1, 0
311, 201, 412, 10301375, 4, 276, 45, 65, 188, 205, 1, 0.971421, 1, 1, 1, 133, 1, 0, 0, 0, 0, 1
205, 201, 446, 10301962, 5, 210, 65, 222, 45, 113, 0.784842, 1, 0.75424, 0.755502, 0.6034, 133, 0, 0, 0, 0, 0, 0
188, 248, 398, 10301962, 5, 372, 278, 45, 335, 168, 1, 0.797427, 0.97136, 0.647524, 0.648331, 133, 1, 0, 0, 1, 0, 1
65, 201, 485, 10301962, 5, 276, 210, 222, 113, 45, 0.69756, 0.758466, 0.635516, 0.72408, 0.431715, 133, 1, 0, 0, 0, 0, 1
201, -1, 556, 10305374, 4, 267, 374, 328, 390, 370, 1, 1, 1, 1, 1, 133, 1, 1, 1, 1, 1, 0
370, -1, 587, 10305375, 4, 34, 134, 28, 259, 163, 0.967631, 1, 0.967349, 1, 0.970566, 133, 0, 0, 0, 1, 0, 1
390, -1, 587, 10305375, 4, 34, 134, 28, 259, 163, 0.967631, 1, 0.967349, 1, 0.966657, 133, 0, 0, 0, 1, 0, 0
259, 19, 598, 10309962, 5, 103, 34, 134, 189, 107, 0.949088, 0.967154, 1, 0.60692, 0.435231, 133, 0, 0, 0, 0, 0, 0
134, 44, 598, 10309962, 5, 103, 34, 276, 210, 189, 0.860817, 1, 0.412615, 0.317034, 0.323173, 133, 0, 0, 1, 0, 1, 0
163, 1, 645, 10309962, 5, 242, 275, 142, 34, 134, 0.824874, 0.189478, 0.137507, 0.752231, 0.862328, 133, 1, 1, 1, 0, 0, 0
34, 79, 598, 10309962, 5, 107, 103, 189, 276, 210, 0.634488, 0.949088, 0.646345, 0.430369, 0.322612, 133, 0, 0, 0, 1, 0, 1
28, 1, 683, 10309962, 5, 242, 275, 34, 2, 134, 0.968537, 0.688579, 0.64477, 1, 0.754537, 133, 1, 1, 0, 0, 0, 1
103, 110, 601, 10310549, 6, 107, 276, 210, 189, 67, 0.966753, 1, 0.860243, 0.969456, 0.755887, 133, 0, 1, 0, 0, 0, 1
113, 198, 532, 10310549, 6, 276, 295, 67, 210, 222, 0.968269, 0.189861, 0.971855, 1, 1, 133, 1, 1, 0, 0, 0, 0
222, 198, 564, 10310549, 6, 276, 184, 246, 271, 136, 1, 0.1208, 0.137331, 0.188836, 0.188345, 133, 1, 1, 1, 1, 1, 1
189, 157, 601, 10310549, 6, 107, 210, 20, 276, 67, 0.966753, 1, 0.757776, 1, 0.863871, 133, 0, 0, 0, 1, 0, 0
45, 283, 398, 10314549, 6, 395, 300, 278, 166, 18, 0.914554, 0.844393, 0.861712, 0.699746, 0.966912, 133, 1, 1, 0, 0, 0, 1
168, 354, 401, 10314549, 6, 24, 104, 166, 217, 300, 1, 0.970441, 1, 1, 1, 133, 0, 0, 0, 0, 1, 0
335, 387, 401, 10314549, 6, 347, 115, 24, 104, 166, 1, 1, 1, 1, 1, 133, 1, 0, 0, 0, 0, 0
189, 157, 601, 10315136, 7, 107, 210, 20, 276, 67, 0.966277, 1, 0.757118, 1, 0.863443, 133, 0, 0, 0, 1, 0, 0
107, 273, 598, 10315136, 7, 182, 20, 162, 96, 154, 0.638258, 0.754051, 0.468254, 0.24122, 0.233971, 133, 0, 0, 0, 0, 0, 1
20, 312, 601, 10315724, 8, 96, 162, 154, 79, 182, 1, 0.969149, 0.85931, 0.752457, 0.967059, 133, 0, 0, 0, 0, 0, 0
182, 356, 601, 10315724, 8, 96, 162, 154, 79, 16, 0.971002, 1, 1, 0.859951, 0.323294, 133, 0, 0, 0, 0, 0, 1
154, 401, 637, 10316311, 9, 31, 108, 162, 79, 96, 0.12064, 1, 0.969088, 1, 0.755176, 133, 1, 0, 0, 0, 0, 1
162, 447, 598, 10316311, 9, 273, 16, 96, 173, 186, 1, 0.933755, 1, 0.430365, 0.215282, 133, 1, 0, 0, 0, 1, 0
96, 484, 598, 10316311, 9, 128, 173, 273, 16, 186, 0.946867, 0.684754, 0.465998, 0.646547, 0.411331, 133, 0, 0, 1, 0, 1, 1
16, 509, 601, 10316898, 10, 84, 128, 332, 186, 243, 1, 1, 1, 0.861074, 0.862783, 133, 0, 0, 1, 0, 1, 0
173, 553, 601, 10316898, 10, 84, 186, 128, 4, 273, 0.970826, 1, 1, 0.858677, 1, 133, 0, 0, 0, 0, 1, 1
273, 620, 598, 10316899, 10, 90, 84, 4, 186, 371, 0.944103, 1, 0.858677, 1, 0.702603, 133, 0, 0, 0, 0, 1, 0
2, -1, 718, 10318549, 6, 242, 275, 392, 308, 396, 1, 1, 0.970776, 0.969519, 0.96871, 133, 1, 1, 1, 1, 1, 0
242, -1, 780, 10318549, 6, 208, 77, 233, 396, 392, 1, 0.858807, 1, 1, 0.970776, 133, 0, 0, 1, 1, 1, 1
275, 1, 820, 10318549, 6, 77, 208, 233, 396, 392, 0.966158, 1, 1, 1, 0.970776, 133, 0, 0, 1, 1, 1, 0
276, 201, 618, 10319136, 7, 324, 107, 67, 210, 10, 0.305035, 0.965862, 0.970955, 0.966881, 0.54922, 133, 1, 0, 0, 0, 0, 1
392, 12, 798, 10319136, 7, 68, 77, 208, 184, 233, 1, 1, 0.968455, 0.430414, 1, 133, 0, 0, 0, 0, 1, 0
396, 12, 798, 10319136, 7, 77, 246, 68, 208, 184, 1, 0.782546, 0.843314, 1, 0.683534, 133, 0, 1, 0, 0, 0, 0
233, 19, 798, 10319136, 7, 68, 77, 208, 324, 246, 0.958585, 1, 1, 0.379493, 0.323085, 133, 0, 0, 0, 1, 1, 1
210, 201, 645, 10319723, 8, 55, 246, 107, 67, 10, 0.214973, 0.215376, 0.751179, 0.970893, 0.794095, 133, 1, 1, 0, 0, 0, 0
67, 201, 691, 10319723, 8, 246, 324, 295, 178, 107, 0.906138, 0.844382, 0.947652, 0.647061, 0.536556, 133, 1, 1, 0, 0, 0, 1
10, 198, 712, 10319724, 8, 246, 324, 271, 190, 136, 1, 0.969977, 0.859934, 0.966587, 0.644571, 133, 1, 1, 1, 0, 0, 0
186, 601, 647, 10321486, 11, 309, 360, 393, 19, 4, 0.795156, 0.323001, 0.214597, 1, 1, 133, 1, 1, 1, 0, 0, 1
273, 620, 598, 10321486, 11, 90, 84, 4, 186, 371, 0.943286, 1, 0.858255, 1, 0.701849, 133, 0, 0, 0, 0, 1, 0
128, 642, 598, 10321486, 11, 371, 377, 261, 318, 251, 1, 0.861222, 0.695208, 0.601807, 0.536436, 133, 1, 1, 1, 1, 1, 1
18, 312, 401, 10323136, 7, 24, 166, 351, 300, 217, 0.967754, 0.968052, 1, 1, 0.966347, 133, 0, 0, 1, 1, 0, 0
278, 379, 401, 10323136, 7, 351, 302, 372, 339, 279, 1, 0.969583, 1, 1, 1, 133, 1, 1, 1, 1, 1, 0
395, 401, 412, 10323136, 7, 300, 24, 104, 115, 166, 1, 1, 0.969543, 0.724812, 1, 133, 1, 0, 0, 0, 0, 1
300, 401, 416, 10323136, 7, 24, 104, 115, 166, 217, 0.967754, 1, 0.724812, 1, 1, 133, 0, 0, 0, 0, 0, 0
166, 445, 398, 10323136, 7, 24, 347, 286, 179, 53, 1, 0.316917, 0.231468, 0.158528, 0.751239, 133, 0, 1, 1, 1, 0, 0
300, 401, 416, 10323723, 8, 24, 104, 115, 166, 217, 0.967693, 1, 0.72476, 1, 1, 133, 0, 0, 0, 0, 0, 1
166, 445, 398, 10323723, 8, 24, 347, 286, 179, 53, 1, 0.316887, 0.231436, 0.158513, 0.751192, 133, 0, 1, 1, 1, 0, 0
104, 401, 467, 10323723, 8, 115, 154, 10000000, 10000000, 10000000, 0.862091, 0.482458, 0, 0, 0, 133, 0, 0, 1, 1, 1, 0
24, 486, 398, 10323723, 8, 286, 144, 347, 120, 53, 0.723638, 1, 0.431273, 0.548177, 0.751192, 133, 1, 0, 1, 0, 0, 1
115, 398, 533, 10323724, 8, 79, 154, 162, 96, 215, 0.966613, 1, 0.753134, 0.53898, 0.187848, 133, 0, 0, 0, 0, 1, 0
217, 401, 431, 10324310, 9, 115, 104, 24, 79, 154, 0.969791, 1, 0.860117, 0.434159, 0.429259, 133, 0, 0, 0, 0, 0, 0
166, 445, 398, 10324310, 9, 24, 347, 286, 179, 53, 1, 0.316858, 0.231405, 0.158498, 0.751145, 133, 0, 1, 1, 1, 0, 0
104, 401, 467, 10324310, 9, 115, 154, 10000000, 10000000, 10000000, 0.862036, 0.482423, 0, 0, 0, 133, 0, 0, 1, 1, 1, 1
115, 398, 533, 10324311, 9, 79, 154, 162, 96, 215, 0.966552, 1, 0.753086, 0.538946, 0.187827, 133, 0, 0, 0, 0, 1, 0
79, 401, 680, 10324898, 10, 177, 108, 96, 292, 31, 0.868421, 1, 0.754477, 0.547204, 0.322805, 133, 0, 0, 0, 0, 0, 0
108, 398, 728, 10324898, 10, 352, 304, 82, 177, 292, 1, 1, 0.752785, 1, 1, 133, 1, 1, 0, 0, 0, 1
4, 601, 690, 10326073, 12, 309, 393, 360, 204, 112, 0.953492, 0.722378, 0.645683, 0.860863, 0.753007, 133, 1, 1, 1, 0, 0, 0
19, 598, 711, 10326073, 12, 358, 387, 384, 317, 257, 0.969673, 0.968179, 0.967958, 0.965286, 0.857875, 133, 1, 1, 1, 1, 1, 0
393, 598, 787, 10326073, 12, 6, 194, 240, 337, 112, 1, 1, 1, 0.967983, 1, 133, 0, 0, 1, 1, 0, 1
208, 47, 798, 10327723, 8, 324, 77, 68, 190, 184, 0.757752, 1, 0.82068, 0.600985, 0.645025, 133, 1, 0, 0, 1, 0, 0
77, 89, 798, 10327723, 8, 324, 184, 136, 190, 3, 1, 0.967537, 0.750951, 0.643838, 0.47442, 133, 1, 0, 0, 1, 0, 0
68, 107, 801, 10327724, 8, 136, 271, 246, 324, 3, 1, 1, 1, 1, 0.858856, 133, 0, 1, 1, 1, 0, 1
53, 515, 401, 10328311, 9, 286, 347, 290, 35, 120, 1, 1, 0.85845, 0.968123, 1, 133, 1, 1, 1, 0, 0, 0
178, 198, 757, 10328311, 9, 246, 324, 271, 136, 3, 1, 1, 0.966533, 0.858635, 0.644101, 133, 1, 1, 1, 0, 0, 0
144, 554, 401, 10328311, 9, 367, 179, 21, 35, 286, 1, 1, 0.860407, 1, 1, 133, 1, 0, 0, 0, 1, 1
295, 198, 780, 10328311, 9, 246, 324, 136, 3, 271, 1, 1, 0.965965, 0.858801, 1, 133, 1, 1, 0, 0, 1, 0
271, 220, 798, 10328311, 9, 215, 3, 95, 352, 136, 0.820462, 0.966152, 0.794619, 0.646083, 1, 133, 0, 0, 0, 1, 0, 1
120, 643, 398, 10328311, 9, 286, 367, 398, 306, 139, 1, 0.754459, 0.684743, 0.683854, 0.24091, 133, 1, 1, 1, 1, 1, 0
3, 276, 798, 10328311, 9, 352, 292, 181, 227, 215, 0.845091, 0.79181, 0.604676, 0.646014, 0.683719, 133, 1, 1, 0, 1, 0, 0
115, 398, 533, 10328898, 10, 79, 154, 162, 96, 215, 0.966076, 1, 0.752715, 0.53868, 0.187665, 133, 0, 0, 0, 0, 1, 1
154, 401, 638, 10328898, 10, 31, 108, 162, 79, 96, 0.120457, 1, 0.967776, 1, 0.754152, 133, 1, 0, 0, 0, 0, 1
352, 387, 801, 10329485, 11, 317, 33, 82, 181, 141, 1, 1, 1, 1, 0.601453, 133, 1, 0, 0, 0, 0, 1
292, 401, 820, 10329486, 11, 82, 181, 10000000, 10000000, 10000000, 0.96739, 1, 0, 0, 0, 133, 0, 0, 1, 1, 1, 0
181, 444, 798, 10330073, 12, 358, 317, 384, 82, 257, 0.957871, 0.750456, 0.724125, 1, 0.64313, 133, 1, 1, 1, 0, 0, 0
82, 484, 798, 10330073, 12, 337, 194, 257, 358, 387, 1, 0.926933, 1, 0.965973, 0.952425, 133, 1, 0, 0, 1, 1, 0
33, 519, 801, 10330073, 12, 194, 240, 6, 337, 360, 0.967664, 1, 0.861911, 0.967567, 1, 133, 0, 1, 0, 1, 1, 1
141, 551, 801, 10330073, 12, 6, 194, 240, 337, 393, 0.96965, 1, 1, 0.967567, 1, 133, 0, 0, 1, 1, 1, 0
251, 780, 601, 10330073, 12, 94, 131, 261, 371, 334, 1, 1, 1, 1, 1, 133, 0, 0, 1, 1, 1, 0
318, 787, 601, 10330073, 12, 94, 131, 261, 297, 371, 1, 1, 1, 0.536025, 1, 133, 0, 0, 1, 1, 1, 0
377, 787, 601, 10330073, 12, 297, 94, 37, 131, 261, 1, 1, 0.820427, 1, 1, 133, 0, 0, 0, 0, 1, 1
286, 601, 419, 10332898, 10, 21, 332, 179, 130, 85, 1, 0.633004, 1, 0.63494, 0.643966, 133, 0, 1, 0, 0, 0, 0
179, 601, 445, 10332898, 10, 21, 332, 85, 130, 243, 1, 0.567586, 0.536639, 0.322209, 0.240303, 133, 0, 1, 0, 0, 1, 0
136, 247, 798, 10332898, 10, 215, 3, 227, 292, 352, 0.793608, 0.965676, 0.538079, 0.437743, 0.322882, 133, 0, 0, 1, 1, 1, 0
3, 276, 798, 10332898, 10, 352, 292, 181, 227, 215, 0.844623, 0.791235, 0.603838, 0.645695, 0.68329, 133, 1, 1, 0, 1, 0, 0
35, 683, 398, 10332898, 10, 283, 398, 367, 306, 234, 0.9399, 0.751837, 0.54692, 0.54674, 1, 133, 1, 1, 1, 1, 0, 0
95, 318, 801, 10332898, 10, 82, 181, 292, 352, 304, 0.967035, 1, 1, 1, 1, 133, 0, 0, 0, 1, 1, 0
215, 354, 801, 10332898, 10, 289, 169, 82, 181, 292, 0.214377, 0.137085, 1, 1, 0.966693, 133, 1, 1, 0, 0, 0, 1
352, 387, 801, 10332898, 10, 317, 33, 82, 181, 141, 1, 1, 1, 1, 0.600836, 133, 1, 0, 0, 0, 0, 0
79, 401, 680, 10333485, 11, 177, 108, 96, 292, 31, 0.865195, 1, 0.753779, 0.546562, 0.322507, 133, 0, 0, 0, 0, 0, 0
108, 398, 728, 10333485, 11, 352, 304, 82, 177, 292, 1, 1, 0.752091, 1, 1, 133, 1, 1, 0, 0, 0, 0
292, 401, 821, 10333486, 11, 82, 181, 10000000, 10000000, 10000000, 0.966974, 1, 0, 0, 0, 133, 0, 0, 1, 1, 1, 0
82, 484, 798, 10333486, 11, 337, 194, 257, 358, 387, 1, 0.926201, 1, 0.965575, 0.95191, 133, 1, 0, 0, 1, 1, 0
337, 612, 798, 10334660, 13, 301, 6, 194, 240, 133, 1, 1, 1, 1, 0.158304, 133, 1, 0, 0, 1, 1, 0
240, 618, 798, 10334660, 13, 6, 194, 211, 301, 223, 1, 1, 0.375011, 0.300793, 0.274494, 133, 0, 0, 0, 1, 1, 0
194, 646, 798, 10334660, 13, 6, 301, 223, 248, 69, 1, 0.481458, 0.482008, 0.240244, 0.120216, 133, 0, 1, 1, 1, 1, 0
261, 801, 621, 10334660, 13, 94, 37, 131, 171, 297, 1, 0.752753, 1, 0.536749, 0.428609, 133, 0, 0, 0, 0, 0, 0
131, 801, 640, 10334660, 13, 94, 171, 297, 37, 133, 1, 0.69801, 0.535762, 0.430144, 0.188464, 133, 0, 0, 0, 0, 1, 0
112, 601, 858, 10334660, 13, 337, 240, 194, 6, 10000000, 1, 0.967604, 0.859722, 0.646114, 0, 133, 1, 1, 0, 0, 1, 0
6, 685, 798, 10334660, 13, 248, 301, 223, 211, 133, 0.857348, 0.872596, 0.482008, 0.435237, 0.273832, 133, 1, 1, 0, 0, 1, 1
94, 801, 683, 10334660, 13, 171, 37, 133, 297, 248, 0.942397, 0.842529, 0.565393, 0.535762, 0.428674, 133, 0, 0, 0, 0, 0, 0
37, 798, 719, 10334661, 13, 248, 133, 301, 297, 223, 1, 0.96831, 0.964927, 1, 0.857968, 133, 0, 0, 1, 0, 1, 0
297, 798, 777, 10334661, 13, 248, 133, 301, 223, 10000000, 1, 0.96831, 1, 1, 0, 133, 0, 0, 1, 0, 1, 1
21, 601, 488, 10337485, 11, 332, 130, 186, 243, 85, 1, 0.841, 0.546854, 0.538045, 0.684146, 133, 1, 0, 0, 1, 0, 0
85, 598, 515, 10337485, 11, 4, 186, 332, 243, 273, 1, 1, 1, 1, 0.857733, 133, 0, 0, 1, 1, 1, 0
130, 598, 552, 10337485, 11, 4, 186, 19, 273, 128, 0.963882, 1, 0.901016, 0.964949, 0.860981, 133, 0, 0, 0, 1, 0, 0
243, 598, 580, 10337485, 11, 337, 4, 186, 128, 84, 1, 1, 1, 1, 0.861044, 133, 1, 0, 0, 0, 0, 0
332, 598, 587, 10337485, 11, 4, 186, 309, 128, 19, 1, 1, 0.759265, 1, 0.791412, 133, 0, 0, 1, 0, 0, 0
85, 598, 515, 10338072, 12, 4, 186, 332, 243, 273, 1, 1, 1, 1, 0.857679, 133, 0, 0, 1, 1, 1, 0
130, 598, 552, 10338072, 12, 4, 186, 19, 273, 128, 0.963821, 1, 0.900858, 0.964889, 0.860927, 133, 0, 0, 0, 1, 0, 0
332, 598, 587, 10338072, 12, 4, 186, 309, 128, 19, 1, 1, 0.758927, 1, 0.791338, 133, 0, 0, 1, 0, 0, 0
304, 387, 801, 10338073, 12, 257, 82, 181, 141, 292, 1, 1, 1, 0.643351, 1, 133, 0, 0, 0, 0, 0, 0
292, 401, 821, 10338073, 12, 82, 181, 10000000, 10000000, 10000000, 0.966497, 1, 0, 0, 0, 133, 0, 0, 1, 1, 1, 0
186, 601, 647, 10338073, 12, 309, 360, 393, 19, 4, 0.793064, 0.322425, 0.214216, 1, 1, 133, 1, 1, 1, 0, 0, 0
128, 643, 598, 10338660, 13, 371, 377, 261, 318, 251, 1, 0.859632, 0.692453, 0.600566, 0.535449, 133, 1, 1, 1, 1, 1, 0
186, 601, 647, 10338660, 13, 309, 360, 393, 19, 4, 0.79299, 0.322405, 0.214202, 1, 1, 133, 1, 1, 1, 0, 0, 0
4, 601, 690, 10338660, 13, 309, 393, 360, 204, 112, 0.951588, 0.721285, 0.64481, 0.859699, 0.751227, 133, 1, 1, 1, 0, 0, 0
19, 598, 710, 10338660, 13, 358, 387, 384, 317, 257, 0.96836, 0.96687, 0.966649, 0.963985, 0.856718, 133, 1, 1, 1, 1, 1, 0
204, 598, 751, 10339247, 14, 358, 317, 387, 384, 393, 1, 1, 0.966809, 0.966588, 1, 133, 1, 1, 1, 1, 1, 0
309, 598, 787, 10339247, 14, 6, 194, 240, 337, 112, 1, 1, 1, 0.966613, 1, 133, 0, 0, 1, 1, 0, 0
360, 598, 787, 10339247, 14, 6, 194, 240, 337, 112, 1, 1, 1, 0.966613, 1, 133, 0, 0, 1, 1, 0, 0
393, 598, 787, 10339247, 14, 6, 194, 240, 337, 112, 1, 1, 1, 0.966613, 1, 133, 0, 0, 1, 1, 0, 0
112, 601, 858, 10339247, 14, 337, 240, 194, 6, 10000000, 1, 0.967127, 0.859298, 0.645795, 0, 133, 1, 1, 0, 0, 1, 0
337, 612, 798, 10339834, 15, 301, 6, 194, 240, 133, 1, 1, 1, 1, 0.158174, 133, 1, 0, 0, 1, 1, 0
240, 618, 798, 10339834, 15, 6, 194, 211, 301, 223, 1, 1, 0.374647, 0.300326, 0.274299, 133, 0, 0, 0, 1, 1, 0
194, 646, 798, 10339834, 15, 6, 301, 223, 248, 69, 1, 0.481159, 0.481708, 0.240095, 0.120141, 133, 0, 1, 1, 1, 1, 0
112, 601, 858, 10339834, 15, 337, 240, 194, 6, 10000000, 1, 0.967066, 0.859244, 0.645754, 0, 133, 1, 1, 0, 0, 1, 0
6, 686, 798, 10339834, 15, 248, 301, 223, 211, 133, 0.856873, 0.87063, 0.481708, 0.434259, 0.273638, 133, 1, 1, 0, 0, 1, 0
301, 812, 798, 10340422, 16, 248, 133, 10000000, 10000000, 10000000, 1, 1, 0, 0, 0, 133, 0, 0, 1, 1, 1, 0
324, 201, 812, 10340898, 10, 3, 136, 271, 10000000, 10000000, 1, 1, 1, 0, 0, 133, 0, 0, 1, 1, 1, 0
246, 201, 820, 10340898, 10, 3, 136, 271, 10000000, 10000000, 0.964848, 1, 1, 0, 0, 133, 0, 0, 1, 1, 1, 0
271, 220, 798, 10341485, 11, 215, 3, 95, 352, 136, 0.818987, 0.964787, 0.792959, 0.645168, 1, 133, 0, 0, 0, 1, 0, 0
136, 247, 798, 10341485, 11, 215, 3, 227, 292, 352, 0.792528, 0.964787, 0.537582, 0.436104, 0.322584, 133, 0, 0, 1, 1, 1, 0
257, 578, 801, 10342073, 12, 6, 194, 240, 337, 112, 1, 1, 1, 0.96632, 0.964166, 133, 0, 0, 1, 1, 0, 0
358, 587, 801, 10342073, 12, 6, 194, 240, 337, 112, 1, 1, 1, 1, 0.964166, 133, 0, 0, 1, 1, 0, 0
387, 587, 801, 10342073, 12, 6, 194, 240, 337, 112, 1, 1, 1, 0.96632, 1, 133, 0, 0, 1, 1, 0, 0
337, 612, 798, 10342073, 12, 301, 6, 194, 240, 133, 1, 1, 1, 1, 0.158118, 133, 1, 0, 0, 1, 1, 0
194, 646, 798, 10342073, 12, 6, 301, 223, 248, 69, 1, 0.481029, 0.481578, 0.24003, 0.120109, 133, 0, 1, 1, 1, 1, 0
240, 618, 798, 10342660, 13, 6, 194, 211, 301, 223, 1, 1, 0.374449, 0.300071, 0.274193, 133, 0, 0, 0, 1, 1, 0
194, 646, 798, 10342660, 13, 6, 301, 223, 248, 69, 1, 0.480995, 0.481544, 0.240013, 0.1201, 133, 0, 1, 1, 1, 1, 0
6, 686, 798, 10342660, 13, 248, 301, 223, 211, 133, 0.856614, 0.869561, 0.481544, 0.433727, 0.273532, 133, 1, 1, 0, 0, 1, 0
194, 646, 798, 10343247, 14, 6, 301, 223, 248, 69, 1, 0.480961, 0.48151, 0.239996, 0.120092, 133, 0, 1, 1, 1, 1, 0
6, 686, 798, 10343247, 14, 248, 301, 223, 211, 133, 0.85656, 0.869339, 0.48151, 0.433617, 0.27351, 133, 1, 1, 0, 0, 1, 0
301, 812, 798, 10343835, 15, 248, 133, 10000000, 10000000, 10000000, 1, 1, 0, 0, 0, 133, 0, 0, 1, 1, 1, 0
223, 822, 798, 10343835, 15, 301, 248, 133, 10000000, 10000000, 1, 1, 0.967355, 0, 0, 133, 1, 0, 0, 1, 1, 0
234, 779, 401, 10345485, 11, 111, 280, 87, 146, 334, 1, 0.601768, 0.535962, 0.24038, 0.136175, 133, 0, 1, 0, 0, 1, 0
306, 787, 401, 10345485, 11, 111, 146, 87, 131, 334, 1, 0.752431, 0.428769, 0.301583, 0.136175, 133, 0, 0, 0, 0, 1, 0
367, 787, 401, 10345485, 11, 87, 371, 111, 280, 146, 0.951624, 0.744832, 1, 0.36055, 0.214526, 133, 0, 1, 0, 1, 1, 0
3, 276, 798, 10346072, 12, 352, 292, 181, 227, 215, 0.843283, 0.789589, 0.601446, 0.644781, 0.682062, 133, 1, 1, 0, 1, 0, 0
215, 354, 801, 10346072, 12, 289, 169, 82, 181, 292, 0.214075, 0.136838, 1, 1, 0.965327, 133, 1, 1, 0, 0, 0, 0
227, 380, 801, 10346073, 12, 360, 257, 82, 33, 181, 1, 0.857585, 1, 0.902601, 0.965223, 133, 1, 0, 0, 0, 0, 0
292, 401, 821, 10346660, 13, 82, 181, 10000000, 10000000, 10000000, 0.965607, 1, 0, 0, 0, 133, 0, 0, 1, 1, 1, 0
181, 444, 798, 10346660, 13, 358, 317, 384, 82, 257, 0.955701, 0.749124, 0.722678, 1, 0.641989, 133, 1, 1, 1, 0, 0, 0
82, 484, 798, 10346660, 13, 337, 194, 257, 358, 387, 1, 0.923384, 1, 0.964042, 0.949924, 133, 1, 0, 0, 1, 1, 0
248, 801, 821, 10348422, 16, 10000000, 10000000, 10000000, 10000000, 10000000, 0, 0, 0, 0, 0, 133, 1, 1, 1, 1, 1, 0
74, 798, 920, 10349009, 17, 281, 10000, 10000, 10000, 10000, 1, 1, 1, 1, 1, 133, 0, 0, 0, 0, 0, 0
251, 780, 601, 10351247, 14, 94, 131, 261, 371, 334, 1, 1, 1, 1, 1, 133, 0, 0, 1, 1, 1, 0
318, 787, 601, 10351247, 14, 94, 131, 261, 297, 371, 1, 1, 1, 0.534811, 1, 133, 0, 0, 1, 1, 1, 0
371, 801, 612, 10351247, 14, 94, 248, 37, 131, 171, 1, 0.744101, 0.720729, 1, 0.479061, 133, 0, 1, 0, 0, 0, 0
131, 801, 640, 10351834, 15, 94, 171, 297, 37, 133, 1, 0.695232, 0.534777, 0.429351, 0.187856, 133, 0, 0, 0, 0, 1, 0
94, 801, 683, 10351834, 15, 171, 37, 133, 297, 248, 0.939356, 0.840791, 0.563568, 0.534777, 0.427887, 133, 0, 0, 0, 0, 0, 0
37, 798, 719, 10351834, 15, 248, 133, 301, 297, 223, 1, 0.966524, 0.963153, 1, 0.856391, 133, 0, 0, 1, 0, 1, 0
171, 798, 755, 10351835, 15, 248, 133, 301, 223, 69, 1, 0.966524, 1, 0.96344, 1, 133, 0, 0, 1, 1, 0, 0
37, 798, 719, 10352421, 16, 248, 133, 301, 297, 223, 1, 0.966463, 0.963093, 1, 0.856337, 133, 0, 0, 1, 0, 1, 0
171, 798, 755, 10352422, 16, 248, 133, 301, 223, 69, 1, 0.966463, 1, 0.963379, 1, 133, 0, 0, 1, 1, 0, 0
248, 801, 821, 10352422, 16, 10000000, 10000000, 10000000, 10000000, 10000000, 0, 0, 0, 0, 0, 133, 1, 1, 1, 1, 1, 0
301, 812, 798, 10353009, 17, 248, 133, 10000000, 10000000, 10000000, 1, 1, 0, 0, 0, 133, 0, 0, 1, 1, 1, 0
248, 801, 821, 10353009, 17, 10000000, 10000000, 10000000, 10000000, 10000000, 0, 0, 0, 0, 0, 133, 1, 1, 1, 1, 1, 0
69, 801, 888, 10353009, 17, 248, 133, 301, 223, 297, 1, 1, 0.963032, 0.856283, 1, 133, 0, 0, 1, 1, 0, 0
74, 798, 920, 10353596, 18, 281, 10000, 10000, 10000, 10000, 1, 1, 1, 1, 1, 133, 0, 0, 0, 0, 0, 0
186, 601, 647, 10354073, 12, 309, 360, 393, 19, 4, 0.791056, 0.321872, 0.213849, 1, 1, 133, 1, 1, 1, 0, 0, 0
111, 801, 468, 10354073, 12, 94, 371, 280, 131, 87, 0.745804, 0.747556, 0.684531, 0.601607, 0.817076, 133, 0, 1, 0, 0, 0, 0
4, 601, 690, 10354073, 12, 309, 393, 360, 204, 112, 0.949268, 0.719951, 0.643743, 0.858277, 0.749059, 133, 1, 1, 1, 0, 0, 0
87, 798, 518, 10354073, 12, 94, 131, 261, 371, 334, 0.966329, 1, 1, 1, 1, 133, 0, 0, 1, 1, 1, 0
371, 801, 612, 10354073, 12, 94, 248, 37, 131, 171, 1, 0.74254, 0.720484, 1, 0.478899, 133, 0, 1, 0, 0, 0, 0
371, 801, 612, 10354660, 13, 94, 248, 37, 131, 171, 1, 0.742216, 0.720433, 1, 0.478866, 133, 0, 1, 0, 0, 0, 0
261, 801, 621, 10354660, 13, 94, 37, 131, 171, 297, 1, 0.751137, 1, 0.535599, 0.427693, 133, 0, 0, 0, 0, 0, 0
94, 801, 683, 10354660, 13, 171, 37, 133, 297, 248, 0.938857, 0.840506, 0.563269, 0.534616, 0.427757, 133, 0, 0, 0, 0, 0, 0
257, 578, 801, 10355247, 14, 6, 194, 240, 337, 112, 1, 1, 1, 0.964955, 0.962807, 133, 0, 0, 1, 1, 0, 0
358, 587, 801, 10355247, 14, 6, 194, 240, 337, 112, 1, 1, 1, 1, 0.962807, 133, 0, 0, 1, 1, 0, 0
337, 612, 798, 10355247, 14, 301, 6, 194, 240, 133, 1, 1, 1, 1, 0.15779, 133, 1, 0, 0, 1, 1, 0
37, 798, 719, 10355248, 14, 248, 133, 301, 297, 223, 1, 0.96617, 0.962801, 1, 0.856078, 133, 0, 0, 1, 0, 1, 0
171, 798, 755, 10355248, 14, 248, 133, 301, 223, 69, 1, 0.96617, 1, 0.963088, 1, 133, 0, 0, 1, 1, 0, 0
297, 798, 777, 10355248, 14, 248, 133, 301, 223, 10000000, 1, 0.96617, 1, 1, 0, 133, 0, 0, 1, 0, 1, 0
248, 801, 821, 10355248, 14, 10000000, 10000000, 10000000, 10000000, 10000000, 0, 0, 0, 0, 0, 133, 1, 1, 1, 1, 1, 0
240, 618, 798, 10355834, 15, 6, 194, 211, 301, 223, 1, 1, 0.373528, 0.298889, 0.273698, 133, 0, 0, 0, 1, 1, 0
194, 646, 798, 10355834, 15, 6, 301, 223, 248, 69, 1, 0.480234, 0.480781, 0.239635, 0.11991, 133, 0, 1, 1, 1, 1, 0
6, 686, 798, 10355835, 15, 248, 301, 223, 211, 133, 0.855407, 0.864608, 0.480781, 0.431263, 0.27304, 133, 1, 1, 0, 0, 1, 0
301, 812, 798, 10355835, 15, 248, 133, 10000000, 10000000, 10000000, 1, 1, 0, 0, 0, 133, 0, 0, 1, 1, 1, 0
248, 801, 821, 10355835, 15, 10000000, 10000000, 10000000, 10000000, 10000000, 0, 0, 0, 0, 0, 133, 1, 1, 1, 1, 1, 0
74, 798, 920, 10356422, 16, 281, 10000, 10000, 10000, 10000, 1, 1, 1, 1, 1, 133, 0, 0, 0, 0, 0, 0
204, 598, 751, 10358660, 13, 358, 317, 387, 384, 393, 1, 1, 0.964797, 0.964577, 1, 133, 1, 1, 1, 1, 1, 0
309, 598, 787, 10358660, 13, 6, 194, 240, 337, 112, 1, 1, 1, 0.964602, 1, 133, 0, 0, 1, 1, 0, 0
360, 598, 787, 10358660, 13, 6, 194, 240, 337, 112, 1, 1, 1, 0.964602, 1, 133, 0, 0, 1, 1, 0, 0
393, 598, 787, 10358660, 13, 6, 194, 240, 337, 112, 1, 1, 1, 0.964602, 1, 133, 0, 0, 1, 1, 0, 0
337, 612, 798, 10359247, 14, 301, 6, 194, 240, 133, 1, 1, 1, 1, 0.15769, 133, 1, 0, 0, 1, 1, 0
240, 618, 798, 10359247, 14, 6, 194, 211, 301, 223, 1, 1, 0.37329, 0.298585, 0.273571, 133, 0, 0, 0, 1, 1, 0
194, 646, 798, 10359247, 14, 6, 301, 223, 248, 69, 1, 0.480038, 0.480584, 0.239537, 0.119861, 133, 0, 1, 1, 1, 1, 0
112, 601, 858, 10359247, 14, 337, 240, 194, 6, 10000000, 1, 0.965053, 0.857456, 0.644408, 0, 133, 1, 1, 0, 0, 1, 0
6, 686, 798, 10359247, 14, 248, 301, 223, 211, 133, 0.855095, 0.863335, 0.480584, 0.430629, 0.272913, 133, 1, 1, 0, 0, 1, 0
301, 812, 798, 10359835, 15, 248, 133, 10000000, 10000000, 10000000, 1, 1, 0, 0, 0, 133, 0, 0, 1, 1, 1, 0
211, 850, 798, 10359835, 15, 248, 133, 301, 223, 297, 1, 0.858395, 1, 1, 0.961776, 133, 0, 0, 1, 0, 0, 0
248, 801, 821, 10364422, 16, 10000000, 10000000, 10000000, 10000000, 10000000, 0, 0, 0, 0, 0, 133, 1, 1, 1, 1, 1, 0
74, 798, 920, 10365009, 17, 281, 10000, 10000, 10000, 10000, 1, 1, 1, 1, 1, 133, 0, 0, 0, 0, 0, 0
337, 612, 798, 10375835, 15, 301, 6, 194, 240, 133, 1, 1, 1, 1, 0.157279, 133, 1, 0, 0, 1, 1, 0
240, 618, 798, 10376422, 16, 6, 194, 211, 301, 223, 1, 1, 0.372097, 0.297061, 0.27293, 133, 0, 0, 0, 1, 1, 0
194, 647, 798, 10376422, 16, 6, 301, 223, 248, 69, 1, 0.47905, 0.479594, 0.239045, 0.119615, 133, 0, 1, 1, 1, 1, 0
6, 686, 798, 10376422, 16, 248, 301, 223, 211, 133, 0.853528, 0.856981, 0.479594, 0.427467, 0.272275, 133, 1, 1, 0, 0, 1, 0
301, 812, 798, 10381009, 17, 248, 133, 10000000, 10000000, 10000000, 1, 1, 0, 0, 0, 133, 0, 0, 1, 1, 1, 0
223, 822, 798, 10381009, 17, 301, 248, 133, 10000000, 10000000, 1, 1, 0.963506, 0, 0, 133, 1, 0, 0, 1, 1, 0
211, 850, 798, 10381009, 17, 248, 133, 301, 223, 297, 1, 0.856449, 1, 1, 0.959605, 133, 0, 0, 1, 0, 0, 0
248, 801, 821, 10385596, 18, 10000000, 10000000, 10000000, 10000000, 10000000, 0, 0, 0, 0, 0, 133, 1, 1, 1, 1, 1, 0
74, 798, 920, 10386184, 19, 281, 10000, 10000, 10000, 10000, 1, 1, 1, 1, 1, 133, 0, 0, 0, 0, 0, 0
394, 8, -1, 11299999, 1, 365, 369, 326, 343, 266, 1, 1, 1, 0.604171, 1, 112, 1, 1, 1, 1, 0, 0
369, 8, -1, 11300199, 2, 11, 29, 8, 38, 160, 1, 0.966286, 1, 0.972318, 1, 112, 0, 0, 0, 0, 0, 1
326, 8, -1, 11300200, 2, 394, 369, 323, 343, 270, 1, 1, 1, 0.953823, 0.548451, 112, 1, 1, 1, 1, 1, 0
160, 1, 52, 11304787, 3, 379, 165, 11, 29, 8, 1, 0.8447, 1, 0.756356, 0.753346, 112, 1, 0, 0, 0, 0, 0
8, 91, -1, 11304787, 3, 343, 330, 323, 235, 365, 0.958612, 0.645602, 0.723556, 0.702524, 0.431726, 112, 1, 1, 1, 1, 1, 1
38, 94, 1, 11304787, 3, 149, 365, 330, 323, 343, 1, 1, 1, 1, 1, 112, 0, 1, 1, 1, 1, 0
11, 1, 95, 11304787, 3, 32, 346, 150, 270, 343, 0.949927, 1, 0.241324, 0.121071, 0.120764, 112, 0, 1, 1, 1, 1, 1
29, -1, 102, 11304787, 3, 32, 176, 284, 379, 346, 0.970351, 1, 1, 1, 1, 112, 0, 0, 0, 1, 1, 0
346, 1, 212, 11305374, 4, 32, 56, 64, 176, 216, 1, 0.971521, 0.86371, 1, 1, 112, 0, 0, 0, 0, 0, 1
176, 1, 259, 11309961, 5, 348, 32, 64, 191, 56, 1, 1, 0.757123, 0.467534, 0.755253, 112, 1, 0, 0, 0, 0, 0
216, 57, 198, 11309961, 5, 313, 368, 249, 129, 56, 0.547781, 0.482942, 0.464889, 0.84312, 1, 112, 1, 1, 1, 0, 0, 1
32, 1, 297, 11309961, 5, 348, 174, 282, 191, 43, 0.971514, 1, 0.724467, 0.483248, 0.411588, 112, 1, 0, 0, 0, 0, 1
64, -1, 305, 11309962, 5, 43, 191, 348, 282, 174, 1, 1, 1, 1, 1, 112, 0, 0, 1, 0, 0, 0
174, -1, 343, 11310549, 6, 43, 191, 221, 348, 282, 1, 1, 0.967392, 1, 1, 112, 0, 0, 0, 1, 0, 1
282, -1, 375, 11310549, 6, 43, 50, 191, 221, 110, 1, 0.934511, 1, 1, 0.86218, 112, 0, 0, 0, 0, 0, 0
191, 1, 459, 11310549, 6, 163, 50, 201, 370, 374, 1, 1, 0.859529, 0.755233, 0.684674, 112, 0, 0, 0, 1, 1, 0
43, 1, 488, 11310549, 6, 163, 267, 370, 390, 328, 1, 0.937967, 1, 0.754733, 0.635061, 112, 0, 0, 1, 1, 1, 0
343, 187, 1, 11313374, 4, 98, 123, 7, 170, 235, 1, 1, 1, 1, 1, 112, 0, 0, 0, 0, 0, 1
323, 201, 12, 11313374, 4, 199, 98, 123, 60, 313, 0.969217, 1, 1, 0.860643, 0.611418, 112, 0, 0, 0, 0, 1, 0
365, 212, -1, 11313374, 4, 98, 123, 62, 7, 170, 1, 1, 0.968538, 1, 1, 112, 0, 0, 0, 0, 0, 0
330, 212, -1, 11313374, 4, 98, 123, 149, 7, 170, 0.968195, 1, 0.958163, 1, 1, 112, 0, 0, 0, 0, 0, 0
235, 201, 24, 11313961, 5, 98, 123, 199, 60, 7, 1, 1, 0.68575, 0.645441, 0.862528, 112, 0, 0, 0, 0, 0, 0
123, 201, 62, 11313961, 5, 263, 132, 344, 249, 98, 0.95855, 0.697957, 0.687369, 0.638519, 1, 112, 0, 0, 1, 1, 0, 0
170, 261, -1, 11313961, 5, 320, 373, 254, 158, 149, 0.916141, 0.322798, 0.274974, 0.159259, 0.94464, 112, 1, 1, 1, 1, 0, 0
98, 201, 87, 11313961, 5, 313, 344, 249, 368, 263, 1, 0.931753, 0.84206, 0.796599, 0.862347, 112, 1, 1, 0, 1, 0, 1
7, 293, -1, 11313961, 5, 320, 373, 254, 158, 149, 0.722909, 0.546934, 0.602241, 0.215733, 0.963202, 112, 1, 1, 1, 1, 0, 1
263, 198, 173, 11314549, 6, 229, 13, 23, 193, 132, 1, 1, 1, 0.91856, 1, 112, 0, 0, 0, 0, 0, 0
344, 198, 187, 11314549, 6, 366, 229, 13, 71, 363, 1, 1, 0.952346, 1, 0.764341, 112, 1, 0, 0, 0, 1, 0
368, 201, 212, 11314549, 6, 305, 193, 229, 23, 13, 0.959748, 0.960219, 0.872104, 1, 0.862983, 112, 1, 0, 0, 0, 0, 0
313, 201, 213, 11314549, 6, 229, 193, 23, 13, 132, 1, 0.946234, 1, 0.862983, 1, 112, 0, 0, 0, 0, 0, 1
249, 201, 224, 11314549, 6, 299, 305, 193, 23, 132, 1, 0.953365, 0.927868, 1, 1, 112, 0, 1, 0, 0, 0, 0
282, -1, 375, 11315136, 7, 43, 50, 191, 221, 110, 1, 0.933511, 1, 1, 0.861754, 112, 0, 0, 0, 0, 0, 0
348, -1, 386, 11315136, 7, 43, 110, 191, 221, 50, 1, 0.969474, 1, 1, 0.821676, 112, 0, 0, 0, 0, 0, 0
221, 40, 398, 11315136, 7, 336, 262, 110, 83, 157, 0.866549, 0.84435, 1, 0.752635, 0.539104, 112, 1, 0, 0, 0, 0, 1
132, 201, 257, 11315136, 7, 399, 23, 193, 229, 366, 0.752842, 1, 0.822979, 0.752393, 0.699816, 112, 1, 0, 0, 0, 1, 0
191, 1, 459, 11315136, 7, 163, 50, 201, 370, 374, 1, 1, 0.859106, 0.75486, 0.684244, 112, 0, 0, 0, 1, 1, 0
23, 201, 298, 11315136, 7, 363, 305, 366, 229, 399, 0.941448, 0.964783, 0.957392, 0.859878, 0.724391, 112, 1, 1, 1, 0, 1, 0
13, 198, 301, 11315136, 7, 205, 299, 363, 311, 65, 1, 1, 1, 1, 0.860701, 112, 0, 0, 1, 1, 0, 0
43, 1, 488, 11315136, 7, 163, 267, 370, 390, 328, 1, 0.936959, 1, 0.75436, 0.634599, 112, 0, 0, 1, 1, 1, 1
193, 198, 337, 11315136, 7, 65, 205, 299, 274, 363, 1, 1, 1, 1, 1, 112, 0, 0, 0, 0, 1, 1
370, -1, 587, 11315723, 8, 103, 34, 308, 134, 28, 1, 0.966879, 1, 1, 0.966605, 112, 0, 0, 1, 0, 0, 0
390, -1, 587, 11315723, 8, 103, 34, 134, 28, 259, 1, 0.966879, 1, 1, 1, 112, 0, 0, 0, 0, 0, 0
328, 1, 613, 11315724, 8, 34, 134, 28, 242, 163, 0.966879, 1, 1, 0.820584, 1, 112, 0, 0, 0, 0, 0, 0
163, 1, 658, 11315724, 8, 34, 214, 28, 134, 242, 0.752017, 1, 1, 0.861456, 0.724673, 112, 0, 0, 0, 0, 0, 1
28, 1, 698, 11316311, 9, 242, 275, 34, 214, 142, 0.971269, 0.725718, 0.644546, 0.725062, 0.32222, 112, 0, 0, 0, 0, 0, 0
214, -1, 745, 11316311, 9, 396, 392, 353, 308, 233, 1, 1, 1, 1, 1, 112, 1, 1, 1, 1, 0, 1
242, -1, 774, 11316311, 9, 208, 77, 233, 396, 392, 1, 0.861565, 1, 1, 1, 112, 0, 0, 0, 1, 1, 0
363, 201, 412, 11319723, 8, 222, 65, 205, 45, 188, 0.965836, 1, 1, 0.86288, 1, 112, 0, 0, 0, 0, 0, 0
299, 201, 425, 11319724, 8, 65, 205, 45, 188, 113, 1, 1, 0.86288, 1, 0.683584, 112, 0, 0, 0, 0, 0, 0
205, 201, 459, 11319724, 8, 210, 222, 65, 113, 45, 0.872637, 0.858521, 1, 0.644874, 0.75502, 112, 0, 0, 0, 0, 0, 0
65, 201, 499, 11319724, 8, 210, 276, 222, 113, 67, 0.794715, 0.564073, 0.683821, 0.752353, 0.322937, 112, 0, 0, 0, 0, 0, 1
113, 198, 520, 11320311, 9, 67, 210, 10, 276, 222, 0.96875, 1, 0.933041, 1, 1, 112, 0, 0, 0, 0, 0, 0
222, 198, 554, 11320311, 9, 67, 178, 210, 276, 184, 1, 0.916809, 1, 1, 0.107667, 112, 0, 0, 0, 0, 1, 0
276, 201, 623, 11320311, 9, 107, 67, 324, 210, 10, 0.970466, 1, 0.233673, 1, 0.603556, 112, 0, 0, 1, 0, 0, 0
210, 201, 658, 11320311, 9, 246, 55, 67, 107, 178, 1, 0.215122, 1, 0.754807, 0.724171, 112, 0, 1, 0, 0, 0, 1
353, 12, 798, 11320898, 10, 184, 77, 68, 208, 271, 0.952863, 1, 1, 1, 0.568649, 112, 0, 0, 0, 0, 0, 0
392, 12, 798, 11320898, 10, 324, 184, 77, 68, 208, 0.903806, 0.931973, 1, 1, 1, 112, 1, 0, 0, 0, 0, 0
396, 12, 798, 11320898, 10, 77, 208, 68, 184, 233, 1, 1, 0.859998, 0.721441, 1, 112, 0, 0, 0, 0, 0, 1
308, 12, 798, 11320898, 10, 77, 324, 184, 208, 68, 1, 0.756693, 0.822649, 1, 0.722527, 112, 0, 1, 0, 0, 0, 0
67, 201, 706, 11320898, 10, 324, 246, 295, 178, 190, 0.861024, 0.927659, 0.955814, 0.751818, 0.378126, 112, 1, 0, 0, 0, 0, 0
178, 198, 746, 11320899, 10, 324, 136, 271, 190, 55, 1, 0.860996, 0.966262, 1, 1, 112, 1, 0, 0, 0, 0, 0
233, 25, 798, 11321485, 11, 184, 77, 68, 208, 324, 1, 1, 0.963301, 1, 0.478276, 112, 0, 0, 0, 0, 1, 0
208, 59, 798, 11321485, 11, 184, 324, 77, 271, 68, 0.95968, 0.797126, 1, 0.568586, 0.842888, 112, 0, 1, 0, 0, 0, 0
68, 92, 801, 11321485, 11, 136, 271, 246, 324, 190, 1, 1, 1, 1, 0.858974, 112, 0, 0, 0, 1, 0, 0
77, 104, 798, 11321485, 11, 324, 136, 184, 190, 271, 1, 0.791097, 1, 0.64423, 0.466856, 112, 1, 0, 0, 1, 0, 1
184, 145, 801, 11321486, 11, 95, 136, 271, 3, 190, 1, 1, 1, 0.859111, 1, 112, 0, 0, 0, 0, 0, 0
184, 145, 801, 11322073, 12, 95, 136, 271, 3, 190, 1, 1, 1, 0.859057, 1, 112, 0, 0, 0, 0, 0, 0
324, 201, 812, 11322073, 12, 3, 136, 271, 190, 55, 0.966439, 1, 1, 1, 1, 112, 0, 0, 0, 0, 0, 1
271, 226, 798, 11322073, 12, 215, 3, 352, 95, 136, 0.842692, 0.966439, 0.754563, 0.823488, 1, 112, 0, 0, 1, 0, 0, 0
149, 342, 1, 11322549, 6, 338, 291, 155, 373, 320, 0.21486, 0.240755, 0.120784, 1, 1, 112, 1, 1, 1, 1, 1, 0
320, 401, 12, 11322549, 6, 48, 138, 158, 100, 260, 1, 0.751915, 1, 0.752966, 0.646579, 112, 0, 0, 0, 0, 0, 1
373, 401, 12, 11322549, 6, 48, 100, 158, 138, 254, 1, 0.860533, 1, 0.60409, 1, 112, 0, 0, 0, 0, 0, 0
271, 226, 798, 11322660, 13, 215, 3, 352, 95, 136, 0.842632, 0.966378, 0.754515, 0.823422, 1, 112, 0, 0, 1, 0, 0, 0
190, 201, 858, 11322660, 13, 136, 3, 271, 10000000, 10000000, 0.860833, 0.751627, 1, 0, 0, 112, 0, 0, 0, 1, 1, 0
136, 259, 798, 11322660, 13, 352, 215, 95, 227, 3, 1, 0.823034, 0.928662, 0.725272, 0.966378, 112, 1, 0, 0, 0, 0, 0
55, 201, 892, 11322660, 13, 271, 136, 3, 190, 10000000, 0.858737, 0.753229, 0.536876, 1, 0, 112, 1, 0, 0, 0, 1, 0
158, 401, 53, 11323136, 7, 378, 138, 100, 48, 260, 0.959238, 0.859278, 0.966657, 1, 0.646538, 112, 1, 0, 0, 0, 0, 0
48, 401, 92, 11323136, 7, 118, 260, 325, 138, 100, 1, 1, 0.95044, 0.966687, 1, 112, 0, 0, 1, 0, 0, 1
100, 398, 101, 11323136, 7, 41, 118, 356, 314, 378, 0.969718, 1, 1, 1, 1, 112, 0, 0, 1, 1, 1, 0
138, 398, 145, 11323136, 7, 41, 118, 356, 314, 310, 1, 1, 1, 1, 1, 112, 0, 0, 1, 1, 1, 0
110, 72, 398, 11323723, 8, 188, 311, 262, 157, 83, 0.947384, 1, 0.858997, 0.861769, 0.966781, 112, 0, 1, 0, 0, 0, 0
100, 398, 101, 11323723, 8, 41, 118, 356, 314, 378, 0.969657, 1, 1, 1, 1, 112, 0, 0, 1, 1, 1, 0
83, 109, 401, 11323723, 8, 188, 299, 274, 386, 366, 1, 1, 1, 1, 1, 112, 0, 0, 0, 1, 1, 0
157, 144, 401, 11323723, 8, 45, 205, 188, 65, 299, 1, 1, 1, 0.859907, 1, 112, 0, 0, 0, 0, 0, 0
138, 398, 145, 11323723, 8, 41, 118, 356, 314, 310, 1, 1, 1, 1, 1, 112, 0, 0, 1, 1, 1, 0
262, 173, 401, 11323723, 8, 65, 45, 205, 188, 299, 1, 0.970321, 1, 1, 1, 112, 0, 0, 0, 0, 0, 0
260, 398, 170, 11323723, 8, 41, 116, 118, 117, 244, 1, 0.91534, 1, 0.970167, 1, 112, 0, 0, 0, 0, 0, 1
336, 187, 401, 11323723, 8, 222, 335, 65, 45, 113, 1, 1, 1, 1, 0.865654, 112, 0, 1, 0, 0, 0, 1
325, 398, 187, 11323723, 8, 224, 41, 351, 118, 117, 1, 1, 0.864159, 1, 1, 112, 0, 0, 1, 0, 0, 0
65, 201, 499, 11324311, 9, 210, 276, 222, 113, 67, 0.794136, 0.563586, 0.683392, 0.751983, 0.322778, 112, 0, 0, 0, 0, 0, 0
45, 296, 398, 11324311, 9, 381, 335, 395, 372, 339, 1, 1, 0.93239, 0.72229, 0.684433, 112, 1, 1, 1, 1, 1, 0
113, 198, 520, 11324311, 9, 67, 210, 10, 276, 222, 0.968333, 1, 0.932171, 1, 1, 112, 0, 0, 0, 0, 0, 0
222, 198, 554, 11324311, 9, 67, 178, 210, 276, 184, 1, 0.915689, 1, 1, 0.107621, 112, 0, 0, 0, 0, 1, 1
276, 201, 624, 11324898, 10, 107, 67, 324, 210, 10, 0.969986, 1, 0.233423, 1, 0.603222, 112, 0, 0, 1, 0, 0, 0
210, 201, 658, 11324898, 10, 246, 55, 67, 107, 178, 1, 0.215016, 1, 0.754434, 0.723771, 112, 0, 1, 0, 0, 0, 0
67, 201, 706, 11324898, 10, 324, 246, 295, 178, 190, 0.860653, 0.9268, 0.955205, 0.751495, 0.37784, 112, 1, 0, 0, 0, 0, 1
178, 198, 746, 11325486, 11, 324, 136, 271, 190, 55, 1, 0.860571, 0.965786, 1, 1, 112, 1, 0, 0, 0, 0, 0
295, 198, 773, 11325486, 11, 136, 271, 3, 190, 55, 0.968143, 1, 0.751399, 1, 1, 112, 0, 0, 0, 0, 0, 0
324, 201, 812, 11325486, 11, 3, 136, 271, 190, 55, 0.966085, 1, 1, 1, 1, 112, 0, 0, 0, 0, 0, 1
246, 201, 826, 11325486, 11, 136, 3, 271, 190, 55, 1, 0.858742, 1, 1, 1, 112, 0, 0, 0, 0, 0, 0
190, 201, 858, 11325486, 11, 136, 3, 271, 10000000, 10000000, 0.860571, 0.751399, 1, 0, 0, 112, 0, 0, 0, 1, 1, 0
271, 226, 798, 11326073, 12, 215, 3, 352, 95, 136, 0.842286, 0.966024, 0.754238, 0.823036, 1, 112, 0, 0, 1, 0, 0, 0
190, 201, 858, 11326073, 12, 136, 3, 271, 10000000, 10000000, 0.860517, 0.751352, 1, 0, 0, 112, 0, 0, 0, 1, 1, 0
136, 259, 798, 11326073, 12, 352, 215, 95, 227, 3, 1, 0.822649, 0.927927, 0.724973, 0.966024, 112, 1, 0, 0, 0, 0, 0
55, 201, 892, 11326073, 12, 271, 136, 3, 190, 10000000, 0.858422, 0.752952, 0.53668, 1, 0, 112, 1, 0, 0, 0, 1, 0
56, 97, 198, 11326549, 6, 27, 313, 368, 249, 129, 0.773936, 0.636077, 0.429896, 0.360337, 0.86063, 112, 0, 1, 1, 1, 0, 0
129, 148, 201, 11326549, 6, 344, 260, 325, 310, 132, 1, 0.233581, 0.136965, 0.215017, 1, 112, 1, 1, 1, 1, 0, 0
368, 201, 212, 11326549, 6, 305, 193, 229, 23, 13, 0.958172, 0.958641, 0.867565, 1, 0.861867, 112, 1, 0, 0, 0, 0, 1
313, 201, 213, 11326549, 6, 229, 193, 23, 13, 132, 1, 0.94409, 1, 0.861867, 1, 112, 0, 0, 0, 0, 0, 1
244, 424, 198, 11328310, 9, 312, 239, 380, 41, 118, 0.536302, 0.322081, 0.215537, 0.861491, 0.968122, 112, 1, 1, 1, 0, 0, 0
118, 401, 257, 11328311, 9, 395, 381, 104, 116, 388, 1, 1, 0.767882, 1, 0.776465, 112, 1, 1, 0, 0, 1, 0
41, 401, 300, 11328311, 9, 104, 395, 388, 300, 302, 0.941713, 1, 0.940896, 0.84449, 0.860453, 112, 0, 1, 1, 1, 1, 1
116, 398, 333, 11328311, 9, 104, 217, 300, 395, 388, 1, 1, 1, 1, 1, 112, 0, 0, 1, 1, 1, 0
302, 398, 384, 11328898, 10, 104, 217, 115, 300, 166, 1, 1, 0.720827, 1, 1, 112, 0, 0, 0, 1, 0, 0
388, 401, 412, 11328898, 10, 115, 104, 217, 24, 154, 0.961102, 1, 1, 1, 0.477667, 112, 0, 0, 0, 0, 0, 0
395, 401, 412, 11328898, 10, 104, 115, 217, 24, 300, 1, 0.754004, 1, 1, 1, 112, 0, 0, 0, 0, 1, 1
300, 401, 420, 11328898, 10, 104, 115, 217, 24, 154, 1, 0.754004, 1, 0.965113, 0.215145, 112, 0, 0, 0, 0, 0, 0
3, 290, 798, 11330660, 13, 33, 352, 227, 292, 304, 1, 0.86156, 0.753958, 0.68334, 0.645786, 112, 0, 1, 0, 0, 1, 0
95, 304, 801, 11330660, 13, 82, 181, 292, 352, 304, 1, 1, 1, 1, 1, 112, 0, 0, 0, 1, 1, 0
215, 342, 801, 11330660, 13, 289, 169, 82, 181, 292, 0.214615, 0.120591, 1, 1, 1, 112, 1, 1, 0, 0, 0, 0
227, 375, 801, 11330660, 13, 82, 33, 181, 360, 177, 1, 0.928437, 1, 0.765544, 1, 112, 0, 0, 0, 1, 0, 0
352, 387, 801, 11330660, 13, 360, 309, 33, 82, 181, 1, 1, 1, 1, 1, 112, 1, 1, 0, 0, 0, 1
181, 457, 798, 11331248, 14, 358, 257, 317, 33, 82, 0.962805, 0.956142, 0.845293, 0.95177, 1, 112, 1, 0, 1, 0, 0, 0
82, 498, 798, 11331248, 14, 337, 257, 358, 387, 384, 1, 1, 0.969516, 0.958788, 0.843598, 112, 1, 0, 1, 1, 1, 0
33, 508, 801, 11331248, 14, 112, 387, 384, 358, 317, 0.840335, 1, 1, 1, 1, 112, 0, 1, 1, 1, 1, 0
309, 598, 787, 11331248, 14, 112, 387, 384, 358, 317, 1, 1, 1, 1, 1, 112, 0, 1, 1, 1, 1, 1
300, 401, 420, 11333485, 11, 104, 115, 217, 24, 154, 1, 0.753631, 1, 0.964638, 0.215039, 112, 0, 0, 0, 0, 0, 0
217, 401, 440, 11333485, 11, 115, 104, 154, 79, 10000000, 1, 1, 0.537597, 0.301889, 0, 112, 0, 0, 0, 0, 1, 0
104, 401, 479, 11333485, 11, 115, 154, 10000000, 10000000, 10000000, 1, 0.537597, 0, 0, 0, 112, 0, 0, 1, 1, 1, 1
115, 398, 521, 11333486, 11, 79, 154, 162, 182, 96, 1, 1, 0.750998, 0.861708, 0.537084, 112, 0, 0, 0, 0, 0, 0
115, 398, 521, 11334073, 12, 79, 154, 162, 182, 96, 1, 1, 0.750951, 0.861654, 0.53705, 112, 0, 0, 0, 0, 0, 1
154, 401, 648, 11334660, 13, 108, 79, 292, 96, 177, 1, 1, 0.360592, 0.751823, 0.232085, 112, 0, 0, 0, 0, 0, 0
79, 401, 694, 11334660, 13, 31, 108, 177, 292, 10000000, 0.931839, 1, 0.60372, 0.480789, 0, 112, 0, 0, 0, 0, 1, 1
108, 398, 714, 11335247, 14, 352, 304, 227, 177, 31, 1, 1, 0.968896, 1, 1, 112, 1, 1, 1, 0, 0, 0
292, 401, 827, 11335248, 14, 82, 181, 177, 31, 10000000, 0.967847, 1, 1, 1, 0, 112, 0, 0, 0, 0, 1, 0
177, 401, 854, 11335248, 14, 82, 181, 10000000, 10000000, 10000000, 0.75277, 0.860345, 0, 0, 0, 112, 0, 0, 1, 1, 1, 0
358, 587, 801, 11335835, 15, 112, 109, 10000000, 10000000, 10000000, 1, 0.723177, 0, 0, 0, 112, 0, 0, 1, 1, 1, 0
384, 587, 801, 11335835, 15, 112, 109, 10000000, 10000000, 10000000, 1, 0.546578, 0, 0, 0, 112, 0, 0, 1, 1, 1, 0
387, 587, 801, 11335835, 15, 112, 109, 10000000, 10000000, 10000000, 1, 0.859634, 0, 0, 0, 112, 0, 0, 1, 1, 1, 0
317, 587, 801, 11335835, 15, 112, 109, 10000000, 10000000, 10000000, 1, 0.482118, 0, 0, 0, 112, 0, 0, 1, 1, 1, 0
335, 387, 401, 11336898, 10, 115, 104, 217, 24, 300, 1, 1, 1, 1, 1, 112, 0, 0, 0, 0, 1, 0
381, 401, 412, 11336898, 10, 115, 104, 217, 24, 300, 0.901888, 1, 1, 1, 1, 112, 0, 0, 0, 0, 1, 0
395, 401, 412, 11336898, 10, 104, 115, 217, 24, 300, 1, 0.753355, 1, 1, 1, 112, 0, 0, 0, 0, 1, 0
372, 412, 398, 11336898, 10, 104, 217, 53, 24, 300, 1, 1, 0.955065, 0.964285, 1, 112, 0, 0, 0, 0, 1, 0
339, 412, 398, 11336898, 10, 104, 217, 24, 53, 300, 1, 1, 1, 0.857769, 1, 112, 0, 0, 0, 0, 1, 0
300, 401, 420, 11337485, 11, 104, 115, 217, 24, 154, 1, 0.753307, 1, 0.964225, 0.214946, 112, 0, 0, 0, 0, 0, 0
217, 401, 440, 11337485, 11, 115, 104, 154, 79, 10000000, 1, 1, 0.537366, 0.301524, 0, 112, 0, 0, 0, 0, 1, 0
104, 401, 479, 11337485, 11, 115, 154, 10000000, 10000000, 10000000, 1, 0.537366, 0, 0, 0, 112, 0, 0, 1, 1, 1, 0
115, 398, 521, 11337485, 11, 79, 154, 162, 182, 96, 1, 1, 0.750676, 0.861337, 0.536854, 112, 0, 0, 0, 0, 0, 0
154, 401, 648, 11338073, 12, 108, 79, 292, 96, 177, 1, 1, 0.360444, 0.751548, 0.231902, 112, 0, 0, 0, 0, 0, 0
79, 401, 694, 11338073, 12, 31, 108, 177, 292, 10000000, 0.931099, 1, 0.603099, 0.480592, 0, 112, 0, 0, 0, 0, 1, 0
108, 398, 714, 11338660, 13, 352, 304, 227, 177, 31, 1, 1, 0.96854, 1, 1, 112, 1, 1, 1, 0, 0, 0
292, 401, 827, 11338660, 13, 82, 181, 177, 31, 10000000, 0.967492, 1, 1, 1, 0, 112, 0, 0, 0, 0, 1, 0
177, 401, 854, 11338661, 13, 82, 181, 10000000, 10000000, 10000000, 0.752494, 0.86003, 0, 0, 0, 112, 0, 0, 1, 1, 1, 0
344, 198, 187, 11339136, 7, 366, 229, 13, 71, 132, 1, 1, 0.948644, 1, 1, 112, 1, 0, 0, 0, 0, 0
132, 201, 258, 11339723, 8, 23, 399, 229, 193, 366, 1, 0.750856, 0.75041, 0.820213, 0.695825, 112, 0, 1, 0, 0, 1, 0
13, 198, 300, 11339723, 8, 205, 299, 363, 311, 65, 1, 1, 1, 1, 0.85843, 112, 0, 0, 1, 1, 0, 0
366, 198, 387, 11339724, 8, 65, 205, 188, 45, 299, 1, 1, 1, 0.861022, 1, 112, 0, 0, 0, 0, 0, 0
317, 587, 801, 11339835, 15, 112, 109, 10000000, 10000000, 10000000, 1, 0.481885, 0, 0, 0, 112, 0, 0, 1, 1, 1, 0
358, 587, 801, 11339835, 15, 112, 109, 10000000, 10000000, 10000000, 1, 0.722828, 0, 0, 0, 112, 0, 0, 1, 1, 1, 0
384, 587, 801, 11339835, 15, 112, 109, 10000000, 10000000, 10000000, 1, 0.54628, 0, 0, 0, 112, 0, 0, 1, 1, 1, 0
387, 587, 801, 11339835, 15, 112, 109, 10000000, 10000000, 10000000, 1, 0.859265, 0, 0, 0, 112, 0, 0, 1, 1, 1, 0
299, 201, 425, 11340311, 9, 65, 205, 45, 188, 113, 1, 1, 0.860968, 1, 0.681665, 112, 0, 0, 0, 0, 0, 0
188, 261, 398, 11340311, 9, 372, 335, 395, 339, 388, 0.86682, 0.643014, 0.602744, 0.317066, 0.537489, 112, 1, 1, 1, 1, 1, 0
205, 201, 459, 11340311, 9, 210, 222, 65, 113, 45, 0.864869, 0.856628, 1, 0.643451, 0.753347, 112, 0, 0, 0, 0, 0, 0
109, 598, 910, 11340422, 16, 112, 10000000, 10000000, 10000000, 10000000, 0.859833, 0, 0, 0, 0, 112, 0, 1, 1, 1, 1, 0
352, 387, 801, 11343247, 14, 360, 309, 33, 82, 181, 1, 1, 1, 1, 1, 112, 1, 1, 0, 0, 0, 0
177, 401, 854, 11343248, 14, 82, 181, 10000000, 10000000, 10000000, 0.752123, 0.859606, 0, 0, 0, 112, 0, 0, 1, 1, 1, 0
181, 457, 798, 11343835, 15, 358, 257, 317, 33, 82, 0.961349, 0.954501, 0.84401, 0.949873, 1, 112, 1, 0, 1, 0, 0, 0
82, 498, 798, 11343835, 15, 337, 257, 358, 387, 384, 1, 1, 0.968204, 0.957138, 0.84232, 112, 1, 0, 1, 1, 1, 0
65, 201, 499, 11344898, 10, 210, 276, 222, 113, 67, 0.791548, 0.561415, 0.681475, 0.750323, 0.322064, 112, 0, 0, 0, 0, 0, 0
113, 198, 520, 11344898, 10, 67, 210, 10, 276, 222, 0.966193, 1, 0.92772, 1, 1, 112, 0, 0, 0, 0, 0, 0
312, 586, 201, 11344898, 10, 206, 286, 114, 47, 347, 1, 0.766092, 0.96461, 0.696945, 0.240041, 112, 0, 0, 0, 0, 1, 0
380, 587, 201, 11344898, 10, 114, 47, 206, 290, 179, 1, 0.903404, 0.480416, 0.360108, 0.120266, 112, 0, 0, 0, 1, 1, 0
222, 198, 554, 11344898, 10, 67, 178, 210, 276, 184, 1, 0.909971, 1, 1, 0.107383, 112, 0, 0, 0, 0, 1, 0
114, 601, 273, 11345485, 11, 206, 47, 290, 286, 347, 0.794017, 1, 0.720165, 0.602329, 0.409101, 112, 0, 0, 0, 0, 1, 0
47, 598, 301, 11345485, 11, 85, 21, 179, 286, 347, 1, 0.963674, 0.967398, 1, 1, 112, 0, 0, 0, 0, 1, 0
206, 598, 347, 11345485, 11, 179, 85, 21, 286, 347, 1, 0.859434, 0.856599, 1, 1, 112, 0, 0, 0, 0, 1, 0
347, 601, 412, 11346073, 12, 85, 21, 130, 332, 179, 1, 1, 0.793369, 0.719927, 1, 112, 0, 0, 0, 1, 0, 0
286, 601, 426, 11346073, 12, 21, 85, 179, 130, 332, 1, 0.841653, 1, 0.683716, 0.545535, 112, 0, 0, 0, 0, 1, 0
179, 601, 458, 11346073, 12, 130, 21, 332, 85, 186, 1, 1, 0.635049, 0.820637, 0.315381, 112, 0, 0, 1, 0, 0, 0
21, 601, 501, 11346073, 12, 332, 243, 130, 186, 4, 1, 0.950452, 0.857264, 0.600734, 0.21404, 112, 1, 0, 0, 0, 0, 0
85, 598, 502, 11346073, 12, 4, 186, 332, 243, 273, 0.96318, 1, 1, 1, 0.860338, 112, 0, 0, 1, 0, 1, 0
21, 601, 501, 11346660, 13, 332, 243, 130, 186, 4, 1, 0.950364, 0.85721, 0.600692, 0.214027, 112, 1, 0, 0, 0, 0, 0
85, 598, 502, 11346660, 13, 4, 186, 332, 243, 273, 0.96312, 1, 1, 1, 0.860283, 112, 0, 0, 1, 0, 1, 0
130, 598, 540, 11346660, 13, 186, 19, 4, 273, 173, 1, 0.921925, 0.856107, 0.967819, 0.967528, 112, 0, 0, 0, 0, 0, 0
186, 601, 659, 11347248, 14, 393, 236, 204, 309, 4, 1, 1, 0.940338, 0.820363, 1, 112, 1, 0, 0, 1, 0, 0
4, 601, 703, 11347835, 15, 360, 309, 236, 204, 393, 1, 0.957013, 0.961482, 1, 0.750456, 112, 1, 1, 0, 0, 1, 0
204, 598, 740, 11347835, 15, 112, 109, 387, 384, 358, 1, 0.946925, 1, 1, 1, 112, 0, 0, 1, 1, 1, 0
236, 598, 770, 11347835, 15, 112, 387, 384, 358, 317, 1, 1, 1, 1, 1, 112, 0, 1, 1, 1, 1, 0
309, 598, 787, 11347835, 15, 112, 387, 384, 358, 317, 1, 1, 1, 1, 1, 112, 0, 1, 1, 1, 1, 0
393, 598, 787, 11347835, 15, 112, 387, 384, 358, 317, 1, 1, 1, 1, 1, 112, 0, 1, 1, 1, 1, 0
358, 587, 801, 11348422, 16, 112, 109, 10000000, 10000000, 10000000, 1, 0.722081, 0, 0, 0, 112, 0, 0, 1, 1, 1, 0
384, 587, 801, 11348422, 16, 112, 109, 10000000, 10000000, 10000000, 1, 0.54564, 0, 0, 0, 112, 0, 0, 1, 1, 1, 0
387, 587, 801, 11348422, 16, 112, 109, 10000000, 10000000, 10000000, 1, 0.858473, 0, 0, 0, 112, 0, 0, 1, 1, 1, 0
317, 587, 801, 11348422, 16, 112, 109, 10000000, 10000000, 10000000, 1, 0.481387, 0, 0, 0, 112, 0, 0, 1, 1, 1, 0
335, 386, 401, 11348898, 10, 115, 104, 217, 24, 166, 1, 1, 1, 1, 1, 112, 0, 0, 0, 0, 0, 0
388, 401, 412, 11348898, 10, 115, 104, 217, 24, 154, 0.958798, 1, 1, 1, 0.47615, 112, 0, 0, 0, 0, 0, 0
395, 401, 412, 11348898, 10, 104, 115, 217, 24, 166, 1, 0.752383, 1, 1, 1, 112, 0, 0, 0, 0, 0, 0
372, 412, 398, 11348898, 10, 104, 217, 53, 24, 166, 1, 1, 0.953504, 0.963047, 1, 112, 0, 0, 0, 0, 0, 0
339, 413, 398, 11348898, 10, 104, 217, 24, 53, 166, 1, 1, 1, 0.856667, 1, 112, 0, 0, 0, 0, 0, 0
300, 401, 420, 11349485, 11, 104, 115, 217, 24, 154, 1, 0.752335, 1, 0.962987, 0.21467, 112, 0, 0, 0, 0, 0, 0
217, 401, 440, 11349485, 11, 115, 104, 154, 79, 10000000, 1, 1, 0.536674, 0.300437, 0, 112, 0, 0, 0, 0, 1, 0
276, 201, 624, 11349485, 11, 107, 67, 324, 210, 10, 0.967422, 1, 0.232091, 1, 0.601438, 112, 0, 0, 1, 0, 0, 0
104, 401, 479, 11349485, 11, 115, 154, 10000000, 10000000, 10000000, 1, 0.536674, 0, 0, 0, 112, 0, 0, 1, 1, 1, 0
24, 500, 398, 11349485, 11, 347, 286, 144, 53, 104, 0.942572, 0.64397, 1, 1, 0.642246, 112, 1, 1, 0, 0, 0, 0
53, 502, 401, 11349485, 11, 347, 21, 286, 179, 144, 1, 0.749203, 1, 0.85954, 1, 112, 1, 0, 0, 0, 0, 0
210, 201, 658, 11349485, 11, 246, 55, 67, 107, 178, 1, 0.214449, 1, 0.75244, 0.72163, 112, 0, 1, 0, 0, 0, 0
109, 598, 910, 11353009, 17, 112, 10000000, 10000000, 10000000, 10000000, 0.858672, 0, 0, 0, 0, 112, 0, 1, 1, 1, 1, 0
104, 401, 479, 11354072, 12, 115, 154, 10000000, 10000000, 10000000, 1, 0.53641, 0, 0, 0, 112, 0, 0, 1, 1, 1, 0
115, 398, 521, 11354073, 12, 79, 154, 162, 182, 96, 1, 1, 0.749343, 0.859802, 0.535899, 112, 0, 0, 0, 0, 0, 0
154, 401, 648, 11354073, 12, 108, 79, 292, 96, 177, 1, 1, 0.359753, 0.750259, 0.231045, 112, 0, 0, 0, 0, 0, 0
154, 401, 648, 11354660, 13, 108, 79, 292, 96, 177, 1, 1, 0.359727, 0.750212, 0.231013, 112, 0, 0, 0, 0, 0, 0
79, 401, 694, 11354660, 13, 31, 108, 177, 292, 10000000, 0.927518, 1, 0.600097, 0.479636, 0, 112, 0, 0, 0, 0, 1, 0
108, 398, 714, 11355247, 14, 352, 304, 227, 177, 31, 1, 1, 0.966814, 1, 1, 112, 1, 1, 1, 0, 0, 0
292, 401, 827, 11355248, 14, 82, 181, 177, 31, 10000000, 0.96577, 1, 1, 1, 0, 112, 0, 0, 0, 0, 1, 0
257, 572, 801, 11356422, 16, 112, 387, 384, 358, 317, 1, 1, 1, 1, 1, 112, 0, 1, 1, 1, 1, 0
358, 587, 801, 11356422, 16, 112, 109, 10000000, 10000000, 10000000, 1, 0.721387, 0, 0, 0, 112, 0, 0, 1, 1, 1, 0
384, 587, 801, 11356422, 16, 112, 109, 10000000, 10000000, 10000000, 1, 0.545045, 0, 0, 0, 112, 0, 0, 1, 1, 1, 0
387, 587, 801, 11356422, 16, 112, 109, 10000000, 10000000, 10000000, 1, 0.857736, 0, 0, 0, 112, 0, 0, 1, 1, 1, 0
337, 612, 798, 11356422, 16, 112, 387, 384, 358, 317, 1, 1, 1, 1, 1, 112, 0, 1, 1, 1, 1, 0
109, 598, 910, 11357009, 17, 112, 10000000, 10000000, 10000000, 10000000, 0.858303, 0, 0, 0, 0, 112, 0, 1, 1, 1, 1, 0
144, 542, 401, 11358073, 12, 179, 21, 286, 347, 332, 1, 0.855446, 1, 1, 0.320959, 112, 0, 0, 0, 1, 1, 0
67, 201, 706, 11358073, 12, 324, 246, 295, 178, 190, 0.857593, 0.91973, 0.950187, 0.748828, 0.375487, 112, 1, 0, 0, 0, 0, 0
178, 198, 745, 11358073, 12, 324, 136, 271, 190, 55, 1, 0.857565, 0.962421, 1, 1, 112, 1, 0, 0, 0, 0, 0
347, 601, 412, 11358073, 12, 85, 21, 130, 332, 179, 1, 1, 0.791861, 0.718892, 1, 112, 0, 0, 0, 1, 0, 0
179, 601, 458, 11358660, 13, 130, 21, 332, 85, 186, 1, 1, 0.633783, 0.819227, 0.314756, 112, 0, 0, 1, 0, 0, 0
21, 601, 502, 11358660, 13, 332, 243, 186, 130, 4, 1, 0.948561, 0.599827, 0.856109, 0.213752, 112, 1, 0, 0, 0, 0, 0
85, 598, 502, 11358660, 13, 4, 186, 332, 243, 273, 0.961885, 1, 1, 1, 0.859175, 112, 0, 0, 1, 0, 1, 0
130, 598, 539, 11358660, 13, 186, 19, 4, 273, 173, 1, 0.919382, 0.855009, 0.966571, 0.966281, 112, 0, 0, 0, 0, 0, 0
243, 598, 574, 11359247, 14, 4, 186, 337, 273, 173, 1, 1, 0.751083, 1, 1, 112, 0, 0, 1, 0, 0, 0
332, 598, 586, 11359247, 14, 4, 186, 19, 204, 273, 1, 1, 0.681238, 0.562932, 1, 112, 0, 0, 0, 0, 0, 0
352, 387, 801, 11359834, 15, 360, 309, 33, 82, 181, 1, 1, 1, 1, 1, 112, 1, 1, 0, 0, 0, 0
177, 401, 855, 11359835, 15, 82, 181, 10000000, 10000000, 10000000, 0.750785, 0.858077, 0, 0, 0, 112, 0, 0, 1, 1, 1, 0
181, 457, 798, 11360422, 16, 358, 257, 317, 33, 82, 0.959437, 0.952347, 0.842325, 0.947385, 1, 112, 1, 0, 1, 0, 0, 0
82, 498, 798, 11360422, 16, 337, 257, 358, 387, 384, 1, 1, 0.966479, 0.954972, 0.840642, 112, 1, 0, 1, 1, 1, 0
33, 507, 801, 11360422, 16, 112, 387, 384, 358, 317, 0.837402, 1, 1, 1, 1, 112, 0, 1, 1, 1, 1, 0
178, 198, 745, 11366660, 13, 324, 136, 271, 190, 55, 1, 0.856776, 0.961538, 1, 1, 112, 1, 0, 0, 0, 0, 0
295, 198, 772, 11366660, 13, 136, 271, 3, 190, 55, 0.963873, 1, 0.748093, 1, 1, 112, 0, 0, 0, 0, 0, 0
324, 201, 812, 11366660, 13, 3, 136, 271, 190, 55, 0.961833, 1, 1, 1, 1, 112, 0, 0, 0, 0, 0, 0
246, 201, 827, 11366660, 13, 136, 3, 271, 190, 55, 1, 0.854963, 1, 1, 1, 112, 0, 0, 0, 0, 0, 0
190, 201, 859, 11366660, 13, 136, 3, 271, 10000000, 10000000, 0.856776, 0.748093, 1, 0, 0, 112, 0, 0, 0, 1, 1, 0
271, 227, 798, 11367247, 14, 215, 3, 352, 95, 136, 0.838134, 0.961773, 0.750907, 0.818414, 1, 112, 0, 0, 1, 0, 0, 0
190, 201, 859, 11367247, 14, 136, 3, 271, 10000000, 10000000, 0.856723, 0.748046, 1, 0, 0, 112, 0, 0, 0, 1, 1, 0
136, 260, 798, 11367247, 14, 352, 215, 227, 95, 3, 1, 0.818031, 0.721384, 0.919148, 0.961773, 112, 1, 0, 0, 0, 0, 0
55, 201, 893, 11367247, 14, 271, 136, 3, 190, 10000000, 0.854647, 0.749632, 0.534318, 1, 0, 112, 1, 0, 0, 0, 1, 0
273, 627, 598, 11367834, 15, 186, 4, 10000000, 10000000, 10000000, 1, 0.7474, 0, 0, 0, 112, 0, 0, 1, 1, 1, 0
186, 601, 660, 11367835, 15, 393, 236, 204, 309, 4, 1, 1, 0.936711, 0.81806, 1, 112, 1, 0, 0, 1, 0, 0
177, 401, 855, 11367835, 15, 82, 181, 10000000, 10000000, 10000000, 0.750141, 0.857341, 0, 0, 0, 112, 0, 0, 1, 1, 1, 0
31, 401, 897, 11367835, 15, 82, 181, 177, 10000000, 10000000, 0.750141, 0.857341, 1, 0, 0, 112, 0, 0, 0, 1, 1, 0
109, 598, 910, 11369009, 17, 112, 10000000, 10000000, 10000000, 10000000, 0.8572, 0, 0, 0, 0, 112, 0, 1, 1, 1, 1, 0
3, 290, 798, 11371834, 15, 33, 352, 227, 292, 304, 1, 0.857757, 0.750629, 0.679517, 0.642937, 112, 0, 1, 0, 0, 1, 0
95, 303, 801, 11371834, 15, 82, 181, 292, 352, 304, 1, 1, 1, 1, 1, 112, 0, 0, 0, 1, 1, 0
215, 341, 801, 11371834, 15, 289, 169, 82, 181, 292, 0.213671, 0.119995, 1, 1, 1, 112, 1, 1, 0, 0, 0, 0
352, 387, 801, 11371835, 15, 360, 309, 33, 82, 181, 1, 1, 1, 1, 1, 112, 1, 1, 0, 0, 0, 0
4, 601, 704, 11372422, 16, 360, 309, 236, 204, 393, 1, 0.953807, 0.958649, 1, 0.748483, 112, 1, 1, 0, 0, 1, 0
204, 598, 740, 11372422, 16, 112, 109, 387, 384, 358, 1, 0.943265, 1, 1, 1, 112, 0, 0, 1, 1, 1, 0
181, 457, 798, 11372422, 16, 358, 257, 317, 33, 82, 0.958058, 0.950795, 0.841111, 0.945594, 1, 112, 1, 0, 1, 0, 0, 0
236, 598, 770, 11372422, 16, 112, 387, 384, 358, 317, 1, 1, 1, 1, 1, 112, 0, 1, 1, 1, 1, 0
393, 598, 787, 11372422, 16, 112, 387, 384, 358, 317, 1, 1, 1, 1, 1, 112, 0, 1, 1, 1, 1, 0
82, 498, 798, 11372422, 16, 337, 257, 358, 387, 384, 1, 1, 0.965235, 0.953411, 0.839433, 112, 1, 0, 1, 1, 1, 0
33, 507, 801, 11372422, 16, 112, 387, 384, 358, 317, 0.836202, 1, 1, 1, 1, 112, 0, 1, 1, 1, 1, 0
358, 587, 801, 11373009, 17, 112, 109, 10000000, 10000000, 10000000, 1, 0.719951, 0, 0, 0, 112, 0, 0, 1, 1, 1, 0
384, 587, 801, 11373009, 17, 112, 109, 10000000, 10000000, 10000000, 1, 0.543816, 0, 0, 0, 112, 0, 0, 1, 1, 1, 0
387, 587, 801, 11373009, 17, 112, 109, 10000000, 10000000, 10000000, 1, 0.856214, 0, 0, 0, 112, 0, 0, 1, 1, 1, 0
317, 587, 801, 11373009, 17, 112, 109, 10000000, 10000000, 10000000, 1, 0.479967, 0, 0, 0, 112, 0, 0, 1, 1, 1, 0
109, 598, 910, 11377596, 18, 112, 10000000, 10000000, 10000000, 10000000, 0.856412, 0, 0, 0, 0, 112, 0, 1, 1, 1, 1, 0
23, 201, 312, 12299999, 1, 363, 305, 366, 399, 386, 0.953012, 0.970153, 0.964274, 0.755313, 0.75476, 128, 1, 1, 1, 1, 1, 0
305, 198, 385, 12300200, 2, 188, 65, 274, 45, 205, 1, 1, 1, 0.756114, 1, 128, 0, 0, 0, 0, 0, 0
366, 198, 387, 12300200, 2, 188, 65, 45, 274, 205, 1, 1, 0.756114, 1, 1, 128, 0, 0, 0, 0, 0, 0
386, 198, 387, 12300200, 2, 188, 65, 45, 274, 205, 1, 1, 0.756114, 1, 1, 128, 0, 0, 0, 0, 0, 0
399, 198, 387, 12300200, 2, 188, 65, 45, 274, 205, 1, 1, 0.756114, 1, 1, 128, 0, 0, 0, 0, 0, 0
363, 201, 412, 12300200, 2, 188, 45, 65, 222, 274, 1, 0.756114, 1, 0.972005, 1, 128, 0, 0, 0, 0, 0, 1
274, 233, 398, 12300787, 3, 45, 372, 188, 278, 18, 1, 0.770702, 1, 0.69937, 0.8634, 128, 0, 1, 0, 0, 0, 0
188, 275, 398, 12300787, 3, 279, 388, 372, 45, 168, 1, 0.954417, 0.91806, 1, 0.846919, 128, 0, 1, 1, 0, 0, 1
65, 201, 512, 12300787, 3, 188, 210, 45, 276, 222, 0.647398, 0.825011, 0.324028, 0.476226, 0.723509, 128, 0, 0, 0, 0, 0, 1
222, 198, 542, 12300787, 3, 107, 276, 210, 10000000, 10000000, 0.647253, 1, 1, 0, 0, 128, 0, 0, 0, 1, 1, 0
45, 309, 398, 12301374, 4, 388, 381, 395, 335, 300, 1, 1, 0.949287, 1, 0.844527, 128, 1, 1, 1, 1, 1, 0
168, 335, 401, 12301374, 4, 24, 166, 217, 279, 300, 1, 1, 1, 1, 1, 128, 0, 0, 0, 0, 0, 0
388, 401, 412, 12301375, 4, 24, 166, 104, 115, 217, 0.968952, 1, 1, 0.968132, 1, 128, 0, 0, 0, 0, 0, 0
279, 433, 398, 12301375, 4, 24, 144, 166, 53, 104, 1, 0.798524, 1, 0.75301, 0.861827, 128, 0, 0, 0, 0, 0, 1
166, 469, 398, 12301962, 5, 144, 24, 53, 347, 104, 1, 1, 0.968094, 0.361898, 0.754051, 128, 0, 0, 0, 1, 0, 0
53, 490, 401, 12301962, 5, 347, 286, 120, 290, 179, 1, 0.972175, 0.970335, 0.753669, 0.754965, 128, 1, 0, 0, 1, 0, 0
24, 513, 398, 12301962, 5, 347, 144, 286, 120, 35, 0.958909, 1, 0.648117, 0.64689, 0.215961, 128, 1, 0, 0, 0, 0, 1
144, 530, 401, 12301962, 5, 179, 286, 347, 120, 21, 0.970669, 1, 1, 1, 0.647006, 128, 0, 0, 1, 0, 0, 0
144, 530, 401, 12302549, 6, 179, 286, 347, 120, 21, 0.970607, 1, 1, 1, 0.646965, 128, 0, 0, 1, 0, 0, 0
347, 601, 414, 12302549, 6, 21, 85, 179, 130, 332, 1, 1, 1, 0.826593, 0.64581, 128, 0, 0, 0, 0, 1, 1
120, 666, 398, 12302549, 6, 347, 286, 179, 21, 10000000, 1, 0.972114, 0.754917, 0.482636, 0, 128, 1, 0, 0, 0, 1, 1
179, 601, 470, 12303136, 7, 243, 130, 21, 332, 85, 1, 1, 1, 0.689105, 0.846591, 128, 0, 0, 0, 1, 0, 0
85, 598, 491, 12303136, 7, 332, 243, 186, 130, 273, 1, 1, 1, 1, 0.753814, 128, 1, 0, 0, 0, 1, 0
21, 601, 515, 12303137, 7, 332, 243, 130, 186, 10000000, 1, 0.962881, 1, 0.646537, 0, 128, 1, 0, 0, 0, 1, 1
130, 598, 527, 12303137, 7, 273, 332, 243, 128, 84, 0.861501, 1, 1, 0.756147, 0.539478, 128, 0, 1, 0, 0, 0, 0
130, 598, 527, 12303724, 8, 273, 332, 243, 128, 84, 0.861447, 1, 1, 0.756099, 0.539443, 128, 0, 1, 0, 0, 0, 0
243, 598, 567, 12303724, 8, 128, 332, 273, 10000000, 10000000, 0.972127, 1, 0.969128, 0, 0, 128, 0, 1, 0, 1, 1, 0
332, 598, 584, 12303724, 8, 128, 273, 10000000, 10000000, 10000000, 1, 1, 0, 0, 0, 128, 0, 0, 1, 1, 1, 1
273, 635, 598, 12304311, 9, 10000000, 10000000, 10000000, 10000000, 10000000, 0, 0, 0, 0, 0, 128, 1, 1, 1, 1, 1, 1
318, 784, 601, 12308898, 10, 341, 10000, 10000, 10000, 10000, 1, 1, 1, 1, 1, 128, 0, 0, 0, 0, 0, 0
222, 198, 542, 12309374, 4, 107, 276, 210, 10000000, 10000000, 0.646654, 1, 1, 0, 0, 128, 0, 0, 0, 1, 1, 0
276, 201, 630, 12309375, 4, 107, 10000000, 10000000, 10000000, 10000000, 0.862205, 0, 0, 0, 0, 128, 0, 1, 1, 1, 1, 1
347, 601, 414, 12315137, 7, 21, 85, 179, 130, 332, 1, 1, 1, 0.825162, 0.644937, 128, 0, 0, 0, 0, 1, 1
179, 601, 470, 12315724, 8, 243, 130, 21, 332, 85, 1, 1, 1, 0.687912, 0.845304, 128, 0, 0, 0, 1, 0, 0
85, 598, 491, 12315724, 8, 332, 243, 186, 130, 273, 1, 1, 1, 1, 0.752793, 128, 1, 0, 0, 0, 1, 0
21, 601, 515, 12315724, 8, 332, 243, 130, 186, 10000000, 1, 0.961217, 1, 0.645661, 0, 128, 1, 0, 0, 0, 1, 1
130, 598, 527, 12315724, 8, 273, 332, 243, 128, 84, 0.860335, 1, 1, 0.75512, 0.538746, 128, 0, 1, 0, 0, 0, 0
332, 598, 584, 12315724, 8, 128, 273, 10000000, 10000000, 10000000, 1, 1, 0, 0, 0, 128, 0, 0, 1, 1, 1, 0
130, 598, 527, 12316311, 9, 273, 332, 243, 128, 84, 0.860281, 1, 1, 0.755072, 0.538712, 128, 0, 1, 0, 0, 0, 0
243, 598, 566, 12316311, 9, 128, 332, 273, 10000000, 10000000, 0.970807, 1, 0.967816, 0, 0, 128, 0, 1, 0, 1, 1, 0
332, 598, 584, 12316311, 9, 128, 273, 10000000, 10000000, 10000000, 1, 1, 0, 0, 0, 128, 0, 0, 1, 1, 1, 1
186, 601, 673, 12316311, 9, 273, 332, 243, 128, 84, 0.860281, 1, 1, 0.755072, 0.754197, 128, 0, 1, 0, 0, 0, 1
273, 635, 598, 12316898, 10, 10000000, 10000000, 10000000, 10000000, 10000000, 0, 0, 0, 0, 0, 128, 1, 1, 1, 1, 1, 1
318, 784, 601, 12321486, 11, 341, 10000, 10000, 10000, 10000, 1, 1, 1, 1, 1, 128, 0, 0, 0, 0, 0, 0
332, 598, 584, 12328899, 10, 128, 273, 10000000, 10000000, 10000000, 1, 1, 0, 0, 0, 128, 0, 0, 1, 1, 1, 0
243, 598, 566, 12328899, 10, 128, 332, 273, 10000000, 10000000, 0.969491, 1, 0.966508, 0, 0, 128, 0, 1, 0, 1, 1, 0
273, 635, 598, 12333486, 11, 10000000, 10000000, 10000000, 10000000, 10000000, 0, 0, 0, 0, 0, 128, 1, 1, 1, 1, 1, 1
318, 784, 601, 12338073, 12, 341, 10000, 10000, 10000, 10000, 1, 1, 1, 1, 1, 128, 0, 0, 0, 0, 0, 0
170, 287, -1, 13299999, 1, 320, 373, 254, 158, 288, 0.760363, 0.755211, 0.215995, 0.12099, 0.826039, 393, 1, 1, 1, 1, 0, 0
373, 401, 12, 13300200, 2, 48, 158, 100, 254, 138, 1, 1, 0.970834, 1, 0.647587, 393, 0, 0, 0, 0, 0, 1
288, 445, -1, 13300200, 2, 373, 320, 220, 291, 158, 1, 1, 0.215581, 0.18938, 0.862455, 393, 1, 1, 1, 1, 0, 0
254, 401, 45, 13304787, 3, 48, 260, 158, 325, 100, 1, 0.844613, 1, 0.646594, 0.862536, 393, 0, 0, 0, 1, 0, 0
100, 398, 73, 13304787, 3, 41, 118, 378, 325, 260, 0.863824, 0.86421, 1, 1, 1, 393, 0, 0, 1, 0, 0, 0
158, 401, 81, 13304787, 3, 118, 378, 138, 48, 260, 1, 0.969921, 1, 1, 0.844613, 393, 0, 1, 0, 0, 0, 0
48, 401, 118, 13304787, 3, 118, 325, 260, 378, 41, 0.794315, 0.964493, 1, 0.646614, 0.215956, 393, 0, 0, 0, 1, 0, 1
138, 398, 119, 13304787, 3, 118, 41, 356, 310, 314, 1, 0.863824, 1, 1, 0.968706, 393, 0, 0, 1, 0, 1, 0
260, 398, 148, 13305374, 4, 41, 118, 314, 356, 310, 0.971741, 1, 1, 1, 0.968212, 393, 0, 0, 1, 1, 0, 0
325, 398, 179, 13305374, 4, 41, 118, 224, 117, 244, 1, 1, 0.868535, 0.971552, 0.971895, 393, 0, 0, 0, 0, 0, 1
378, 398, 187, 13305374, 4, 224, 41, 118, 49, 117, 1, 1, 1, 1, 1, 393, 0, 0, 0, 0, 0, 0
118, 401, 284, 13309962, 5, 395, 381, 388, 351, 41, 1, 1, 0.917561, 0.826362, 1, 393, 1, 1, 1, 1, 0, 0
41, 401, 326, 13309962, 5, 300, 104, 395, 302, 388, 1, 0.822918, 0.95002, 0.967416, 0.822398, 393, 0, 0, 1, 0, 1, 1
224, 398, 346, 13309962, 5, 104, 217, 300, 349, 395, 1, 1, 1, 1, 1, 393, 0, 0, 0, 1, 1, 0
302, 398, 373, 13310549, 6, 104, 217, 115, 300, 166, 1, 1, 0.846248, 1, 0.968126, 393, 0, 0, 0, 0, 0, 0
388, 401, 412, 13310549, 6, 349, 104, 115, 217, 53, 1, 1, 1, 1, 1, 393, 1, 0, 0, 0, 0, 0
395, 401, 412, 13310549, 6, 349, 104, 217, 115, 53, 1, 1, 1, 0.863001, 1, 393, 1, 0, 0, 0, 0, 1
349, 401, 414, 13319136, 7, 104, 217, 115, 53, 300, 1, 1, 0.724603, 1, 1, 393, 0, 0, 0, 0, 0, 1
217, 401, 464, 13319136, 7, 104, 115, 154, 79, 10000000, 1, 1, 0.430891, 0.188746, 0, 393, 0, 0, 0, 0, 1, 0
53, 478, 401, 13319136, 7, 347, 290, 286, 21, 179, 1, 0.646807, 0.858578, 0.53738, 0.64488, 393, 1, 1, 0, 0, 0, 0
104, 401, 502, 13319137, 7, 154, 10000000, 10000000, 10000000, 10000000, 0.725446, 0, 0, 0, 0, 393, 0, 1, 1, 1, 1, 0
300, 401, 433, 13319723, 8, 104, 115, 217, 24, 154, 1, 1, 1, 0.754192, 0.31852, 393, 0, 0, 0, 0, 0, 0
217, 401, 464, 13319723, 8, 104, 115, 154, 79, 10000000, 1, 1, 0.430864, 0.188725, 0, 393, 0, 0, 0, 0, 1, 0
53, 478, 401, 13319723, 8, 347, 290, 286, 21, 179, 1, 0.646766, 0.858523, 0.537346, 0.64484, 393, 1, 1, 0, 0, 0, 1
115, 398, 499, 13319724, 8, 79, 154, 162, 104, 96, 0.969302, 1, 0.537958, 1, 0.362371, 393, 0, 0, 0, 0, 0, 0
104, 401, 502, 13319724, 8, 154, 10000000, 10000000, 10000000, 10000000, 0.725395, 0, 0, 0, 0, 393, 0, 1, 1, 1, 1, 1
154, 401, 673, 13320311, 9, 79, 292, 108, 162, 96, 1, 0.69699, 1, 0.860679, 0.536882, 393, 0, 0, 0, 0, 0, 1
108, 398, 687, 13320898, 10, 304, 352, 227, 292, 82, 0.968917, 0.860048, 0.753494, 1, 0.537453, 393, 1, 1, 1, 0, 0, 0
79, 401, 720, 13320898, 10, 292, 10000000, 10000000, 10000000, 10000000, 0.684512, 0, 0, 0, 0, 393, 0, 1, 1, 1, 1, 1
292, 401, 844, 13321486, 11, 181, 82, 10000000, 10000000, 10000000, 0.862188, 0.752387, 0, 0, 0, 393, 0, 0, 1, 1, 1, 1
216, 94, 198, 14299999, 1, 368, 238, 56, 129, 313, 1, 1, 1, 1, 0.483394, 309, 1, 0, 0, 0, 1, 0
129, 109, 201, 14300200, 2, 344, 159, 249, 313, 27, 0.862653, 0.970026, 0.972895, 0.971691, 0.86289, 309, 1, 0, 0, 0, 0, 0
56, 139, 198, 14300200, 2, 197, 71, 159, 368, 313, 1, 1, 0.957961, 1, 0.75576, 309, 0, 0, 0, 1, 0, 0
238, 145, 201, 14300200, 2, 27, 159, 249, 313, 368, 0.970751, 1, 1, 1, 1, 309, 0, 0, 0, 0, 1, 0
368, 201, 212, 14300200, 2, 23, 132, 193, 386, 305, 0.968916, 1, 1, 0.75754, 0.75438, 309, 0, 0, 0, 1, 1, 1
193, 198, 296, 14300787, 3, 65, 205, 299, 311, 363, 0.970209, 0.972525, 1, 1, 1, 309, 0, 0, 0, 0, 1, 0
132, 201, 300, 14300787, 3, 386, 363, 399, 23, 229, 0.962605, 0.799585, 0.846895, 1, 1, 309, 1, 1, 1, 0, 0, 0
23, 201, 338, 14300787, 3, 299, 386, 366, 363, 399, 0.962428, 1, 0.970873, 0.964248, 0.863779, 309, 0, 1, 1, 1, 1, 1
305, 198, 375, 14300787, 3, 65, 205, 113, 299, 274, 0.970209, 1, 1, 1, 1, 309, 0, 0, 0, 0, 0, 0
386, 198, 387, 14300787, 3, 65, 188, 205, 18, 299, 0.970209, 0.97182, 0.972525, 1, 1, 309, 0, 0, 0, 0, 0, 0
366, 198, 387, 14301374, 4, 205, 113, 65, 18, 299, 1, 1, 0.862353, 1, 1, 309, 0, 0, 0, 0, 0, 0
386, 198, 387, 14301374, 4, 65, 188, 205, 18, 299, 0.970147, 0.971758, 0.972464, 1, 1, 309, 0, 0, 0, 0, 0, 0
399, 198, 387, 14301374, 4, 65, 205, 18, 299, 274, 1, 1, 1, 1, 1, 309, 0, 0, 0, 0, 0, 0
363, 201, 412, 14301375, 4, 65, 222, 205, 188, 113, 1, 1, 1, 0.971758, 0.970973, 309, 0, 0, 0, 0, 0, 0
299, 201, 456, 14301375, 4, 65, 222, 205, 188, 113, 1, 1, 1, 0.755812, 0.863087, 309, 0, 0, 0, 0, 0, 1
113, 198, 484, 14301962, 5, 210, 276, 10, 65, 222, 0.970476, 1, 0.825456, 1, 1, 309, 0, 0, 0, 0, 0, 0
205, 201, 499, 14301962, 5, 276, 65, 210, 222, 45, 1, 1, 0.568813, 0.968933, 0.484624, 309, 0, 0, 0, 0, 0, 0
222, 198, 514, 14301962, 5, 210, 276, 67, 65, 10, 0.970476, 1, 0.756234, 1, 0.68788, 309, 0, 0, 0, 0, 0, 0
65, 201, 539, 14301962, 5, 67, 178, 210, 276, 10, 1, 1, 0.754815, 0.602359, 0, 309, 0, 0, 0, 0, 0, 1
276, 201, 650, 14302549, 6, 20, 107, 67, 295, 210, 1, 0.645326, 0.97224, 0.954007, 1, 309, 0, 0, 0, 0, 0, 0
210, 201, 698, 14302549, 6, 67, 324, 107, 295, 246, 1, 1, 0.430218, 0.954007, 0.931417, 309, 0, 0, 0, 0, 0, 0
178, 198, 708, 14302550, 6, 271, 136, 324, 67, 295, 0.646023, 0.537553, 1, 0.967991, 1, 309, 0, 0, 0, 0, 0, 1
295, 198, 741, 14307137, 7, 271, 136, 3, 324, 67, 0.860939, 0.644746, 0.431352, 1, 0.846523, 309, 0, 0, 0, 0, 0, 0
67, 201, 749, 14307137, 7, 107, 10000000, 10000000, 10000000, 10000000, 0.241522, 0, 0, 0, 0, 309, 0, 1, 1, 1, 1, 0
324, 201, 825, 14307137, 7, 136, 271, 3, 67, 10000000, 0.967119, 1, 0.647029, 0.952388, 0, 309, 0, 0, 0, 0, 1, 1
67, 201, 749, 14315724, 8, 107, 10000000, 10000000, 10000000, 10000000, 0.241271, 0, 0, 0, 0, 309, 0, 1, 1, 1, 1, 0
264, 60, -1, 15299999, 1, 62, 8, 153, 343, 270, 1, 1, 1, 0.754589, 0.753012, 143, 0, 0, 0, 0, 0, 0
153, 111, -1, 15300200, 2, 266, 330, 365, 343, 323, 1, 1, 0.946686, 1, 0.756133, 143, 0, 0, 1, 0, 1, 0
8, 138, -1, 15300200, 2, 365, 323, 330, 62, 266, 0.955098, 0.968426, 0.964506, 0.774196, 0.753373, 143, 1, 0, 0, 0, 0, 1
270, 139, 1, 15300200, 2, 7, 170, 266, 235, 149, 0.970922, 1, 1, 0.970294, 0.919659, 143, 0, 0, 0, 0, 0, 0
343, 168, 1, 15300200, 2, 98, 7, 123, 170, 235, 0.969209, 1, 0.971219, 1, 1, 143, 0, 0, 0, 0, 0, 0
323, 201, 32, 15304787, 3, 368, 98, 123, 263, 344, 1, 1, 1, 0.863411, 0.794992, 143, 1, 0, 0, 0, 0, 0
365, 216, -1, 15304787, 3, 7, 170, 235, 266, 123, 1, 1, 0.969814, 1, 0.755019, 143, 0, 0, 0, 0, 0, 1
330, 234, -1, 15304787, 3, 7, 170, 149, 123, 266, 1, 1, 0.969426, 0.755019, 1, 143, 0, 0, 0, 0, 0, 0
266, 266, -1, 15304787, 3, 98, 373, 7, 170, 149, 0.430547, 0.684807, 1, 1, 1, 143, 1, 1, 0, 0, 0, 0
266, 266, -1, 15305374, 4, 98, 373, 7, 170, 149, 0.430519, 0.684752, 1, 1, 1, 143, 1, 1, 0, 0, 0, 0
7, 342, -1, 15305374, 4, 320, 61, 156, 373, 288, 1, 1, 0.753352, 0.86136, 0.604554, 143, 0, 0, 0, 1, 0, 1
373, 401, 14, 15305962, 5, 325, 48, 158, 260, 138, 1, 1, 1, 0.956405, 1, 143, 0, 0, 0, 0, 0, 0
320, 401, 33, 15305962, 5, 378, 48, 158, 325, 138, 1, 1, 1, 0.821756, 1, 143, 1, 0, 0, 0, 0, 1
61, 449, 1, 15305962, 5, 91, 338, 5, 298, 156, 0.323669, 0.969932, 1, 1, 1, 143, 1, 0, 0, 0, 0, 1
288, 470, -1, 15305962, 5, 291, 5, 298, 156, 200, 0.137247, 1, 0.971046, 1, 1, 143, 1, 0, 0, 0, 0, 0
156, 517, -1, 15305962, 5, 291, 46, 5, 338, 220, 0.274494, 1, 1, 0.862162, 0.704603, 143, 1, 0, 0, 0, 0, 0
138, 398, 92, 15306549, 6, 118, 356, 378, 325, 48, 0.862581, 0.971356, 1, 1, 1, 143, 0, 1, 1, 0, 0, 0
158, 401, 113, 15306549, 6, 116, 378, 325, 48, 118, 1, 1, 1, 1, 0.436713, 143, 0, 1, 0, 0, 0, 0
48, 401, 144, 15306549, 6, 116, 118, 378, 356, 325, 1, 0.723197, 0.964115, 0.790282, 1, 143, 0, 0, 1, 1, 0, 0
325, 398, 163, 15306549, 6, 118, 224, 41, 314, 116, 1, 0.929389, 0.863096, 1, 0.826412, 143, 0, 0, 0, 0, 0, 0
378, 398, 184, 15306549, 6, 41, 224, 118, 116, 49, 1, 1, 1, 1, 1, 143, 0, 0, 0, 0, 0, 1
49, 454, 201, 15307136, 7, 380, 285, 312, 88, 239, 1, 0.431518, 1, 1, 1, 143, 1, 1, 0, 0, 0, 1
116, 398, 275, 15307136, 7, 217, 115, 300, 395, 388, 1, 1, 1, 1, 1, 143, 0, 0, 0, 1, 1, 0
118, 401, 310, 15307137, 7, 349, 395, 381, 388, 41, 1, 1, 0.951032, 0.949359, 1, 143, 0, 1, 1, 1, 0, 0
224, 398, 320, 15307137, 7, 104, 217, 300, 395, 388, 1, 1, 1, 1, 1, 143, 0, 0, 0, 1, 1, 0
41, 401, 351, 15307137, 7, 300, 395, 388, 381, 104, 1, 0.964158, 0.860871, 0.859624, 0.645974, 143, 0, 1, 1, 1, 0, 1
388, 401, 412, 15307724, 8, 166, 104, 279, 53, 217, 1, 1, 1, 1, 1, 143, 0, 0, 0, 0, 0, 0
395, 401, 412, 15307724, 8, 166, 104, 279, 53, 217, 0.969781, 1, 1, 1, 1, 143, 0, 0, 0, 0, 0, 0
381, 401, 412, 15307724, 8, 166, 104, 279, 217, 339, 0.969781, 1, 1, 1, 1, 143, 0, 0, 0, 0, 0, 0
300, 401, 453, 15307724, 8, 104, 279, 166, 217, 24, 1, 1, 0.754274, 1, 0.539747, 143, 0, 0, 0, 0, 0, 1
104, 401, 526, 15307724, 8, 166, 24, 10000000, 10000000, 10000000, 0.431014, 0.215899, 0, 0, 0, 143, 0, 0, 1, 1, 1, 0
217, 401, 490, 15308311, 9, 104, 24, 166, 154, 10000000, 1, 0.43177, 0.538733, 0.323722, 0, 143, 0, 0, 0, 0, 1, 0
104, 401, 526, 15308311, 9, 166, 24, 10000000, 10000000, 10000000, 0.430987, 0.215885, 0, 0, 0, 143, 0, 0, 1, 1, 1, 1
156, 517, -1, 15310549, 6, 291, 46, 5, 338, 220, 0.274321, 1, 1, 0.861736, 0.703844, 143, 1, 0, 0, 0, 0, 0
298, 531, 1, 15310549, 6, 357, 382, 291, 155, 91, 0.273615, 0.240731, 0.860615, 0.752478, 0.647018, 143, 1, 1, 0, 0, 0, 0
5, 556, -1, 15310549, 6, 12, 207, 225, 46, 315, 1, 1, 1, 1, 1, 143, 0, 0, 0, 0, 0, 0
338, 566, 1, 15310549, 6, 291, 155, 91, 12, 207, 1, 0.859975, 0.754854, 0.964317, 1, 143, 0, 0, 0, 0, 0, 1
12, 598, 45, 15315136, 7, 91, 285, 155, 183, 291, 1, 1, 1, 1, 1, 143, 0, 0, 0, 0, 0, 1
239, 534, 201, 15323724, 8, 380, 350, 345, 86, 287, 1, 0.360662, 0.318692, 1, 1, 143, 1, 1, 1, 0, 0, 0
312, 562, 201, 15323724, 8, 114, 380, 359, 350, 319, 0.861376, 1, 0.2749, 0.436835, 0.411861, 143, 0, 1, 1, 1, 1, 0
88, 568, 198, 15323724, 8, 213, 137, 380, 86, 287, 1, 0.962936, 1, 0.693913, 0.481843, 143, 0, 0, 1, 0, 0, 0
380, 584, 201, 15323724, 8, 350, 319, 250, 114, 47, 0.6868, 0.316897, 0.107585, 1, 0.958957, 143, 1, 1, 1, 0, 0, 1
47, 598, 248, 15324311, 9, 286, 347, 290, 114, 206, 1, 1, 1, 1, 1, 143, 0, 0, 0, 0, 0, 0
114, 601, 314, 15324311, 9, 347, 286, 290, 10000000, 10000000, 0.958292, 0.84376, 1, 0, 0, 143, 0, 0, 0, 1, 1, 0
291, 601, 72, 15327723, 8, 91, 155, 285, 183, 114, 1, 1, 0.844819, 1, 0.24065, 143, 0, 0, 0, 0, 0, 0
183, 598, 79, 15327723, 8, 114, 91, 380, 285, 312, 0.968631, 1, 0.857936, 1, 0.751446, 143, 0, 0, 1, 0, 1, 0
155, 601, 115, 15327724, 8, 47, 239, 91, 285, 10000000, 0.874249, 1, 1, 0.844819, 0, 143, 0, 0, 0, 0, 1, 0
285, 598, 128, 15327724, 8, 114, 380, 47, 312, 287, 1, 1, 0.860714, 0.966144, 0.754279, 143, 0, 1, 0, 0, 0, 0
91, 601, 148, 15327724, 8, 290, 206, 47, 380, 114, 1, 1, 0.935059, 0.904987, 0.538128, 143, 0, 0, 0, 1, 0, 1
380, 584, 201, 15328311, 9, 350, 319, 250, 114, 47, 0.686368, 0.316667, 0.107532, 1, 0.958354, 143, 1, 1, 1, 0, 0, 0
47, 598, 248, 15328311, 9, 286, 347, 290, 114, 206, 1, 1, 1, 1, 1, 143, 0, 0, 0, 0, 0, 0
206, 598, 292, 15328311, 9, 179, 286, 347, 85, 290, 0.967961, 1, 1, 0.792401, 1, 143, 0, 0, 0, 0, 0, 1
290, 598, 325, 15332898, 10, 179, 286, 347, 21, 85, 1, 1, 1, 0.752195, 0.840773, 143, 0, 0, 0, 0, 0, 0
85, 598, 453, 15332899, 10, 21, 332, 243, 19, 179, 1, 1, 1, 0.901309, 1, 143, 0, 0, 0, 0, 0, 0
286, 601, 472, 15332899, 10, 21, 243, 179, 332, 130, 1, 1, 1, 0.645507, 0.857641, 143, 0, 0, 0, 0, 0, 1
130, 598, 488, 15337486, 11, 21, 332, 243, 179, 19, 1, 1, 1, 1, 0.720325, 143, 0, 0, 0, 0, 0, 0
179, 601, 510, 15337486, 11, 21, 332, 243, 19, 10000000, 1, 0.860251, 1, 0, 0, 143, 0, 0, 0, 0, 1, 0
243, 598, 535, 15337486, 11, 128, 273, 21, 332, 19, 0.643184, 0.644258, 1, 1, 0.960433, 143, 0, 0, 0, 0, 0, 0
21, 601, 556, 15337486, 11, 19, 10000000, 10000000, 10000000, 10000000, 0.600046, 0, 0, 0, 0, 143, 0, 1, 1, 1, 1, 1
332, 598, 562, 15337486, 11, 128, 273, 19, 84, 10000000, 0.750381, 0.751634, 1, 0.428549, 0, 143, 0, 0, 0, 1, 1, 0
19, 598, 636, 15338073, 12, 10000000, 10000000, 10000000, 10000000, 10000000, 0, 0, 0, 0, 0, 143, 1, 1, 1, 1, 1, 1
309, 598, 764, 15338661, 13, 360, 10000, 10000, 10000, 10000, 1, 1, 1, 1, 1, 143, 0, 0, 0, 0, 0, 0
360, 598, 783, 15339049, 14, 240, 10000, 10000, 10000, 10000, 1, 1, 1, 1, 1, 143, 0, 0, 0, 0, 0, 0
266, 279, -1, 16299999, 1, 98, 7, 170, 373, 320, 0.323323, 1, 1, 0.602661, 0.363168, 146, 0, 0, 0, 1, 1, 0
170, 325, -1, 16300200, 2, 61, 373, 288, 7, 320, 1, 0.843705, 0.7555, 1, 0.484212, 146, 0, 1, 0, 0, 0, 0
7, 354, -1, 16300200, 2, 320, 61, 100, 373, 156, 1, 1, 1, 1, 0.726757, 146, 0, 0, 0, 1, 0, 1
373, 401, 18, 16304787, 3, 48, 325, 158, 260, 254, 1, 1, 1, 0.962554, 1, 146, 0, 0, 0, 0, 0, 0
100, 398, 30, 16304787, 3, 378, 48, 325, 158, 260, 1, 1, 1, 1, 1, 146, 0, 0, 0, 0, 0, 0
320, 401, 42, 16304787, 3, 378, 48, 158, 325, 254, 1, 1, 1, 0.843347, 1, 146, 0, 0, 0, 0, 0, 1
61, 436, 1, 16304787, 3, 5, 338, 156, 298, 200, 1, 0.97201, 1, 1, 1, 146, 0, 0, 0, 0, 0, 1
254, 401, 86, 16305374, 4, 116, 378, 48, 158, 325, 1, 1, 1, 1, 0.862252, 146, 0, 0, 0, 0, 0, 0
158, 401, 128, 16305374, 4, 116, 378, 48, 325, 118, 1, 1, 1, 1, 0.304075, 146, 0, 0, 0, 0, 0, 0
325, 398, 151, 16305374, 4, 118, 224, 41, 314, 356, 0.968229, 0.942911, 0.860711, 0.967263, 1, 146, 0, 0, 0, 0, 1, 0
48, 401, 157, 16305374, 4, 302, 224, 116, 118, 378, 1, 1, 1, 0.753067, 0.968597, 146, 0, 0, 0, 0, 0, 0
378, 398, 178, 16305374, 4, 41, 118, 224, 314, 116, 1, 1, 1, 1, 1, 146, 0, 0, 0, 0, 0, 1
116, 398, 260, 16305962, 5, 395, 388, 381, 335, 372, 1, 1, 1, 0.645005, 0.752487, 146, 1, 1, 1, 1, 1, 0
224, 398, 307, 16305962, 5, 381, 395, 388, 372, 217, 1, 1, 1, 0.967483, 1, 146, 1, 1, 1, 1, 0, 0
118, 401, 323, 16305962, 5, 349, 395, 381, 388, 351, 1, 1, 0.959037, 0.957619, 1, 146, 0, 1, 1, 1, 0, 0
41, 401, 364, 16305962, 5, 300, 115, 372, 381, 395, 1, 1, 0.880266, 1, 0.968635, 146, 0, 0, 1, 1, 1, 1
372, 418, 398, 16306549, 6, 166, 279, 144, 24, 339, 1, 1, 1, 0.752553, 1, 146, 0, 0, 0, 0, 0, 1
395, 401, 412, 16306549, 6, 279, 144, 166, 339, 53, 1, 1, 0.860451, 1, 1, 146, 0, 0, 0, 0, 0, 0
381, 401, 415, 16306549, 6, 279, 166, 339, 53, 24, 1, 0.860451, 1, 0.910063, 0.537538, 146, 0, 0, 0, 0, 0, 0
115, 398, 466, 16306549, 6, 217, 300, 372, 104, 162, 1, 1, 0.75425, 1, 0.215498, 146, 0, 0, 1, 0, 0, 0
300, 401, 466, 16306549, 6, 372, 279, 166, 339, 24, 1, 0.967517, 0.645338, 0.864121, 0.43003, 146, 1, 0, 0, 0, 0, 1
200, 488, 1, 16309374, 4, 220, 5, 46, 291, 338, 0.862813, 1, 0.863134, 0.723803, 1, 146, 0, 0, 0, 0, 0, 0
298, 518, 1, 16309374, 4, 220, 105, 291, 155, 5, 1, 0.968574, 0.844436, 0.646888, 0.969195, 146, 0, 0, 0, 0, 0, 0
156, 531, -1, 16309374, 4, 225, 207, 46, 5, 338, 1, 1, 1, 1, 0.863581, 146, 0, 0, 0, 0, 0, 0
338, 556, 1, 16309374, 4, 291, 357, 105, 155, 220, 0.970401, 0.613583, 0.968574, 0.754703, 0.970665, 146, 0, 1, 0, 0, 0, 0
5, 569, -1, 16309374, 4, 357, 225, 12, 207, 46, 1, 1, 1, 1, 1, 146, 1, 0, 0, 0, 0, 1
12, 598, 32, 16309962, 5, 91, 47, 155, 285, 291, 1, 0.880227, 1, 1, 1, 146, 0, 0, 0, 0, 0, 0
46, 636, 1, 16309962, 5, 382, 357, 362, 315, 331, 1, 1, 0.968504, 1, 0.968376, 146, 1, 1, 1, 0, 0, 0
207, 678, 1, 16309962, 5, 382, 357, 315, 362, 331, 1, 1, 1, 1, 1, 146, 1, 1, 0, 1, 0, 0
339, 450, 398, 16315136, 7, 24, 166, 279, 144, 35, 0.966675, 1, 1, 0.969321, 0.215135, 146, 0, 0, 0, 0, 0, 0
144, 476, 401, 16315136, 7, 120, 24, 347, 166, 286, 0.86335, 1, 0.862142, 1, 0.646063, 146, 0, 0, 0, 0, 0, 0
279, 483, 398, 16315136, 7, 24, 166, 347, 10000000, 10000000, 0.966675, 1, 0.275262, 0, 0, 146, 0, 0, 1, 1, 1, 0
166, 516, 398, 16315136, 7, 124, 81, 24, 120, 347, 1, 1, 1, 0.60728, 0.465231, 146, 0, 0, 0, 0, 1, 1
24, 569, 398, 16315724, 8, 120, 81, 124, 347, 85, 1, 1, 0.87758, 1, 1, 146, 0, 0, 0, 0, 0, 0
81, 646, 401, 16315724, 8, 398, 367, 306, 35, 234, 1, 1, 1, 1, 1, 146, 1, 0, 0, 0, 0, 0
124, 678, 401, 16315724, 8, 398, 367, 306, 35, 234, 1, 1, 1, 1, 1, 146, 1, 1, 0, 0, 0, 1
234, 727, 401, 16316311, 9, 398, 367, 306, 35, 111, 1, 1, 1, 1, 0.537207, 146, 1, 1, 0, 0, 0, 0
35, 757, 398, 16316311, 9, 87, 398, 367, 306, 10000000, 1, 1, 1, 1, 0, 146, 0, 1, 1, 0, 1, 0
306, 758, 401, 16316311, 9, 87, 111, 146, 398, 367, 1, 0.752089, 0.538207, 1, 1, 146, 0, 0, 0, 1, 1, 0
367, 780, 401, 16316311, 9, 87, 111, 146, 280, 398, 1, 0.966972, 0.753433, 0.645552, 1, 146, 0, 0, 0, 0, 1, 0
398, 787, 401, 16316311, 9, 146, 111, 87, 280, 10000000, 0.941791, 1, 0.860782, 0.53796, 0, 146, 0, 0, 0, 0, 1, 1
87, 798, 442, 16316899, 10, 146, 280, 10000000, 10000000, 10000000, 1, 1, 0, 0, 0, 146, 0, 0, 1, 1, 1, 0
111, 801, 543, 16316899, 10, 146, 280, 87, 10000000, 10000000, 1, 1, 1, 0, 0, 146, 0, 0, 0, 1, 1, 0
291, 601, 86, 16318549, 6, 47, 91, 155, 285, 114, 1, 1, 1, 0.862383, 0.215015, 146, 0, 0, 0, 0, 0, 0
285, 598, 113, 16318549, 6, 114, 380, 47, 91, 88, 0.96757, 1, 0.862241, 1, 0.437094, 146, 0, 0, 0, 0, 1, 0
155, 601, 129, 16318549, 6, 290, 47, 91, 239, 10000000, 1, 0.915052, 1, 0.779634, 0, 146, 0, 0, 0, 0, 1, 0
91, 601, 161, 16318549, 6, 114, 206, 47, 290, 88, 0.94022, 1, 0.949013, 0.77175, 1, 146, 0, 0, 0, 0, 0, 0
47, 598, 235, 16318549, 6, 286, 347, 114, 290, 206, 0.968738, 0.969553, 1, 1, 1, 146, 0, 0, 0, 0, 0, 0
88, 580, 198, 16319136, 7, 272, 213, 137, 47, 86, 1, 1, 0.967395, 1, 0.752061, 146, 0, 0, 0, 0, 0, 0
47, 598, 235, 16319136, 7, 286, 347, 114, 290, 206, 0.968677, 0.969491, 1, 1, 1, 146, 0, 0, 0, 0, 0, 0
206, 598, 278, 16319136, 7, 286, 347, 179, 114, 290, 0.968677, 0.969491, 0.860635, 0.967509, 1, 146, 0, 0, 0, 0, 0, 0
280, 798, 512, 16321486, 11, 146, 10000000, 10000000, 10000000, 10000000, 1, 0, 0, 0, 0, 146, 0, 1, 1, 1, 1, 0
87, 798, 442, 16321486, 11, 146, 280, 10000000, 10000000, 10000000, 1, 1, 0, 0, 0, 146, 0, 0, 1, 1, 1, 0
315, 755, 1, 16322549, 6, 357, 382, 75, 209, 232, 1, 1, 0.968636, 0.60305, 0.323094, 146, 1, 1, 0, 0, 0, 0
357, 780, 1, 16322549, 6, 209, 75, 232, 319, 10000000, 1, 1, 0.636194, 0.241463, 0, 146, 0, 0, 0, 1, 1, 0
382, 787, 1, 16322549, 6, 232, 209, 75, 10000000, 10000000, 1, 0.844271, 0.963331, 0, 0, 146, 0, 0, 0, 1, 1, 0
362, 817, -1, 16322549, 6, 75, 382, 357, 315, 10000000, 1, 1, 1, 1, 0, 146, 0, 1, 1, 0, 1, 0
331, 843, -1, 16322549, 6, 382, 357, 315, 362, 105, 1, 1, 1, 1, 0.793018, 146, 1, 1, 0, 1, 0, 0
75, 798, 38, 16323136, 7, 319, 250, 232, 209, 350, 1, 0.85925, 1, 1, 0.643953, 146, 0, 0, 0, 0, 1, 0
209, 798, 76, 16323136, 7, 250, 319, 126, 350, 232, 0.966656, 1, 0.751141, 0.858605, 1, 146, 0, 0, 0, 1, 0, 0
232, 798, 116, 16323137, 7, 250, 187, 319, 126, 389, 1, 1, 1, 0.858447, 1, 146, 0, 0, 0, 0, 1, 0
290, 598, 313, 16323724, 8, 286, 347, 179, 85, 130, 1, 1, 0.967737, 0.858692, 0.646575, 146, 0, 0, 0, 0, 0, 0
114, 601, 324, 16323724, 8, 85, 347, 286, 10000000, 10000000, 1, 0.963382, 0.753044, 0, 0, 146, 0, 0, 0, 1, 1, 0
319, 801, 246, 16323724, 8, 58, 126, 250, 187, 40, 0.965899, 1, 1, 1, 1, 146, 0, 0, 0, 0, 0, 0
40, 798, 247, 16332311, 9, 58, 126, 250, 187, 306, 1, 1, 1, 1, 0.644208, 146, 0, 0, 0, 0, 1, 0
187, 798, 275, 16332311, 9, 58, 87, 398, 126, 306, 1, 0.859303, 0.857515, 1, 0.751577, 146, 0, 0, 1, 0, 0, 0
250, 801, 285, 16332311, 9, 58, 126, 87, 10000000, 10000000, 1, 1, 0.433713, 0, 0, 146, 0, 0, 0, 1, 1, 0
126, 801, 332, 16332311, 9, 111, 398, 87, 58, 10000000, 1, 1, 0.867427, 1, 0, 146, 0, 1, 0, 0, 1, 0
58, 801, 381, 16332311, 9, 146, 280, 87, 398, 367, 1, 1, 1, 1, 1, 146, 0, 0, 0, 1, 1, 0
398, 787, 401, 16332899, 10, 146, 111, 87, 280, 10000000, 0.938857, 1, 0.859248, 0.537002, 0, 146, 0, 0, 0, 0, 1, 0
367, 780, 401, 16332899, 10, 87, 111, 146, 280, 398, 1, 0.965251, 0.751086, 0.644402, 1, 146, 0, 0, 0, 0, 1, 0
87, 798, 442, 16332899, 10, 146, 280, 10000000, 10000000, 10000000, 1, 1, 0, 0, 0, 146, 0, 0, 1, 1, 1, 0
280, 798, 511, 16332899, 10, 146, 10000000, 10000000, 10000000, 10000000, 1, 0, 0, 0, 0, 146, 0, 1, 1, 1, 1, 0
47, 598, 235, 16335723, 8, 286, 347, 114, 290, 206, 0.966951, 0.967762, 1, 1, 1, 146, 0, 0, 0, 0, 0, 0
86, 632, 201, 16335723, 8, 359, 385, 389, 232, 350, 1, 0.964585, 0.750453, 0.322636, 1, 146, 1, 1, 1, 1, 0, 0
213, 688, 201, 16335724, 8, 389, 385, 359, 319, 350, 1, 1, 1, 0.861351, 1, 146, 1, 1, 1, 0, 0, 0
272, 714, 201, 16335724, 8, 389, 385, 359, 319, 250, 1, 1, 1, 0.969019, 0.85809, 146, 1, 1, 1, 0, 0, 0
137, 720, 198, 16335724, 8, 359, 385, 389, 350, 44, 0.844659, 0.722657, 0.42883, 1, 1, 146, 1, 1, 1, 0, 0, 0
389, 812, 198, 16336311, 9, 187, 250, 126, 40, 319, 1, 0.96529, 0.857235, 1, 1, 146, 0, 0, 0, 0, 0, 0
85, 598, 440, 16336311, 9, 286, 179, 130, 347, 243, 1, 1, 1, 1, 1, 146, 0, 0, 0, 0, 0, 0
359, 819, 198, 16336311, 9, 250, 319, 126, 58, 40, 0.96529, 1, 0.750081, 0.428709, 0.606941, 146, 0, 0, 0, 1, 0, 0
347, 601, 445, 16336311, 9, 120, 286, 35, 179, 130, 0.646036, 1, 0.429293, 1, 0.968549, 146, 0, 0, 0, 0, 0, 0
286, 601, 488, 16336311, 9, 120, 35, 10000000, 10000000, 10000000, 0.538363, 0.321969, 0, 0, 0, 146, 0, 0, 1, 1, 1, 0
347, 601, 445, 16336898, 10, 120, 286, 35, 179, 130, 0.645995, 1, 0.429266, 1, 0.968488, 146, 0, 0, 0, 0, 0, 0
130, 598, 475, 16336898, 10, 286, 273, 179, 128, 10000000, 1, 0.429174, 1, 0.321459, 0, 146, 0, 0, 0, 0, 1, 0
319, 801, 246, 16336898, 10, 58, 126, 250, 187, 40, 0.964535, 1, 1, 1, 1, 146, 0, 0, 0, 0, 0, 0
40, 798, 247, 16336898, 10, 58, 126, 250, 187, 306, 1, 1, 1, 1, 0.643891, 146, 0, 0, 0, 0, 1, 0
286, 601, 488, 16336898, 10, 120, 35, 10000000, 10000000, 10000000, 0.538329, 0.321949, 0, 0, 0, 146, 0, 0, 1, 1, 1, 0
187, 798, 275, 16336898, 10, 58, 87, 398, 126, 306, 1, 0.858879, 0.857093, 1, 0.751207, 146, 0, 0, 1, 0, 0, 0
179, 601, 524, 16336898, 10, 273, 286, 120, 35, 10000000, 1, 1, 0.322998, 0.214633, 0, 146, 0, 0, 0, 0, 1, 0
243, 598, 524, 16336898, 10, 286, 128, 179, 273, 130, 0.959958, 0.535764, 0.963946, 0.536467, 1, 146, 0, 0, 0, 0, 0, 0
126, 801, 332, 16337485, 11, 111, 398, 87, 58, 10000000, 1, 1, 0.865485, 1, 0, 146, 0, 1, 0, 0, 1, 0
58, 801, 381, 16337486, 11, 146, 280, 87, 398, 367, 1, 1, 1, 1, 1, 146, 0, 0, 0, 1, 1, 0
398, 787, 401, 16338073, 12, 146, 111, 87, 280, 10000000, 0.937946, 1, 0.858771, 0.536704, 0, 146, 0, 0, 0, 0, 1, 0
367, 780, 401, 16338073, 12, 87, 111, 146, 280, 398, 1, 0.964716, 0.750357, 0.644044, 1, 146, 0, 0, 0, 0, 1, 0
87, 798, 442, 16338073, 12, 146, 280, 10000000, 10000000, 10000000, 1, 1, 0, 0, 0, 146, 0, 0, 1, 1, 1, 0
280, 798, 511, 16346660, 13, 146, 10000000, 10000000, 10000000, 10000000, 1, 0, 0, 0, 0, 146, 0, 1, 1, 1, 1, 0
313, 201, 260, 17299999, 1, 363, 311, 366, 23, 132, 1, 0.940493, 1, 0.970013, 1, 90, 1, 0, 0, 0, 0, 0
132, 201, 342, 17300200, 2, 113, 363, 222, 23, 386, 1, 0.864616, 0.7778, 1, 0.971078, 90, 0, 0, 0, 0, 1, 0
366, 198, 374, 17300200, 2, 274, 205, 299, 222, 311, 0.860692, 1, 1, 1, 1, 90, 0, 0, 0, 0, 0, 0
23, 201, 378, 17300200, 2, 299, 222, 18, 363, 113, 1, 1, 1, 1, 0.932163, 90, 0, 0, 1, 0, 0, 0
363, 201, 426, 17300200, 2, 274, 205, 65, 299, 188, 0.968278, 1, 0.968915, 1, 0.647657, 90, 0, 0, 1, 0, 0, 1
299, 201, 497, 17300787, 3, 10, 65, 205, 274, 188, 1, 0.968853, 1, 0.645478, 0.431744, 90, 1, 1, 0, 0, 0, 0
205, 201, 541, 17300787, 3, 10, 65, 274, 45, 188, 0.704477, 1, 0.430319, 0.241645, 0.215872, 90, 1, 1, 0, 0, 0, 1
65, 201, 581, 17305375, 4, 20, 10000000, 10000000, 10000000, 10000000, 1, 0, 0, 0, 0, 90, 0, 1, 1, 1, 1, 0
10, 198, 611, 17305375, 4, 65, 20, 10000000, 10000000, 10000000, 1, 0, 0, 0, 0, 90, 1, 0, 1, 1, 1, 1
20, 224, 601, 17305962, 5, 107, 182, 162, 96, 154, 1, 1, 0.324107, 0.431484, 0.215467, 90, 0, 0, 0, 1, 0, 0
65, 201, 581, 17305962, 5, 20, 10000000, 10000000, 10000000, 10000000, 1, 0, 0, 0, 0, 90, 0, 1, 1, 1, 1, 1
20, 224, 601, 17306549, 6, 107, 182, 162, 96, 154, 1, 1, 0.324087, 0.431457, 0.215453, 90, 0, 0, 0, 1, 0, 1
182, 268, 601, 17307136, 7, 107, 16, 154, 162, 96, 1, 0.688116, 0.430879, 0.756155, 0.539287, 90, 0, 1, 0, 0, 0, 0
107, 366, 598, 17307136, 7, 162, 173, 16, 108, 96, 0.792798, 0.907413, 0.953695, 1, 0.379577, 90, 0, 0, 1, 0, 0, 1
108, 398, 635, 17307724, 8, 16, 82, 10000000, 10000000, 10000000, 0, 0.215748, 0, 0, 0, 90, 1, 0, 1, 1, 1, 0
16, 417, 601, 17307724, 8, 96, 162, 173, 90, 332, 0.970655, 1, 1, 0.476674, 0.430018, 90, 0, 0, 0, 1, 1, 0
173, 474, 601, 17307724, 8, 19, 96, 90, 273, 162, 1, 1, 0.860309, 1, 1, 90, 1, 0, 1, 0, 0, 1
162, 551, 598, 17312311, 9, 90, 19, 96, 10000000, 10000000, 1, 1, 1, 0, 0, 90, 1, 1, 0, 1, 1, 0
96, 577, 598, 17312311, 9, 90, 19, 21, 10000000, 10000000, 1, 1, 0.872832, 0, 0, 90, 1, 1, 1, 1, 1, 0
19, 598, 611, 17316898, 10, 90, 10000000, 10000000, 10000000, 10000000, 1, 0, 0, 0, 0, 90, 1, 1, 1, 1, 1, 0
21, 601, 581, 17316898, 10, 90, 19, 10000000, 10000000, 10000000, 1, 0.752943, 0, 0, 0, 90, 1, 1, 1, 1, 1, 0
16, 416, 601, 17320311, 9, 96, 162, 173, 90, 332, 0.969339, 1, 1, 0.475723, 0.429436, 90, 0, 0, 0, 1, 1, 0
173, 473, 601, 17320898, 10, 19, 96, 90, 273, 162, 1, 1, 0.859092, 1, 1, 90, 1, 0, 1, 0, 0, 0
162, 551, 598, 17320898, 10, 90, 19, 96, 10000000, 10000000, 1, 1, 1, 0, 0, 90, 1, 1, 0, 1, 1, 0
60, 198, 8, 18299999, 1, 98, 123, 368, 344, 263, 0.972366, 1, 0.862506, 0.969349, 1, 141, 0, 0, 1, 0, 0, 0
263, 198, 104, 18300200, 2, 249, 313, 368, 13, 132, 0.968857, 0.971828, 1, 0.969508, 0.754502, 141, 0, 0, 0, 1, 0, 0
344, 198, 134, 18300200, 2, 23, 249, 313, 132, 193, 0.886932, 0.968857, 1, 0.862288, 1, 141, 1, 0, 0, 0, 0, 0
98, 201, 167, 18300200, 2, 249, 313, 193, 229, 368, 0.968857, 1, 1, 0.876002, 1, 141, 0, 0, 0, 0, 0, 1
368, 201, 237, 18300787, 3, 132, 249, 23, 313, 305, 1, 1, 0.72521, 1, 0.755741, 141, 0, 0, 1, 0, 0, 0
193, 198, 241, 18300787, 3, 363, 23, 399, 386, 222, 1, 1, 1, 1, 0.913565, 141, 0, 1, 1, 1, 0, 0
313, 201, 273, 18300787, 3, 222, 363, 113, 23, 366, 1, 1, 1, 1, 1, 141, 0, 0, 0, 1, 0, 0
229, 198, 287, 18300787, 3, 363, 299, 23, 399, 386, 1, 0.863497, 1, 1, 1, 141, 0, 0, 1, 1, 1, 0
249, 201, 306, 18300787, 3, 222, 113, 18, 399, 386, 1, 1, 1, 1, 1, 141, 0, 0, 1, 1, 1, 1
386, 198, 387, 18301375, 4, 299, 205, 311, 222, 168, 1, 0.860907, 1, 1, 1, 141, 0, 0, 0, 0, 0, 0
399, 198, 387, 18301375, 4, 205, 299, 311, 222, 168, 0.96852, 1, 1, 1, 1, 141, 0, 0, 0, 0, 0, 0
18, 210, 401, 18301375, 4, 205, 299, 45, 188, 335, 1, 1, 1, 1, 1, 141, 0, 0, 1, 0, 0, 0
113, 198, 435, 18301375, 4, 65, 205, 299, 276, 10, 0.969055, 1, 1, 0.755787, 0.724836, 141, 1, 0, 0, 0, 1, 1
299, 201, 511, 18305962, 5, 178, 10, 65, 205, 276, 1, 1, 0.968577, 1, 0.361298, 141, 0, 1, 1, 0, 0, 0
205, 201, 554, 18305962, 5, 178, 295, 65, 276, 10, 1, 0.776681, 1, 0.697854, 0.759929, 141, 0, 0, 1, 0, 1, 0
65, 201, 594, 18305962, 5, 16, 210, 182, 276, 178, 1, 1, 1, 0.963462, 1, 141, 1, 0, 0, 0, 0, 1
182, 255, 601, 18306550, 6, 107, 16, 154, 162, 96, 1, 0.725898, 0.322634, 0.645982, 0.430262, 141, 0, 1, 0, 0, 1, 0
178, 198, 655, 18306550, 6, 67, 59, 210, 172, 276, 0.967443, 0.843406, 1, 0.215568, 1, 141, 1, 1, 0, 1, 0, 0
276, 201, 698, 18306550, 6, 77, 59, 67, 210, 172, 1, 1, 1, 1, 0.910041, 141, 1, 1, 1, 0, 0, 0
210, 201, 752, 18306550, 6, 67, 59, 10000000, 10000000, 10000000, 1, 1, 0, 0, 0, 141, 1, 1, 1, 1, 1, 1
67, 201, 792, 18311137, 7, 352, 136, 227, 95, 10000000, 1, 1, 1, 0.792867, 0, 141, 0, 0, 0, 1, 1, 1
59, 198, 815, 18311137, 7, 67, 95, 218, 10000000, 10000000, 1, 0.792867, 0.27393, 0, 0, 141, 1, 1, 0, 1, 1, 0
95, 213, 801, 18311724, 8, 3, 352, 136, 304, 271, 1, 0.967631, 1, 0.971235, 1, 141, 1, 0, 0, 0, 0, 0
227, 292, 801, 18311724, 8, 33, 3, 352, 136, 304, 0.970011, 1, 1, 1, 1, 141, 0, 1, 0, 0, 0, 0
136, 344, 798, 18311725, 8, 33, 141, 257, 317, 52, 1, 0.912318, 0.882726, 1, 1, 141, 0, 0, 0, 0, 0, 0
352, 365, 801, 18311725, 8, 141, 33, 79, 52, 257, 1, 0.970011, 1, 1, 0.701137, 141, 0, 0, 1, 0, 0, 1
79, 401, 787, 18312312, 9, 33, 10000000, 10000000, 10000000, 10000000, 1, 0, 0, 0, 0, 141, 0, 1, 1, 1, 1, 0
52, 398, 824, 18312312, 9, 33, 79, 10000000, 10000000, 10000000, 1, 0.794939, 0, 0, 0, 141, 0, 1, 1, 1, 1, 0
33, 428, 801, 18312312, 9, 141, 257, 10000000, 10000000, 10000000, 1, 1, 0, 0, 0, 141, 0, 0, 1, 1, 1, 0
257, 483, 801, 18312312, 9, 141, 10000000, 10000000, 10000000, 10000000, 1, 0, 0, 0, 0, 141, 0, 1, 1, 1, 1, 0
107, 379, 598, 18315137, 7, 108, 173, 16, 10000000, 10000000, 1, 0.927192, 0.958994, 0, 0, 141, 0, 0, 1, 1, 1, 0
108, 398, 621, 18315724, 8, 79, 154, 52, 304, 352, 1, 1, 0.918441, 0.431474, 0.322405, 141, 1, 0, 0, 1, 1, 0
16, 410, 601, 18315724, 8, 108, 173, 10000000, 10000000, 10000000, 1, 1, 0, 0, 0, 141, 0, 0, 1, 1, 1, 0
257, 482, 801, 18316899, 10, 141, 10000000, 10000000, 10000000, 10000000, 1, 0, 0, 0, 0, 141, 0, 1, 1, 1, 1, 0
271, 318, 798, 18324312, 9, 141, 257, 33, 3, 352, 1, 1, 0.876177, 1, 0.966323, 141, 0, 0, 0, 1, 0, 0
304, 330, 801, 18324312, 9, 141, 33, 3, 352, 136, 0.963394, 1, 1, 1, 1, 141, 0, 0, 1, 0, 0, 0
136, 344, 798, 18324312, 9, 33, 141, 257, 317, 52, 1, 0.908839, 0.877849, 1, 1, 141, 0, 0, 0, 0, 0, 0
3, 383, 798, 18324312, 9, 141, 257, 33, 79, 317, 0.927654, 0.877849, 0.823126, 1, 1, 141, 0, 0, 0, 1, 0, 0
79, 401, 787, 18324899, 10, 33, 10000000, 10000000, 10000000, 10000000, 1, 0, 0, 0, 0, 141, 0, 1, 1, 1, 1, 0
33, 428, 801, 18324899, 10, 141, 257, 10000000, 10000000, 10000000, 1, 1, 0, 0, 0, 141, 0, 0, 1, 1, 1, 0
257, 482, 801, 18324899, 10, 141, 10000000, 10000000, 10000000, 10000000, 1, 0, 0, 0, 0, 141, 0, 1, 1, 1, 1, 0
33, 428, 801, 18337486, 11, 141, 257, 10000000, 10000000, 10000000, 1, 1, 0, 0, 0, 141, 0, 0, 1, 1, 1, 0
257, 482, 801, 18338073, 12, 141, 10000000, 10000000, 10000000, 10000000, 1, 0, 0, 0, 0, 141, 0, 1, 1, 1, 1, 0
346, 1, 285, 19299999, 1, 268, 50, 32, 176, 284, 1, 1, 0.96808, 1, 1, 173, 0, 0, 1, 0, 0, 0
284, 1, 314, 19300200, 2, 201, 32, 50, 176, 230, 1, 1, 0.910262, 1, 0.323331, 173, 0, 1, 0, 0, 0, 1
176, 1, 376, 19300200, 2, 191, 340, 201, 83, 50, 1, 1, 1, 1, 1, 173, 0, 0, 0, 1, 0, 0
32, 6, 398, 19300200, 2, 110, 336, 262, 370, 157, 1, 1, 1, 1, 1, 173, 0, 0, 0, 0, 0, 0
50, -1, 422, 19300200, 2, 43, 390, 83, 2, 191, 0.972758, 0.971224, 1, 0.380708, 1, 173, 1, 1, 1, 1, 0, 1
83, 16, 401, 19304787, 3, 110, 221, 336, 262, 363, 1, 1, 1, 1, 0.645261, 173, 0, 0, 0, 0, 0, 1
191, 1, 569, 19304787, 3, 43, 103, 189, 221, 10000000, 1, 1, 0.769157, 0.24199, 0, 173, 1, 1, 0, 0, 1, 0
262, 77, 401, 19313374, 4, 274, 23, 18, 110, 363, 0.966669, 1, 0.970733, 1, 0.859555, 173, 0, 1, 1, 0, 0, 0
336, 120, 401, 19313374, 4, 274, 168, 363, 18, 23, 0.966669, 1, 0.966999, 1, 1, 173, 0, 0, 0, 1, 1, 0
221, 145, 398, 19313374, 4, 274, 168, 113, 18, 23, 1, 0.912663, 1, 1, 1, 173, 0, 0, 0, 1, 1, 1
176, 1, 377, 19316787, 3, 191, 340, 201, 83, 50, 1, 1, 1, 1, 1, 173, 0, 0, 0, 1, 0, 0
32, 6, 398, 19316787, 3, 110, 336, 262, 370, 157, 1, 1, 1, 1, 1, 173, 0, 0, 0, 0, 0, 0
50, -1, 421, 19316787, 3, 43, 390, 83, 2, 191, 0.971017, 0.969489, 1, 0.37951, 1, 173, 1, 1, 1, 1, 0, 0
201, -1, 443, 19316787, 3, 390, 43, 103, 2, 191, 1, 1, 1, 0.360725, 1, 173, 1, 1, 1, 1, 0, 1
191, 1, 569, 19317374, 4, 43, 103, 189, 221, 10000000, 1, 1, 0.761782, 0.241622, 0, 173, 1, 1, 0, 0, 1, 0
2, -1, 587, 19317375, 4, 65, 34, 134, 189, 103, 1, 1, 0.783952, 1, 1, 173, 1, 1, 0, 0, 1, 0
390, -1, 587, 19317375, 4, 259, 189, 103, 134, 43, 0.860055, 1, 0.966884, 0.430648, 1, 173, 0, 0, 1, 0, 1, 1
43, 1, 591, 19317375, 4, 65, 34, 134, 259, 189, 1, 1, 1, 1, 1, 173, 1, 1, 0, 0, 0, 0
103, 6, 599, 19317375, 4, 34, 259, 20, 134, 189, 1, 1, 0.878063, 0.861297, 1, 173, 1, 0, 1, 0, 0, 0
43, 1, 591, 19317962, 5, 65, 34, 134, 259, 189, 1, 1, 1, 1, 1, 173, 1, 1, 0, 0, 0, 0
103, 6, 599, 19317962, 5, 34, 259, 20, 134, 189, 1, 1, 0.877837, 0.861242, 1, 173, 1, 0, 1, 0, 0, 0
23, 201, 393, 19317962, 5, 274, 335, 278, 168, 299, 1, 1, 1, 1, 0.969971, 173, 0, 0, 0, 0, 0, 0
113, 198, 423, 19317962, 5, 65, 205, 10, 299, 311, 0.862526, 1, 0.753148, 1, 1, 173, 1, 0, 1, 0, 0, 1
18, 210, 401, 19317962, 5, 45, 188, 274, 335, 278, 0.967914, 0.965963, 1, 1, 1, 173, 1, 0, 0, 0, 0, 0
189, 57, 601, 19317962, 5, 65, 10, 34, 134, 259, 1, 1, 1, 1, 1, 173, 1, 0, 1, 0, 0, 1
168, 271, 401, 19317962, 5, 41, 53, 45, 395, 388, 1, 1, 1, 1, 1, 173, 1, 1, 1, 1, 1, 1
259, 122, 598, 19322549, 6, 182, 65, 34, 10, 134, 1, 1, 1, 0.861752, 1, 173, 0, 1, 1, 0, 0, 0
134, 163, 598, 19322549, 6, 20, 65, 10, 178, 34, 1, 1, 1, 1, 1, 173, 1, 1, 1, 0, 1, 0
34, 183, 598, 19322549, 6, 182, 107, 20, 205, 10, 0.945421, 0.610407, 1, 1, 1, 173, 0, 1, 1, 0, 1, 0
45, 390, 398, 19322549, 6, 108, 217, 300, 349, 381, 1, 1, 1, 1, 1, 173, 1, 0, 0, 0, 0, 0
388, 401, 412, 19322549, 6, 217, 300, 104, 349, 381, 1, 1, 0.860537, 1, 1, 173, 0, 0, 0, 0, 0, 0
53, 410, 401, 19322549, 6, 217, 381, 115, 395, 388, 1, 1, 1, 1, 0.952686, 173, 0, 0, 0, 1, 1, 1
311, 201, 477, 19326549, 6, 10, 20, 45, 65, 205, 1, 1, 0.214894, 0.646296, 1, 173, 1, 1, 1, 1, 0, 0
299, 201, 525, 19326549, 6, 10, 65, 20, 205, 178, 1, 0.969445, 1, 1, 1, 173, 1, 1, 1, 0, 0, 0
205, 201, 568, 19326549, 6, 20, 65, 274, 10000000, 10000000, 1, 1, 0.214512, 0, 0, 173, 1, 1, 0, 1, 1, 0
10, 198, 581, 19326549, 6, 107, 182, 20, 65, 205, 0.780222, 1, 1, 1, 1, 173, 1, 0, 1, 1, 0, 0
65, 201, 608, 19326549, 6, 16, 182, 20, 10000000, 10000000, 0.764348, 1, 1, 0, 0, 173, 1, 0, 1, 1, 1, 1
20, 208, 601, 19327136, 7, 16, 107, 182, 162, 96, 1, 1, 1, 0.215284, 0.215555, 173, 1, 1, 0, 0, 1, 0
388, 401, 412, 19327136, 7, 217, 300, 104, 349, 381, 1, 1, 0.860113, 1, 1, 173, 0, 0, 0, 0, 0, 0
395, 401, 412, 19327136, 7, 104, 217, 300, 349, 381, 1, 1, 1, 1, 1, 173, 0, 0, 0, 0, 0, 0
182, 243, 601, 19327136, 7, 108, 107, 16, 162, 96, 1, 1, 0.646119, 0.538211, 0.362389, 173, 1, 1, 1, 0, 1, 0
115, 398, 432, 19327136, 7, 108, 104, 217, 300, 349, 1, 1, 1, 1, 1, 173, 1, 0, 0, 0, 0, 0
381, 401, 433, 19327136, 7, 104, 217, 300, 349, 16, 1, 1, 1, 1, 0, 173, 0, 0, 0, 0, 1, 0
217, 401, 542, 19327137, 7, 107, 16, 108, 104, 10000000, 1, 1, 1, 1, 0, 173, 1, 1, 1, 0, 1, 1
104, 401, 572, 19327724, 8, 108, 16, 10000000, 10000000, 10000000, 0.934136, 1, 0, 0, 0, 173, 1, 1, 1, 1, 1, 0
107, 387, 598, 19327724, 8, 173, 108, 16, 104, 10000000, 0.938669, 1, 0.962475, 1, 0, 173, 0, 1, 1, 0, 1, 1
16, 407, 601, 19327724, 8, 173, 10000000, 10000000, 10000000, 10000000, 1, 0, 0, 0, 0, 173, 0, 1, 1, 1, 1, 0
108, 398, 608, 19327724, 8, 173, 16, 10000000, 10000000, 10000000, 1, 1, 0, 0, 0, 173, 0, 1, 1, 1, 1, 0
108, 398, 608, 19328311, 9, 173, 16, 10000000, 10000000, 10000000, 1, 1, 0, 0, 0, 173, 0, 1, 1, 1, 1, 0
16, 407, 601, 19328311, 9, 173, 10000000, 10000000, 10000000, 10000000, 1, 0, 0, 0, 0, 173, 0, 1, 1, 1, 1, 0
104, 401, 572, 19328311, 9, 108, 16, 10000000, 10000000, 10000000, 0.934008, 1, 0, 0, 0, 173, 1, 1, 1, 1, 1, 0
107, 387, 598, 19331724, 8, 173, 108, 16, 104, 10000000, 0.937965, 1, 0.962012, 1, 0, 173, 0, 1, 1, 0, 1, 0
16, 407, 601, 19331724, 8, 173, 10000000, 10000000, 10000000, 10000000, 1, 0, 0, 0, 0, 173, 0, 1, 1, 1, 1, 0
