source_x,source_y,recv_x,recv_y,time,recv_priority,hopcount,recv_id,source_id,destination_id,
1498, 1182, 1487, 1201, 10000200, 4, 1, 710, 400, 205, 
1498, 1182, 1487, 1201, 10000200, 3, 1, 811, 400, 205, 
1498, 1182, 1475, 1201, 10000200, 1, 1, 344, 400, 205, 
1498, 1182, 1501, 1239, 10000200, 2, 1, 227, 400, 205, 
1475, 1201, 1438, 1201, 10004825, 0, 2, 98, 344, 205, 
1501, 1239, 1474, 1201, 10009345, 1, 2, 344, 227, 205, 
1501, 1239, 1438, 1201, 10009345, 0, 2, 98, 227, 205, 
1474, 1201, 1438, 1201, 10013545, 0, 3, 98, 344, 205, 
2098, 854, 2087, 901, 11000200, 4, 1, 800, 282, 234, 
2098, 854, 2101, 941, 11000200, 2, 1, 300, 282, 234, 
2098, 854, 2101, 989, 11000200, 0, 1, 16, 282, 234, 
2101, 989, 2098, 1125, 11000510, 0, 2, 130, 16, 234, 
2101, 989, 2098, 1181, 11000511, 2, 2, 480, 16, 234, 
2098, 1125, 2101, 1223, 11000847, 4, 3, 364, 130, 234, 
2098, 1125, 2101, 1254, 11000847, 1, 3, 188, 130, 234, 
2101, 1254, 2101, 1298, 11005361, 1, 4, 6, 188, 234, 
2101, 1254, 2068, 1201, 11005361, 2, 4, 337, 188, 234, 
2101, 1254, 2038, 1201, 11005361, 0, 4, 145, 188, 234, 
2101, 1298, 2038, 1201, 11009954, 1, 5, 145, 6, 234, 
1890, 2098, 1787, 2101, 12000200, 4, 1, 633, 129, 267, 
1890, 2098, 1787, 2101, 12000200, 3, 1, 768, 129, 267, 
1890, 2098, 1787, 2101, 12000200, 2, 1, 843, 129, 267, 
1890, 2098, 1775, 2101, 12000200, 0, 1, 449, 129, 267, 
1775, 2101, 1748, 2101, 12000575, 1, 2, 262, 449, 267, 
1775, 2101, 1713, 2101, 12000575, 0, 2, 88, 449, 267, 
1713, 2101, 1608, 2098, 12000924, 1, 3, 20, 88, 267, 
1608, 2098, 1498, 2087, 12005363, 2, 4, 712, 20, 267, 
1608, 2098, 1498, 2081, 12005363, 1, 4, 536, 20, 267, 
1608, 2098, 1498, 2055, 12005363, 3, 4, 331, 20, 267, 
1608, 2098, 1487, 2101, 12005363, 4, 4, 717, 20, 267, 
1608, 2098, 1498, 2019, 12005363, 0, 4, 152, 20, 267, 
1498, 2019, 1501, 1899, 12005660, 0, 5, 124, 152, 267, 
1501, 1899, 1428, 1801, 12005919, 2, 6, 163, 124, 267, 
1498, 2081, 1498, 2055, 12009563, 1, 5, 331, 536, 267, 
1498, 2081, 1498, 2019, 12009563, 0, 5, 152, 536, 267, 
1428, 1801, 1304, 1798, 12014119, 1, 7, 67, 163, 267, 
1428, 1801, 1267, 1798, 12014119, 0, 7, 217, 163, 267, 
1267, 1798, 1232, 1798, 12014521, 2, 8, 408, 217, 267, 
1267, 1798, 1198, 1770, 12014521, 1, 8, 431, 217, 267, 
1198, 1770, 1198, 1713, 12018721, 0, 9, 114, 431, 267, 
1198, 1770, 1201, 1608, 12018721, 1, 9, 66, 431, 267, 
1198, 1713, 1201, 1563, 12019044, 0, 10, 199, 114, 267, 
1201, 1563, 1198, 1487, 12019368, 4, 11, 833, 199, 267, 
1201, 1563, 1198, 1487, 12019368, 3, 11, 877, 199, 267, 
1201, 1563, 1198, 1467, 12019368, 2, 11, 373, 199, 267, 
1201, 1563, 1198, 1435, 12019368, 1, 11, 178, 199, 267, 
1201, 1563, 1198, 1386, 12019368, 0, 11, 24, 199, 267, 
1198, 1386, 1201, 1308, 12019652, 2, 12, 62, 24, 267, 
1201, 1308, 1212, 1198, 12027853, 4, 13, 612, 62, 267, 
1201, 1308, 1212, 1198, 12027853, 3, 13, 789, 62, 267, 
1201, 1308, 1212, 1198, 12027853, 2, 13, 853, 62, 267, 
1201, 1308, 1255, 1198, 12027853, 267, 13, 267, 62, 267, 
1073, 2101, 1183, 2101, 13000200, 4, 1, 579, 79, 120, 
1073, 2101, 1187, 2101, 13000200, 3, 1, 733, 79, 120, 
1073, 2101, 1187, 2101, 13000200, 2, 1, 828, 79, 120, 
1073, 2101, 1187, 2101, 13000200, 1, 1, 866, 79, 120, 
1187, 2101, 1217, 2098, 13004638, 3, 2, 558, 866, 120, 
1187, 2101, 1198, 2060, 13004638, 1, 2, 392, 866, 120, 
1187, 2101, 1235, 2098, 13004638, 4, 2, 366, 866, 120, 
1198, 2060, 1198, 2021, 13008838, 1, 3, 182, 392, 120, 
1198, 2060, 1198, 1991, 13008838, 0, 3, 41, 392, 120, 
1865, 298, 1801, 353, 14000200, 3, 1, 406, 341, 338, 
1865, 298, 1762, 301, 14000200, 4, 1, 510, 341, 338, 
1865, 298, 1801, 397, 14000200, 1, 1, 191, 341, 338, 
1865, 298, 1688, 301, 14000200, 2, 1, 111, 341, 338, 
1801, 397, 1801, 441, 14004400, 2, 2, 38, 191, 338, 
1688, 301, 1642, 298, 14008967, 1, 2, 64, 111, 338, 
1801, 441, 1798, 542, 14012600, 3, 3, 422, 38, 338, 
1801, 441, 1824, 598, 14012601, 2, 3, 593, 38, 338, 
1801, 441, 1801, 617, 14012601, 1, 3, 641, 38, 338, 
1642, 298, 1501, 357, 14013167, 1, 3, 424, 64, 338, 
1642, 298, 1501, 385, 14013167, 0, 3, 251, 64, 338, 
1642, 298, 1470, 301, 14013167, 4, 3, 542, 64, 338, 
1501, 385, 1501, 447, 14013438, 0, 4, 83, 251, 338, 
1501, 385, 1498, 483, 14013439, 1, 4, 172, 251, 338, 
1501, 447, 1512, 598, 14013788, 1, 5, 777, 83, 338, 
1501, 447, 1487, 601, 14013788, 2, 5, 865, 83, 338, 
1501, 447, 1439, 601, 14013788, 0, 5, 377, 83, 338, 
1439, 601, 1399, 601, 14014228, 4, 6, 184, 377, 338, 
1439, 601, 1375, 601, 14014228, 3, 6, 59, 377, 338, 
1439, 601, 1501, 685, 14014228, 2, 6, 293, 377, 338, 
1439, 601, 1501, 723, 14014228, 1, 6, 91, 377, 338, 
1801, 617, 1801, 636, 14016801, 4, 4, 447, 641, 338, 
1801, 617, 1801, 673, 14016801, 2, 4, 265, 641, 338, 
1801, 617, 1801, 719, 14016801, 1, 4, 93, 641, 338, 
1801, 617, 1697, 601, 14016801, 3, 4, 247, 641, 338, 
1801, 617, 1663, 601, 14016801, 0, 4, 36, 641, 338, 
1663, 601, 1512, 598, 14017164, 4, 5, 850, 36, 338, 
1663, 601, 1512, 598, 14017164, 3, 5, 881, 36, 338, 
1663, 601, 1473, 601, 14017164, 1, 5, 569, 36, 338, 
1501, 723, 1498, 772, 14018429, 3, 7, 82, 91, 338, 
1501, 723, 1498, 797, 14018429, 2, 7, 228, 91, 338, 
1501, 723, 1498, 846, 14018429, 1, 7, 402, 91, 338, 
1501, 723, 1552, 898, 14018429, 0, 7, 386, 91, 338, 
1552, 898, 1501, 942, 14018687, 4, 8, 504, 386, 338, 
1552, 898, 1445, 901, 14018687, 3, 8, 439, 386, 338, 
1552, 898, 1376, 901, 14018688, 1, 8, 63, 386, 338, 
1801, 719, 1798, 808, 14021001, 2, 5, 222, 93, 338, 
1801, 719, 1798, 850, 14021001, 1, 5, 385, 93, 338, 
1473, 601, 1399, 601, 14021364, 4, 6, 184, 569, 338, 
1473, 601, 1501, 685, 14021364, 2, 6, 293, 569, 338, 
1473, 601, 1375, 601, 14021364, 3, 6, 59, 569, 338, 
1501, 685, 1501, 723, 14022428, 2, 7, 91, 293, 338, 
1501, 685, 1498, 772, 14022429, 1, 7, 82, 293, 338, 
1501, 685, 1498, 797, 14022429, 0, 7, 228, 293, 338, 
1498, 797, 1512, 898, 14022869, 1, 8, 760, 228, 338, 
1498, 797, 1524, 898, 14022869, 2, 8, 599, 228, 338, 
1498, 797, 1552, 898, 14022869, 3, 8, 386, 228, 338, 
1376, 901, 1310, 898, 14022888, 4, 9, 174, 63, 338, 
1376, 901, 1187, 901, 14022888, 0, 9, 849, 63, 338, 
1187, 901, 1187, 901, 14023302, 4, 10, 772, 849, 338, 
1187, 901, 1182, 901, 14023302, 3, 10, 635, 849, 338, 
1187, 901, 1159, 901, 14023302, 2, 10, 450, 849, 338, 
1187, 901, 1118, 901, 14023302, 1, 10, 270, 849, 338, 
1187, 901, 1083, 901, 14023303, 0, 10, 116, 849, 338, 
1083, 901, 1028, 898, 14023743, 3, 11, 29, 116, 338, 
1083, 901, 991, 898, 14023743, 2, 11, 213, 116, 338, 
1083, 901, 954, 898, 14023743, 0, 11, 435, 116, 338, 
1083, 901, 898, 876, 14023743, 1, 11, 584, 116, 338, 
954, 898, 898, 887, 14024255, 3, 12, 734, 435, 338, 
954, 898, 898, 887, 14024255, 2, 12, 829, 435, 338, 
954, 898, 901, 1016, 14024255, 0, 12, 115, 435, 338, 
954, 898, 809, 901, 14024255, 1, 12, 317, 435, 338, 
901, 1016, 898, 1066, 14024591, 2, 13, 71, 115, 338, 
901, 1016, 898, 1137, 14024592, 1, 13, 358, 115, 338, 
901, 1016, 921, 1198, 14024592, 0, 13, 625, 115, 338, 
921, 1198, 847, 1201, 14024993, 4, 14, 360, 625, 338, 
921, 1198, 901, 1285, 14024993, 1, 14, 195, 625, 338, 
921, 1198, 814, 1201, 14024993, 3, 14, 183, 625, 338, 
921, 1198, 901, 1333, 14024993, 0, 14, 3, 625, 338, 
921, 1198, 773, 1201, 14024993, 2, 14, 80, 625, 338, 
1798, 850, 1741, 901, 14025202, 3, 6, 368, 385, 338, 
1798, 850, 1714, 901, 14025202, 1, 6, 181, 385, 338, 
1798, 850, 1801, 977, 14025202, 4, 6, 302, 385, 338, 
1798, 850, 1670, 901, 14025202, 0, 6, 10, 385, 338, 
1798, 850, 1801, 1009, 14025202, 2, 6, 94, 385, 338, 
901, 1333, 898, 1476, 14025408, 4, 15, 627, 3, 338, 
901, 1333, 912, 1498, 14025408, 3, 15, 738, 3, 338, 
901, 1333, 912, 1498, 14025408, 2, 15, 841, 3, 338, 
1670, 901, 1590, 898, 14025538, 4, 7, 198, 10, 338, 
1670, 901, 1498, 846, 14025538, 2, 7, 402, 10, 338, 
1670, 901, 1498, 797, 14025539, 3, 7, 228, 10, 338, 
1498, 797, 1512, 898, 14026629, 1, 8, 760, 228, 338, 
1498, 797, 1524, 898, 14026629, 2, 8, 599, 228, 338, 
1498, 797, 1552, 898, 14026629, 3, 8, 386, 228, 338, 
1498, 797, 1501, 942, 14026629, 0, 8, 504, 228, 338, 
1501, 942, 1501, 1027, 14026939, 2, 9, 99, 504, 338, 
1501, 942, 1404, 901, 14026939, 4, 9, 207, 504, 338, 
1501, 942, 1498, 1081, 14026940, 0, 9, 78, 504, 338, 
1501, 942, 1310, 898, 14026940, 1, 9, 174, 504, 338, 
1512, 898, 1445, 901, 14027354, 4, 9, 439, 760, 338, 
1512, 898, 1376, 901, 14027354, 2, 9, 63, 760, 338, 
1498, 1081, 1498, 1147, 14027393, 3, 10, 400, 78, 338, 
1498, 1081, 1498, 1177, 14027393, 1, 10, 581, 78, 338, 
1498, 1081, 1530, 1198, 14027393, 2, 10, 545, 78, 338, 
1498, 1081, 1501, 1257, 14027393, 0, 10, 437, 78, 338, 
1501, 1257, 1501, 1293, 14027690, 2, 11, 227, 437, 338, 
1501, 1257, 1431, 1201, 14027690, 1, 11, 344, 437, 338, 
1399, 601, 1375, 601, 14030428, 4, 7, 59, 184, 338, 
1399, 601, 1501, 723, 14030429, 1, 7, 91, 184, 338, 
1310, 898, 1187, 901, 14031140, 3, 10, 772, 174, 338, 
1310, 898, 1187, 901, 14031140, 2, 10, 849, 174, 338, 
1310, 898, 1182, 901, 14031140, 4, 10, 635, 174, 338, 
1310, 898, 1159, 901, 14031140, 0, 10, 450, 174, 338, 
1159, 901, 1118, 901, 14031567, 3, 11, 270, 450, 338, 
1159, 901, 1083, 901, 14031568, 2, 11, 116, 450, 338, 
1159, 901, 1028, 898, 14031568, 4, 11, 29, 450, 338, 
1159, 901, 991, 898, 14031568, 1, 11, 213, 450, 338, 
1431, 1201, 1388, 1201, 14031891, 0, 12, 98, 344, 338, 
991, 898, 954, 898, 14031943, 4, 12, 435, 213, 338, 
991, 898, 898, 887, 14031943, 3, 12, 734, 213, 338, 
991, 898, 898, 887, 14031943, 2, 12, 829, 213, 338, 
991, 898, 901, 1016, 14031943, 0, 12, 115, 213, 338, 
1388, 1201, 1314, 1198, 14032175, 1, 13, 118, 98, 338, 
1388, 1201, 1284, 1198, 14032175, 2, 13, 267, 98, 338, 
1388, 1201, 1245, 1198, 14032175, 0, 13, 452, 98, 338, 
901, 1016, 898, 1066, 14032202, 2, 13, 71, 115, 338, 
901, 1016, 898, 1137, 14032202, 1, 13, 358, 115, 338, 
1245, 1198, 1219, 1198, 14032433, 4, 14, 612, 452, 338, 
1245, 1198, 1212, 1198, 14032433, 3, 14, 789, 452, 338, 
1245, 1198, 1212, 1198, 14032433, 2, 14, 853, 452, 338, 
1245, 1198, 1169, 1201, 14032433, 1, 14, 553, 452, 338, 
1245, 1198, 1201, 1335, 14032434, 0, 14, 62, 452, 338, 
898, 887, 898, 887, 14032455, 2, 13, 734, 829, 338, 
898, 887, 901, 1016, 14032455, 0, 13, 115, 829, 338, 
901, 1016, 898, 1066, 14032739, 2, 14, 71, 115, 338, 
901, 1016, 898, 1137, 14032740, 1, 14, 358, 115, 338, 
1201, 1335, 1198, 1474, 14032835, 2, 15, 571, 62, 338, 
1201, 1335, 1198, 1487, 14032835, 1, 15, 737, 62, 338, 
1201, 1335, 1212, 1498, 14032835, 3, 15, 869, 62, 338, 
773, 1201, 645, 1198, 14033194, 4, 15, 503, 80, 338, 
773, 1201, 601, 1212, 14033194, 3, 15, 794, 80, 338, 
773, 1201, 601, 1279, 14033194, 0, 15, 318, 80, 338, 
1801, 1009, 1670, 901, 14033402, 4, 7, 10, 94, 338, 
912, 1498, 901, 1557, 14033608, 4, 16, 382, 841, 338, 
912, 1498, 835, 1501, 14033608, 3, 16, 333, 841, 338, 
912, 1498, 901, 1594, 14033608, 1, 16, 205, 841, 338, 
912, 1498, 789, 1501, 14033608, 2, 16, 161, 841, 338, 
912, 1498, 901, 1635, 14033608, 0, 16, 75, 841, 338, 
1501, 723, 1498, 771, 14034629, 3, 8, 82, 91, 338, 
1501, 723, 1498, 797, 14034629, 2, 8, 228, 91, 338, 
1501, 723, 1498, 846, 14034629, 1, 8, 402, 91, 338, 
1501, 723, 1552, 898, 14034629, 0, 8, 386, 91, 338, 
1552, 898, 1445, 901, 14035267, 4, 9, 439, 386, 338, 
1552, 898, 1376, 901, 14035267, 2, 9, 63, 386, 338, 
1376, 901, 1311, 898, 14035854, 4, 10, 174, 63, 338, 
1376, 901, 1232, 898, 14035854, 3, 10, 528, 63, 338, 
898, 1137, 901, 1285, 14036940, 0, 15, 195, 358, 338, 
1198, 1487, 1145, 1501, 14037035, 2, 16, 438, 737, 338, 
1198, 1487, 1201, 1593, 14037035, 3, 16, 199, 737, 338, 
1198, 1487, 1201, 1633, 14037036, 1, 16, 66, 737, 338, 
901, 1285, 901, 1333, 14037367, 2, 16, 3, 195, 338, 
901, 1285, 898, 1364, 14037367, 1, 16, 40, 195, 338, 
901, 1285, 898, 1445, 14037368, 0, 16, 367, 195, 338, 
1083, 901, 991, 898, 14039768, 4, 12, 213, 116, 338, 
1083, 901, 955, 898, 14039768, 2, 12, 435, 116, 338, 
1083, 901, 898, 876, 14039768, 3, 12, 584, 116, 338, 
601, 1212, 601, 1217, 14045394, 2, 16, 661, 794, 338, 
601, 1212, 601, 1237, 14045394, 1, 16, 494, 794, 338, 
601, 1212, 601, 1280, 14045394, 0, 16, 318, 794, 338, 
1498, 771, 1498, 845, 14046829, 4, 9, 402, 82, 338, 
1498, 771, 1512, 898, 14046829, 2, 9, 760, 82, 338, 
955, 898, 898, 887, 14047968, 3, 13, 734, 435, 338, 
955, 898, 898, 887, 14047968, 2, 13, 829, 435, 338, 
955, 898, 809, 901, 14047968, 1, 13, 317, 435, 338, 
1232, 898, 1187, 901, 14048054, 4, 11, 849, 528, 338, 
1232, 898, 1182, 901, 14048054, 3, 11, 635, 528, 338, 
1232, 898, 1159, 901, 14048054, 2, 11, 450, 528, 338, 
1670, 901, 1590, 898, 14049603, 4, 8, 198, 10, 338, 
1512, 898, 1445, 901, 14055029, 4, 10, 439, 760, 338, 
1512, 898, 1404, 901, 14055030, 3, 10, 207, 760, 338, 
1512, 898, 1376, 901, 14055030, 2, 10, 63, 760, 338, 
1512, 898, 1498, 1080, 14055030, 0, 10, 78, 760, 338, 
1498, 1080, 1498, 1147, 14055444, 3, 11, 400, 78, 338, 
1498, 1080, 1498, 1177, 14055444, 1, 11, 581, 78, 338, 
1498, 1080, 1531, 1198, 14055444, 2, 11, 545, 78, 338, 
898, 887, 898, 887, 14056168, 2, 14, 734, 829, 338, 
898, 887, 901, 1016, 14056169, 0, 14, 115, 829, 338, 
1159, 901, 1117, 901, 14056255, 3, 12, 270, 450, 338, 
1159, 901, 1082, 901, 14056255, 2, 12, 116, 450, 338, 
901, 1016, 898, 1066, 14056505, 2, 15, 71, 115, 338, 
901, 1016, 898, 1136, 14056505, 1, 15, 358, 115, 338, 
1498, 1177, 1485, 1201, 14059644, 3, 12, 710, 581, 338, 
1498, 1177, 1464, 1201, 14059644, 2, 12, 541, 581, 338, 
1498, 1177, 1501, 1258, 14059644, 1, 12, 437, 581, 338, 
898, 1136, 901, 1285, 14060706, 0, 16, 195, 358, 338, 
1376, 901, 1232, 898, 14063230, 3, 11, 528, 63, 338, 
1376, 901, 1182, 901, 14063230, 0, 11, 635, 63, 338, 
1182, 901, 1159, 901, 14063631, 2, 12, 450, 635, 338, 
1182, 901, 1117, 901, 14063632, 1, 12, 270, 635, 338, 
1182, 901, 1082, 901, 14063632, 0, 12, 116, 635, 338, 
1501, 1258, 1501, 1294, 14063845, 3, 13, 227, 437, 338, 
1501, 1258, 1430, 1201, 14063845, 2, 13, 344, 437, 338, 
1501, 1258, 1388, 1201, 14063845, 1, 13, 98, 437, 338, 
1501, 1258, 1315, 1198, 14063845, 0, 13, 118, 437, 338, 
1082, 901, 991, 898, 14063942, 4, 13, 213, 116, 338, 
1082, 901, 955, 898, 14063942, 2, 13, 435, 116, 338, 
1082, 901, 898, 876, 14063942, 3, 13, 584, 116, 338, 
1315, 1198, 1220, 1198, 14064168, 3, 14, 612, 118, 338, 
1315, 1198, 1212, 1198, 14064168, 2, 14, 789, 118, 338, 
1315, 1198, 1212, 1198, 14064168, 1, 14, 853, 118, 338, 
1590, 898, 1501, 943, 14065803, 1, 9, 504, 198, 338, 
1590, 898, 1501, 1027, 14065803, 0, 9, 99, 198, 338, 
1590, 898, 1404, 901, 14065803, 4, 9, 207, 198, 338, 
1501, 1027, 1498, 1080, 14066113, 2, 10, 78, 99, 338, 
1501, 1027, 1498, 1102, 14066114, 1, 10, 258, 99, 338, 
1501, 1027, 1498, 1146, 14066114, 0, 10, 400, 99, 338, 
1498, 1146, 1487, 1201, 14066437, 2, 11, 811, 400, 338, 
1498, 1146, 1485, 1201, 14066437, 3, 11, 710, 400, 338, 
1498, 1146, 1501, 1258, 14066437, 1, 11, 437, 400, 338, 
1498, 1146, 1501, 1294, 14066437, 0, 11, 227, 400, 338, 
1501, 1294, 1498, 1445, 14066774, 1, 12, 444, 227, 338, 
1212, 1198, 1212, 1198, 14068368, 3, 15, 789, 853, 338, 
1212, 1198, 1168, 1201, 14068369, 2, 15, 553, 853, 338, 
1212, 1198, 1201, 1336, 14068369, 1, 15, 62, 853, 338, 
1498, 1445, 1501, 1538, 14070974, 4, 13, 463, 444, 338, 
955, 898, 898, 887, 14072142, 3, 14, 734, 435, 338, 
955, 898, 898, 887, 14072142, 2, 14, 829, 435, 338, 
955, 898, 901, 1017, 14072142, 0, 14, 115, 435, 338, 
955, 898, 808, 901, 14072143, 1, 14, 317, 435, 338, 
901, 1017, 898, 1066, 14072466, 2, 15, 71, 115, 338, 
901, 1017, 922, 1198, 14072466, 0, 15, 625, 115, 338, 
1201, 1336, 1198, 1474, 14072569, 4, 16, 571, 62, 338, 
1201, 1336, 1198, 1487, 14072569, 1, 16, 737, 62, 338, 
1201, 1336, 1198, 1487, 14072569, 3, 16, 833, 62, 338, 
1201, 1336, 1198, 1487, 14072569, 0, 16, 877, 62, 338, 
1201, 1336, 1201, 1512, 14072569, 2, 16, 729, 62, 338, 
922, 1198, 847, 1201, 14072841, 4, 16, 360, 625, 338, 
922, 1198, 901, 1286, 14072841, 1, 16, 195, 625, 338, 
922, 1198, 813, 1201, 14072841, 3, 16, 183, 625, 338, 
922, 1198, 901, 1334, 14072842, 0, 16, 3, 625, 338, 
808, 901, 901, 1017, 14076343, 0, 15, 115, 317, 338, 
901, 1017, 898, 1066, 14076757, 2, 16, 71, 115, 338, 
901, 1017, 898, 1136, 14076757, 1, 16, 358, 115, 338, 
1212, 1198, 1212, 1198, 14080568, 2, 16, 853, 789, 338, 
1212, 1198, 1168, 1201, 14080569, 1, 16, 553, 789, 338, 
1212, 1198, 1201, 1336, 14080569, 0, 16, 62, 789, 338, 
1212, 1198, 1198, 1353, 14080569, 3, 16, 24, 789, 338, 
1501, 1538, 1501, 1578, 14087174, 4, 14, 276, 463, 338, 
1501, 1538, 1457, 1501, 14087174, 2, 14, 506, 463, 338, 
1501, 1538, 1501, 1614, 14087174, 3, 14, 89, 463, 338, 
1501, 1538, 1401, 1501, 14087174, 0, 14, 234, 463, 338, 
1401, 1501, 1306, 1498, 14087550, 4, 15, 243, 234, 338, 
1401, 1501, 1260, 1498, 14087550, 3, 15, 416, 234, 338, 
1401, 1501, 1212, 1498, 14087550, 2, 15, 869, 234, 338, 
1401, 1501, 1212, 1498, 14087550, 0, 15, 892, 234, 338, 
1212, 1498, 1145, 1501, 14087873, 3, 16, 438, 892, 338, 
1212, 1498, 1201, 1594, 14087873, 4, 16, 199, 892, 338, 
1212, 1498, 1201, 1634, 14087873, 2, 16, 66, 892, 338, 
1501, 1614, 1498, 1709, 14099375, 4, 15, 246, 89, 338, 
1501, 1614, 1498, 1742, 14099375, 3, 15, 390, 89, 338, 
1501, 1614, 1401, 1501, 14099375, 0, 15, 234, 89, 338, 
1501, 1614, 1498, 1787, 14099375, 1, 15, 870, 89, 338, 
1401, 1501, 1306, 1498, 14099685, 4, 16, 243, 234, 338, 
1401, 1501, 1212, 1498, 14099685, 3, 16, 869, 234, 338, 
1498, 1787, 1498, 1787, 14103856, 4, 16, 747, 870, 338, 
1498, 1787, 1498, 1787, 14103856, 3, 16, 827, 870, 338, 
1498, 1787, 1465, 1801, 14103856, 2, 16, 529, 870, 338, 
1147, 1, 1201, 21, 15000200, 4, 1, 678, 492, 198, 
1147, 1, 1201, 50, 15000200, 2, 1, 493, 492, 198, 
1147, 1, 1201, 85, 15000200, 1, 1, 306, 492, 198, 
1147, 1, 1290, -1, 15000200, 3, 1, 312, 492, 198, 
1201, 85, 1198, 172, 15004678, 2, 2, 168, 306, 198, 
1201, 85, 1198, 220, 15004678, 1, 2, 292, 306, 198, 
1885, -1, 1787, 1, 17000200, 3, 1, 856, 441, 27, 
1885, -1, 1785, 1, 17000200, 4, 1, 797, 441, 27, 
1885, -1, 1768, 1, 17000200, 2, 1, 691, 441, 27, 
1885, -1, 1732, 1, 17000200, 0, 1, 523, 441, 27, 
1732, 1, 1698, 1, 17000588, 1, 2, 328, 523, 27, 
1698, 1, 1648, 1, 17004788, 3, 3, 170, 328, 27, 
1648, 1, 1549, -1, 17016989, 4, 4, 605, 170, 27, 
1648, 1, 1501, 24, 17016989, 1, 4, 730, 170, 27, 
1648, 1, 1487, 1, 17016989, 3, 4, 838, 170, 27, 
1501, 24, 1501, 55, 17021189, 4, 5, 565, 730, 27, 
1501, 24, 1501, 95, 17021189, 3, 5, 371, 730, 27, 
1501, 24, 1501, 133, 17021189, 2, 5, 200, 730, 27, 
1501, 24, 1498, 179, 17021189, 0, 5, 212, 730, 27, 
1498, 179, 1498, 276, 17021630, 2, 6, 725, 212, 27, 
1498, 179, 1498, 287, 17021630, 0, 6, 876, 212, 27, 
1498, 179, 1501, 312, 17021630, 3, 6, 839, 212, 27, 
1498, 287, 1498, 287, 17022057, 4, 7, 818, 876, 27, 
1498, 287, 1469, 301, 17022057, 2, 7, 708, 876, 27, 
1498, 287, 1437, 301, 17022057, 0, 7, 542, 876, 27, 
1437, 301, 1408, 301, 17022328, 1, 8, 345, 542, 27, 
1437, 301, 1371, 298, 17022328, 27, 8, 27, 542, 27, 
1, 1905, 52, 1798, 18000200, 2, 1, 663, 414, 194, 
1, 1905, 130, 1798, 18000200, 4, 1, 308, 414, 194, 
52, 1798, 88, 1798, 18008628, 4, 2, 476, 663, 194, 
52, 1798, 111, 1801, 18008628, 3, 2, 51, 663, 194, 
52, 1798, 130, 1798, 18008628, 2, 2, 308, 663, 194, 
130, 1798, 151, 1801, 18016828, 3, 3, 259, 308, 194, 
130, 1798, 173, 1798, 18016828, 4, 3, 107, 308, 194, 
130, 1798, 192, 1801, 18016828, 2, 3, 426, 308, 194, 
130, 1798, 265, 1801, 18016828, 1, 3, 749, 308, 194, 
265, 1801, 298, 1787, 18021028, 3, 4, 894, 749, 194, 
265, 1801, 298, 1785, 18021028, 4, 4, 836, 749, 194, 
265, 1801, 396, 1798, 18021029, 1, 4, 477, 749, 194, 
265, 1801, 423, 1798, 18021029, 0, 4, 280, 749, 194, 
423, 1798, 474, 1798, 18021326, 4, 5, 101, 280, 194, 
423, 1798, 543, 1801, 18021326, 2, 5, 669, 280, 194, 
543, 1801, 673, 1798, 18029527, 1, 6, 530, 669, 194, 
298, 1787, 392, 1801, 18033402, 4, 5, 86, 894, 194, 
298, 1787, 396, 1798, 18033402, 3, 5, 477, 894, 194, 
673, 1798, 726, 1798, 18033727, 3, 7, 338, 530, 194, 
673, 1798, 749, 1798, 18033727, 2, 7, 159, 530, 194, 
673, 1798, 787, 1801, 18033727, 4, 7, 352, 530, 194, 
673, 1798, 816, 1801, 18033727, 1, 7, 532, 530, 194, 
816, 1801, 898, 1736, 18037927, 3, 8, 583, 532, 194, 
816, 1801, 898, 1695, 18037927, 0, 8, 403, 532, 194, 
816, 1801, 898, 1654, 18037928, 194, 8, 194, 532, 194, 
430, 1198, 465, 1198, 20000200, 1, 1, 236, 428, 36, 
430, 1198, 510, 1201, 20000200, 0, 1, 557, 428, 36, 
510, 1201, 598, 1070, 20000562, 3, 2, 389, 557, 36, 
598, 1070, 601, 992, 20012763, 3, 3, 600, 389, 36, 
601, 992, 644, 898, 20024963, 2, 4, 773, 600, 36, 
601, 992, 681, 898, 20024963, 4, 4, 644, 600, 36, 
601, 992, 723, 898, 20024963, 1, 4, 470, 600, 36, 
723, 898, 751, 898, 20029163, 1, 5, 266, 470, 36, 
723, 898, 807, 898, 20029163, 0, 5, 90, 470, 36, 
807, 898, 898, 986, 20029604, 0, 6, 71, 90, 36, 
898, 986, 898, 875, 20029940, 4, 7, 829, 71, 36, 
898, 986, 1005, 901, 20029940, 0, 7, 116, 71, 36, 
898, 986, 1026, 898, 20029940, 1, 7, 435, 71, 36, 
1005, 901, 1084, 901, 20030224, 3, 8, 450, 116, 36, 
1005, 901, 1159, 901, 20030225, 2, 8, 772, 116, 36, 
1005, 901, 1182, 901, 20030225, 0, 8, 849, 116, 36, 
1182, 901, 1234, 898, 20030665, 4, 9, 798, 849, 36, 
1182, 901, 1271, 898, 20030665, 2, 9, 697, 849, 36, 
1182, 901, 1309, 898, 20030665, 1, 9, 528, 849, 36, 
1309, 898, 1326, 901, 20034865, 3, 10, 207, 528, 36, 
1309, 898, 1337, 898, 20034865, 2, 10, 336, 528, 36, 
1309, 898, 1369, 901, 20034865, 1, 10, 439, 528, 36, 
1309, 898, 1395, 898, 20034866, 0, 10, 174, 528, 36, 
1309, 898, 1201, 740, 20034866, 4, 10, 369, 528, 36, 
898, 754, 898, 790, 21000200, 3, 1, 584, 393, 331, 
898, 754, 898, 839, 21000200, 1, 1, 734, 393, 331, 
898, 754, 898, 867, 21000200, 0, 1, 829, 393, 331, 
898, 867, 1017, 901, 21001090, 4, 2, 270, 829, 331, 
1017, 901, 1071, 901, 21017290, 4, 3, 450, 270, 331, 
1017, 901, 1114, 901, 21017290, 1, 3, 635, 270, 331, 
1017, 901, 1177, 901, 21017291, 0, 3, 849, 270, 331, 
1177, 901, 1212, 898, 21017718, 4, 4, 884, 849, 331, 
1177, 901, 1245, 898, 21017718, 3, 4, 798, 849, 331, 
1177, 901, 1285, 898, 21017718, 2, 4, 697, 849, 331, 
1177, 901, 1322, 898, 21017718, 1, 4, 528, 849, 331, 
1177, 901, 1349, 898, 21017718, 0, 4, 336, 849, 331, 
1349, 898, 1356, 901, 21017976, 3, 5, 439, 336, 331, 
1349, 898, 1408, 898, 21017976, 1, 5, 174, 336, 331, 
1349, 898, 1498, 1002, 21017977, 0, 5, 78, 336, 331, 
1498, 1002, 1498, 1051, 21018365, 2, 6, 400, 78, 331, 
1498, 1002, 1498, 1102, 21018365, 1, 6, 581, 78, 331, 
1498, 1002, 1501, 1137, 21018365, 0, 6, 99, 78, 331, 
1501, 1137, 1590, 1201, 21018702, 1, 7, 146, 99, 331, 
1501, 1137, 1629, 1201, 21018702, 4, 7, 332, 99, 331, 
1590, 1201, 1421, 1201, 21022902, 3, 8, 710, 146, 331, 
1285, 898, 1322, 898, 21025918, 4, 5, 528, 697, 331, 
1285, 898, 1349, 898, 21025918, 3, 5, 336, 697, 331, 
1285, 898, 1356, 901, 21025918, 1, 5, 439, 697, 331, 
1285, 898, 1409, 898, 21025918, 2, 5, 174, 697, 331, 
1285, 898, 1198, 994, 21025918, 0, 5, 167, 697, 331, 
1356, 901, 1498, 1002, 21030119, 4, 6, 78, 439, 331, 
1421, 1201, 1458, 1201, 21035102, 3, 9, 811, 710, 331, 
1421, 1201, 1498, 1343, 21035103, 2, 9, 444, 710, 331, 
1498, 1343, 1498, 1387, 21043303, 3, 10, 623, 444, 331, 
1498, 1002, 1498, 1051, 21046319, 2, 7, 400, 78, 331, 
1498, 1002, 1498, 1101, 21046319, 1, 7, 581, 78, 331, 
1458, 1201, 1498, 1343, 21047303, 2, 10, 444, 811, 331, 
1498, 1343, 1498, 1387, 21055503, 3, 11, 623, 444, 331, 
1498, 1343, 1501, 1402, 21055503, 4, 11, 227, 444, 331, 
2098, 159, 1972, 301, 22000200, 1, 1, 561, 473, 220, 
1972, 301, 1946, 298, 22004786, 4, 2, 540, 561, 220, 
1972, 301, 1899, 298, 22004786, 1, 2, 706, 561, 220, 
1972, 301, 1898, 301, 22004786, 2, 2, 261, 561, 220, 
1899, 298, 1849, 298, 22009299, 3, 3, 808, 706, 220, 
1849, 298, 1798, 395, 22021499, 1, 4, 239, 808, 220, 
1849, 298, 1801, 415, 22021499, 2, 4, 613, 808, 220, 
1849, 298, 1798, 174, 22021499, 4, 4, 559, 808, 220, 
1849, 298, 1801, 460, 22021499, 0, 4, 406, 808, 220, 
1801, 460, 1801, 553, 22021783, 2, 5, 38, 406, 220, 
1801, 553, 1798, 516, 22029984, 0, 6, 757, 38, 220, 
1801, 553, 1801, 705, 22029984, 2, 6, 641, 38, 220, 
1798, 174, 1798, 220, 22037699, 2, 5, 735, 559, 220, 
1798, 220, 1801, 415, 22045900, 0, 6, 613, 735, 220, 
1801, 415, 1801, 495, 22046223, 4, 7, 191, 613, 220, 
1801, 415, 1750, 298, 22046223, 1, 7, 64, 613, 220, 
1750, 298, 1681, 301, 22050423, 1, 8, 510, 64, 220, 
1750, 298, 1579, 301, 22050424, 0, 8, 111, 64, 220, 
1579, 301, 1498, 260, 22050851, 2, 9, 818, 111, 220, 
1579, 301, 1498, 354, 22050851, 1, 9, 172, 111, 220, 
1579, 301, 1501, 379, 22050851, 4, 9, 744, 111, 220, 
1579, 301, 1436, 298, 22050851, 0, 9, 27, 111, 220, 
1436, 298, 1373, 301, 22051239, 3, 10, 542, 27, 220, 
1436, 298, 1351, 301, 22051240, 2, 10, 345, 27, 220, 
1436, 298, 1335, 298, 22051240, 1, 10, 550, 27, 220, 
1436, 298, 1289, 298, 22051240, 4, 10, 714, 27, 220, 
1335, 298, 1198, 287, 22055440, 2, 11, 893, 550, 220, 
1335, 298, 1198, 287, 22055440, 3, 11, 882, 550, 220, 
1335, 298, 1198, 276, 22055440, 4, 11, 855, 550, 220, 
1335, 298, 1201, 374, 22055440, 1, 11, 731, 550, 220, 
1498, 260, 1498, 354, 22059051, 2, 10, 172, 818, 220, 
1498, 260, 1501, 379, 22059051, 4, 10, 744, 818, 220, 
1498, 260, 1501, 419, 22059052, 1, 10, 590, 818, 220, 
1201, 374, 1198, 489, 22059640, 4, 12, 634, 731, 220, 
1201, 374, 1106, 298, 22059641, 3, 12, 260, 731, 220, 
1201, 374, 1092, 301, 22059641, 1, 12, 645, 731, 220, 
1201, 374, 1067, 301, 22059641, 0, 12, 464, 731, 220, 
1067, 301, 1025, 301, 22059990, 4, 13, 284, 464, 220, 
1067, 301, 1015, 298, 22059990, 3, 13, 624, 464, 220, 
1067, 301, 997, 301, 22059990, 2, 13, 122, 464, 220, 
1067, 301, 898, 370, 22059990, 1, 13, 131, 464, 220, 
1067, 301, 898, 413, 22059990, 0, 13, 313, 464, 220, 
898, 413, 901, 441, 22060404, 4, 14, 482, 313, 220, 
898, 413, 901, 482, 22060405, 3, 14, 278, 313, 220, 
898, 413, 901, 506, 22060405, 2, 14, 133, 313, 220, 
898, 413, 817, 298, 22060405, 1, 14, 162, 313, 220, 
1801, 495, 1798, 516, 22062423, 4, 8, 757, 191, 220, 
1801, 495, 1798, 470, 22062423, 3, 8, 594, 191, 220, 
1801, 495, 1801, 554, 22062423, 1, 8, 38, 191, 220, 
1501, 419, 1411, 301, 22063252, 1, 11, 708, 590, 220, 
1501, 419, 1373, 301, 22063252, 2, 11, 542, 590, 220, 
1501, 419, 1351, 301, 22063252, 0, 11, 345, 590, 220, 
1351, 301, 1198, 287, 22063654, 3, 12, 893, 345, 220, 
1351, 301, 1198, 367, 22063654, 2, 12, 138, 345, 220, 
1351, 301, 1201, 374, 22063654, 1, 12, 731, 345, 220, 
817, 298, 737, 298, 22064605, 4, 15, 538, 162, 220, 
817, 298, 735, 301, 22064605, 3, 15, 459, 162, 220, 
817, 298, 700, 301, 22064605, 2, 15, 274, 162, 220, 
817, 298, 662, 301, 22064605, 0, 15, 117, 162, 220, 
662, 301, 598, 329, 22064994, 3, 16, 44, 117, 220, 
662, 301, 598, 254, 22064994, 4, 16, 842, 117, 220, 
662, 301, 601, 408, 22064994, 2, 16, 677, 117, 220, 
662, 301, 536, 298, 22064994, 1, 16, 11, 117, 220, 
1801, 554, 1798, 516, 22066623, 0, 9, 757, 38, 220, 
1201, 374, 1198, 488, 22067854, 4, 13, 634, 731, 220, 
1201, 374, 1107, 298, 22067854, 3, 13, 260, 731, 220, 
1201, 374, 1092, 301, 22067854, 1, 13, 645, 731, 220, 
1201, 374, 1067, 301, 22067854, 0, 13, 464, 731, 220, 
1201, 374, 1025, 301, 22067854, 2, 13, 284, 731, 220, 
1067, 301, 1025, 301, 22068307, 4, 14, 284, 464, 220, 
1067, 301, 1015, 298, 22068307, 3, 14, 624, 464, 220, 
1067, 301, 997, 301, 22068308, 2, 14, 122, 464, 220, 
1067, 301, 898, 370, 22068308, 1, 14, 131, 464, 220, 
1067, 301, 898, 413, 22068308, 0, 14, 313, 464, 220, 
898, 413, 901, 441, 22068592, 4, 15, 482, 313, 220, 
898, 413, 901, 483, 22068592, 3, 15, 278, 313, 220, 
898, 413, 901, 506, 22068592, 2, 15, 133, 313, 220, 
898, 413, 796, 301, 22068593, 0, 15, 646, 313, 220, 
796, 301, 700, 301, 22068851, 4, 16, 274, 646, 220, 
796, 301, 688, 298, 22068851, 3, 16, 709, 646, 220, 
796, 301, 662, 301, 22068851, 2, 16, 117, 646, 220, 
796, 301, 598, 329, 22068851, 0, 16, 44, 646, 220, 
901, 506, 898, 671, 22068968, 1, 15, 219, 133, 220, 
898, 671, 898, 639, 22073168, 4, 16, 5, 219, 220, 
898, 671, 824, 598, 22073168, 1, 16, 18, 219, 220, 
898, 671, 778, 601, 22073168, 0, 16, 629, 219, 220, 
898, 671, 751, 598, 22073168, 3, 16, 502, 219, 220, 
901, 506, 898, 671, 22076793, 1, 16, 219, 133, 220, 
1198, 488, 1198, 529, 22084054, 3, 14, 770, 634, 220, 
1198, 488, 1198, 569, 22084054, 1, 14, 845, 634, 220, 
1198, 488, 1198, 585, 22084055, 4, 14, 879, 634, 220, 
1198, 488, 1198, 587, 22084055, 0, 14, 896, 634, 220, 
1198, 488, 1198, 636, 22084055, 2, 14, 120, 634, 220, 
1198, 587, 1147, 598, 22084326, 0, 15, 45, 896, 220, 
1147, 598, 1037, 601, 22084753, 2, 16, 356, 45, 220, 
1147, 598, 1033, 598, 22084753, 1, 16, 342, 45, 220, 
1147, 598, 1014, 598, 22084753, 4, 16, 526, 45, 220, 
1147, 598, 998, 601, 22084753, 0, 16, 155, 45, 220, 
2101, 1685, 2101, 1736, 23000200, 2, 1, 9, 301, 469, 
2101, 1736, 2098, 1859, 23008400, 0, 2, 121, 9, 469, 
2101, 1736, 2101, 1900, 23008400, 3, 2, 699, 9, 469, 
2098, 1859, 2098, 1889, 23008684, 2, 3, 269, 121, 469, 
2098, 1859, 2098, 1927, 23008684, 1, 3, 451, 121, 469, 
2098, 1859, 2032, 1798, 23008684, 0, 3, 158, 121, 469, 
2098, 1859, 2098, 1985, 23008684, 3, 3, 637, 121, 469, 
2032, 1798, 1940, 1801, 23008982, 2, 4, 546, 158, 469, 
2032, 1798, 1910, 1801, 23008982, 1, 4, 347, 158, 469, 
2032, 1798, 1839, 1801, 23008982, 0, 4, 72, 158, 469, 
1839, 1801, 1758, 1798, 23009383, 2, 5, 47, 72, 469, 
1839, 1801, 1798, 1717, 23009383, 3, 5, 788, 72, 469, 
1839, 1801, 1798, 1684, 23009383, 4, 5, 652, 72, 469, 
1940, 1801, 1910, 1801, 23017182, 3, 5, 347, 546, 469, 
1940, 1801, 1838, 1801, 23017182, 2, 5, 72, 546, 469, 
1940, 1801, 1801, 1770, 23017182, 0, 5, 22, 546, 469, 
1801, 1770, 1758, 1798, 23017518, 1, 6, 47, 22, 469, 
1801, 1770, 1706, 1798, 23017518, 0, 6, 185, 22, 469, 
1801, 1770, 1673, 1798, 23017519, 4, 6, 375, 22, 469, 
2098, 1985, 2098, 1926, 23020885, 4, 4, 451, 637, 469, 
1910, 1801, 1838, 1801, 23029382, 1, 6, 72, 347, 469, 
1910, 1801, 1801, 1770, 23029382, 3, 6, 22, 347, 469, 
1910, 1801, 1798, 1717, 23029382, 2, 6, 788, 347, 469, 
1910, 1801, 1798, 1683, 23029382, 4, 6, 652, 347, 469, 
1838, 1801, 1798, 1717, 23033582, 4, 7, 788, 72, 469, 
1673, 1798, 1587, 1801, 23033719, 2, 7, 224, 375, 469, 
2098, 1926, 2032, 1798, 23037085, 0, 5, 158, 451, 469, 
2032, 1798, 1940, 1801, 23037499, 2, 6, 546, 158, 469, 
2032, 1798, 1909, 1801, 23037500, 1, 6, 347, 158, 469, 
2032, 1798, 1838, 1801, 23037500, 0, 6, 72, 158, 469, 
1838, 1801, 1801, 1770, 23037836, 3, 7, 22, 72, 469, 
1838, 1801, 1706, 1798, 23037836, 2, 7, 185, 72, 469, 
1838, 1801, 1673, 1798, 23037836, 1, 7, 375, 72, 469, 
1587, 1801, 1498, 1751, 23041919, 2, 8, 827, 224, 469, 
1587, 1801, 1501, 1719, 23041919, 3, 8, 89, 224, 469, 
1587, 1801, 1498, 1887, 23041919, 1, 8, 152, 224, 469, 
1587, 1801, 1444, 1798, 23041919, 0, 8, 67, 224, 469, 
1587, 1801, 1501, 1683, 23041919, 4, 8, 276, 224, 469, 
1444, 1798, 1411, 1798, 23042190, 4, 9, 217, 67, 469, 
1498, 1887, 1498, 1937, 23046119, 4, 9, 331, 152, 469, 
1498, 1887, 1498, 1958, 23046120, 3, 9, 536, 152, 469, 
1498, 1887, 1444, 1798, 23046120, 1, 9, 67, 152, 469, 
1498, 1887, 1411, 1798, 23046120, 0, 9, 217, 152, 469, 
1498, 1887, 1353, 1801, 23046120, 2, 9, 529, 152, 469, 
1411, 1798, 1358, 1798, 23046456, 3, 10, 408, 217, 469, 
1411, 1798, 1353, 1801, 23046456, 2, 10, 529, 217, 469, 
1411, 1798, 1333, 1801, 23046456, 1, 10, 334, 217, 469, 
1411, 1798, 1307, 1801, 23046456, 0, 10, 163, 217, 469, 
1307, 1801, 1201, 1744, 23046740, 3, 11, 66, 163, 469, 
1307, 1801, 1201, 1719, 23046741, 0, 11, 199, 163, 469, 
1307, 1801, 1198, 1900, 23046741, 4, 11, 182, 163, 469, 
1307, 1801, 1201, 1679, 23046741, 1, 11, 395, 163, 469, 
1201, 1719, 1201, 1744, 23047142, 0, 12, 66, 199, 469, 
1201, 1744, 1198, 1878, 23047452, 1, 13, 41, 66, 469, 
1198, 1878, 1123, 1798, 23051652, 2, 14, 128, 41, 469, 
1198, 1878, 1076, 1798, 23051653, 1, 14, 271, 41, 469, 
1198, 1878, 1055, 1798, 23051653, 0, 14, 461, 41, 469, 
1198, 1878, 1032, 1801, 23051653, 3, 14, 500, 41, 469, 
1055, 1798, 973, 1801, 23052015, 3, 15, 314, 461, 469, 
1498, 1937, 1498, 1958, 23062320, 4, 10, 536, 331, 469, 
973, 1801, 898, 1819, 23064215, 3, 16, 30, 314, 469, 
973, 1801, 901, 1755, 23064215, 2, 16, 75, 314, 469, 
973, 1801, 898, 1736, 23064215, 4, 16, 819, 314, 469, 
973, 1801, 898, 1899, 23064215, 1, 16, 231, 314, 469, 
1498, 1958, 1498, 1936, 23078520, 4, 11, 331, 536, 469, 
1498, 1958, 1411, 1798, 23078520, 0, 11, 217, 536, 469, 
1411, 1798, 1358, 1798, 23078778, 3, 12, 408, 217, 469, 
1411, 1798, 1352, 1801, 23078778, 2, 12, 529, 217, 469, 
1411, 1798, 1332, 1801, 23078778, 1, 12, 334, 217, 469, 
1411, 1798, 1306, 1801, 23078778, 0, 12, 163, 217, 469, 
1306, 1801, 1201, 1744, 23079076, 3, 13, 66, 163, 469, 
1306, 1801, 1201, 1720, 23079076, 0, 13, 199, 163, 469, 
1306, 1801, 1198, 1899, 23079076, 4, 13, 182, 163, 469, 
1201, 1720, 1201, 1744, 23079477, 0, 14, 66, 199, 469, 
1498, 1936, 1498, 1958, 23094720, 4, 12, 536, 331, 469, 
1198, 1899, 1198, 1932, 23095276, 3, 14, 392, 182, 469, 
1198, 1899, 1124, 1798, 23095276, 1, 14, 128, 182, 469, 
1124, 1798, 1055, 1798, 23099477, 4, 15, 461, 128, 469, 
1124, 1798, 1031, 1801, 23099477, 3, 15, 500, 128, 469, 
1124, 1798, 972, 1801, 23099477, 0, 15, 314, 128, 469, 
972, 1801, 898, 1818, 23099748, 4, 16, 30, 314, 469, 
972, 1801, 901, 1756, 23099748, 2, 16, 75, 314, 469, 
972, 1801, 898, 1736, 23099748, 3, 16, 819, 314, 469, 
972, 1801, 898, 1899, 23099748, 1, 16, 231, 314, 469, 
972, 1801, 811, 1798, 23099748, 0, 16, 159, 314, 469, 
1198, 1932, 1124, 1798, 23107772, 2, 15, 128, 392, 469, 
1198, 1932, 1077, 1798, 23107772, 1, 15, 271, 392, 469, 
1498, 1958, 1498, 1936, 23110920, 4, 13, 331, 536, 469, 
1077, 1798, 1008, 1798, 23111972, 4, 16, 647, 271, 469, 
1077, 1798, 972, 1801, 23111972, 2, 16, 314, 271, 469, 
1077, 1798, 901, 1712, 23111972, 1, 16, 205, 271, 469, 
1498, 1936, 1498, 1957, 23127120, 4, 14, 536, 331, 469, 
1498, 1936, 1412, 1798, 23127120, 0, 14, 217, 331, 469, 
1412, 1798, 1358, 1798, 23127482, 3, 15, 408, 217, 469, 
1412, 1798, 1352, 1801, 23127482, 2, 15, 529, 217, 469, 
1412, 1798, 1332, 1801, 23127483, 1, 15, 334, 217, 469, 
1412, 1798, 1306, 1801, 23127483, 0, 15, 163, 217, 469, 
1498, 1957, 1498, 1936, 23143320, 4, 15, 331, 536, 469, 
1498, 1957, 1412, 1798, 23143320, 0, 15, 217, 536, 469, 
1412, 1798, 1359, 1798, 23143605, 3, 16, 408, 217, 469, 
1412, 1798, 1352, 1801, 23143605, 2, 16, 529, 217, 469, 
1412, 1798, 1332, 1801, 23143605, 1, 16, 334, 217, 469, 
1412, 1798, 1306, 1801, 23143605, 0, 16, 163, 217, 469, 
1, 1428, 1, 1348, 24000200, 4, 1, 606, 223, 353, 
1, 1428, 1, 1313, 24000200, 1, 1, 750, 223, 353, 
1, 1428, -1, 1296, 24000200, 3, 1, 323, 223, 353, 
1, 1313, 18, 1201, 24004400, 4, 2, 105, 750, 353, 
1, 1313, 137, 1201, 24004400, 2, 2, 509, 750, 353, 
137, 1201, 210, 1201, 24012601, 2, 3, 785, 509, 353, 
137, 1201, 222, 1198, 24012601, 3, 3, 296, 509, 353, 
210, 1201, 246, 1198, 24020801, 3, 4, 135, 785, 353, 
210, 1201, 298, 1249, 24020801, 0, 4, 19, 785, 353, 
298, 1249, 301, 1142, 24021241, 1, 5, 164, 19, 353, 
298, 1249, 440, 1198, 24021242, 0, 5, 609, 19, 353, 
440, 1198, 466, 1201, 24021565, 3, 6, 557, 609, 353, 
440, 1198, 483, 1198, 24021565, 2, 6, 428, 609, 353, 
440, 1198, 517, 1198, 24021565, 1, 6, 236, 609, 353, 
517, 1198, 601, 1125, 24025765, 2, 7, 81, 236, 353, 
517, 1198, 598, 1093, 24025765, 1, 7, 742, 236, 353, 
517, 1198, 601, 1084, 24025765, 0, 7, 413, 236, 353, 
517, 1198, 601, 1322, 24025765, 3, 7, 661, 236, 353, 
601, 1084, 655, 1201, 24026141, 1, 8, 80, 413, 353, 
655, 1201, 720, 1201, 24030341, 4, 9, 360, 80, 353, 
655, 1201, 761, 1201, 24030341, 3, 9, 560, 80, 353, 
655, 1201, 778, 1198, 24030341, 2, 9, 503, 80, 353, 
655, 1201, 795, 1201, 24030341, 1, 9, 720, 80, 353, 
795, 1201, 870, 1201, 24034541, 4, 10, 878, 720, 353, 
795, 1201, 898, 1290, 24034542, 2, 10, 252, 720, 353, 
898, 1290, 898, 1232, 24042742, 3, 11, 40, 252, 353, 
898, 1290, 992, 1198, 24042742, 4, 11, 755, 252, 353, 
898, 1232, 992, 1198, 24054942, 2, 12, 755, 40, 353, 
898, 1232, 1042, 1201, 24054942, 1, 12, 553, 40, 353, 
898, 1232, 1046, 1198, 24054942, 0, 12, 625, 40, 353, 
898, 1232, 1073, 1198, 24054942, 3, 12, 384, 40, 353, 
1046, 1198, 1095, 1198, 24055239, 3, 13, 229, 625, 353, 
1095, 1198, 1198, 1211, 24067440, 0, 14, 24, 229, 353, 
1095, 1198, 1198, 1287, 24067440, 1, 14, 178, 229, 353, 
1095, 1198, 1257, 1198, 24067440, 4, 14, 853, 229, 353, 
1095, 1198, 1198, 1356, 24067440, 3, 14, 571, 229, 353, 
1198, 1211, 1257, 1198, 24067763, 4, 15, 853, 24, 353, 
1198, 1211, 1291, 1201, 24067763, 3, 15, 344, 24, 353, 
1198, 1211, 1301, 1198, 24067763, 2, 15, 789, 24, 353, 
1198, 1211, 1333, 1198, 24067763, 1, 15, 612, 24, 353, 
1198, 1211, 1387, 1201, 24067763, 0, 15, 710, 24, 353, 
1387, 1201, 1421, 1201, 24068061, 3, 16, 811, 710, 353, 
1387, 1201, 1439, 1198, 24068061, 2, 16, 118, 710, 353, 
1801, 530, 1801, 591, 25000200, 1, 1, 38, 191, 153, 
1801, 530, 1786, 298, 25000200, 4, 1, 64, 191, 153, 
1801, 591, 1801, 746, 25004400, 2, 2, 641, 38, 153, 
1801, 746, 1759, 898, 25012601, 1, 3, 49, 641, 153, 
1786, 298, 1798, 394, 25016401, 4, 2, 422, 64, 153, 
1786, 298, 1801, 455, 25016401, 2, 2, 613, 64, 153, 
1786, 298, 1801, 500, 25016401, 3, 2, 406, 64, 153, 
1759, 898, 1701, 898, 25016801, 3, 4, 386, 49, 153, 
1759, 898, 1679, 901, 25016801, 4, 4, 721, 49, 153, 
1759, 898, 1648, 901, 25016801, 1, 4, 563, 49, 153, 
1759, 898, 1632, 898, 25016801, 2, 4, 760, 49, 153, 
1759, 898, 1616, 901, 25016801, 0, 4, 368, 49, 153, 
1616, 901, 1535, 901, 25017228, 3, 5, 10, 368, 153, 
1616, 901, 1501, 871, 25017229, 4, 5, 91, 368, 153, 
1616, 901, 1498, 957, 25017229, 0, 5, 78, 368, 153, 
1498, 957, 1464, 898, 25017552, 3, 6, 174, 78, 153, 
1498, 957, 1398, 898, 25017552, 1, 6, 336, 78, 153, 
1498, 957, 1305, 901, 25017552, 2, 6, 439, 78, 153, 
1801, 455, 1801, 500, 25024601, 3, 3, 406, 613, 153, 
1801, 455, 1801, 531, 25024601, 1, 3, 191, 613, 153, 
1801, 455, 1801, 591, 25024601, 0, 3, 38, 613, 153, 
1801, 591, 1798, 671, 25024925, 2, 4, 222, 38, 153, 
1801, 591, 1798, 714, 25024925, 1, 4, 385, 38, 153, 
1801, 591, 1801, 747, 25024925, 3, 4, 641, 38, 153, 
1305, 901, 1269, 901, 25025752, 4, 7, 207, 439, 153, 
1305, 901, 1247, 901, 25025753, 3, 7, 63, 439, 153, 
1305, 901, 1198, 939, 25025753, 0, 7, 167, 439, 153, 
1305, 901, 1201, 851, 25025753, 1, 7, 255, 439, 153, 
1198, 939, 1141, 901, 25026128, 2, 8, 849, 167, 153, 
1198, 939, 1138, 898, 25026128, 3, 8, 213, 167, 153, 
1198, 939, 1097, 901, 25026128, 1, 8, 772, 167, 153, 
1198, 939, 1086, 898, 25026128, 0, 8, 435, 167, 153, 
1086, 898, 1020, 901, 25026451, 2, 9, 450, 435, 153, 
1020, 901, 963, 901, 25034652, 4, 10, 270, 450, 153, 
1020, 901, 940, 901, 25034652, 3, 10, 116, 450, 153, 
1020, 901, 898, 919, 25034652, 0, 10, 71, 450, 153, 
1020, 901, 901, 863, 25034652, 1, 10, 52, 450, 153, 
1020, 901, 901, 811, 25034652, 2, 10, 442, 450, 153, 
898, 919, 877, 898, 25035053, 2, 11, 90, 71, 153, 
898, 919, 814, 898, 25035053, 1, 11, 266, 71, 153, 
898, 919, 790, 898, 25035053, 0, 11, 470, 71, 153, 
790, 898, 709, 898, 25035363, 4, 12, 773, 470, 153, 
790, 898, 670, 898, 25035363, 1, 12, 846, 470, 153, 
670, 898, 601, 912, 25039668, 4, 13, 898, 846, 153, 
670, 898, 580, 901, 25039668, 3, 13, 888, 846, 153, 
670, 898, 560, 901, 25039668, 2, 13, 873, 846, 153, 
560, 901, 527, 898, 25047868, 3, 14, 299, 873, 153, 
560, 901, 479, 898, 25047869, 0, 14, 472, 873, 153, 
560, 901, 473, 901, 25047869, 1, 14, 752, 873, 153, 
560, 901, 448, 901, 25047869, 4, 14, 611, 873, 153, 
560, 901, 406, 901, 25047869, 2, 14, 409, 873, 153, 
479, 898, 403, 898, 25048309, 2, 15, 786, 472, 153, 
479, 898, 386, 901, 25048309, 4, 15, 235, 472, 153, 
479, 898, 301, 855, 25048309, 1, 15, 32, 472, 153, 
301, 855, 298, 938, 25052509, 0, 16, 112, 32, 153, 
1, 276, 25, 301, 26000200, 3, 1, 136, 35, 444, 
1, 276, 114, 301, 26000200, 0, 1, 456, 35, 444, 
1, 276, 150, 298, 26000200, 2, 1, 653, 35, 444, 
1, 276, 1, 431, 26000200, 4, 1, 766, 35, 444, 
114, 301, 226, 298, 26001112, 2, 2, 277, 456, 444, 
226, 298, 287, 298, 26009818, 4, 3, 97, 277, 444, 
226, 298, 298, 381, 26009819, 1, 3, 397, 277, 444, 
298, 381, 298, 469, 26014019, 1, 4, 765, 397, 444, 
298, 381, 301, 500, 26014019, 4, 4, 291, 397, 444, 
1, 431, -1, 485, 26016400, 2, 2, 776, 766, 444, 
1, 431, 1, 513, 26016400, 1, 2, 420, 766, 444, 
1, 431, -1, 520, 26016400, 0, 2, 847, 766, 444, 
-1, 520, 27, 601, 26016841, 2, 3, 147, 847, 444, 
-1, 520, -1, 609, 26016841, 3, 3, 119, 847, 444, 
-1, 520, 1, 610, 26016841, 1, 3, 54, 847, 444, 
298, 469, 316, 601, 26018219, 4, 5, 14, 765, 444, 
298, 469, 377, 598, 26018219, 2, 5, 852, 765, 444, 
1, 610, 27, 601, 26021041, 2, 4, 147, 54, 444, 
1, 610, -1, 656, 26021041, 3, 4, 311, 54, 444, 
1, 610, -1, 696, 26021041, 1, 4, 478, 54, 444, 
1, 610, -1, 729, 26021041, 0, 4, 649, 54, 444, 
-1, 729, 1, 822, 26021312, 3, 5, 505, 649, 444, 
-1, 729, 1, 869, 26021312, 1, 5, 151, 649, 444, 
1, 869, 93, 901, 26025513, 2, 6, 343, 151, 444, 
1, 869, 124, 901, 26025513, 1, 6, 537, 151, 444, 
1, 869, -1, 1000, 26025513, 4, 6, 443, 151, 444, 
1, 869, 154, 901, 26025513, 0, 6, 711, 151, 444, 
154, 901, 279, 898, 26025966, 2, 7, 65, 711, 444, 
154, 901, 298, 926, 26025966, 0, 7, 112, 711, 444, 
298, 926, 375, 901, 26026355, 2, 8, 235, 112, 444, 
298, 926, 301, 1047, 26026355, 4, 8, 690, 112, 444, 
298, 926, 460, 901, 26026355, 0, 8, 752, 112, 444, 
377, 598, 421, 598, 26026420, 4, 6, 782, 852, 444, 
377, 598, 443, 601, 26026420, 3, 6, 544, 852, 444, 
377, 598, 471, 598, 26026420, 2, 6, 660, 852, 444, 
377, 598, 496, 598, 26026420, 0, 6, 483, 852, 444, 
377, 598, 532, 598, 26026420, 1, 6, 298, 852, 444, 
460, 901, 601, 957, 26026666, 2, 9, 868, 752, 444, 
496, 598, 598, 594, 26026979, 3, 7, 61, 483, 444, 
496, 598, 601, 586, 26026979, 4, 7, 126, 483, 444, 
496, 598, 598, 701, 26026979, 1, 7, 365, 483, 444, 
496, 598, 598, 723, 26026979, 0, 7, 567, 483, 444, 
598, 723, 601, 829, 26027355, 4, 8, 327, 567, 444, 
598, 723, 601, 912, 26027355, 3, 8, 898, 567, 444, 
601, 957, 684, 898, 26034866, 1, 10, 846, 868, 444, 
601, 957, 598, 1066, 26034866, 3, 10, 742, 868, 444, 
601, 957, 601, 1073, 26034866, 2, 10, 600, 868, 444, 
601, 957, 723, 898, 26034866, 0, 10, 773, 868, 444, 
723, 898, 760, 898, 26035150, 1, 11, 644, 773, 444, 
723, 898, 803, 898, 26035150, 2, 11, 470, 773, 444, 
723, 898, 825, 898, 26035150, 0, 11, 266, 773, 444, 
723, 898, 885, 898, 26035151, 3, 11, 90, 773, 444, 
825, 898, 885, 898, 26035500, 3, 12, 90, 266, 444, 
825, 898, 898, 911, 26035500, 2, 12, 71, 266, 444, 
825, 898, 927, 901, 26035500, 4, 12, 116, 266, 444, 
825, 898, 898, 990, 26035500, 1, 12, 358, 266, 444, 
825, 898, 1008, 901, 26035500, 0, 12, 450, 266, 444, 
1008, 901, 1097, 898, 26035758, 4, 13, 435, 450, 444, 
1008, 901, 1132, 901, 26035758, 3, 13, 849, 450, 444, 
1008, 901, 1198, 924, 26035759, 0, 13, 167, 450, 444, 
1198, 924, 1256, 901, 26036121, 1, 14, 207, 167, 444, 
1198, 924, 1267, 898, 26036121, 2, 14, 857, 167, 444, 
1198, 924, 1293, 901, 26036121, 4, 14, 439, 167, 444, 
1198, 924, 1313, 898, 26036121, 0, 14, 798, 167, 444, 
1313, 898, 1354, 898, 26036405, 4, 15, 697, 798, 444, 
1313, 898, 1388, 898, 26036405, 2, 15, 528, 798, 444, 
601, 912, 684, 898, 26039555, 1, 9, 846, 898, 444, 
601, 912, 601, 1032, 26039555, 3, 9, 745, 898, 444, 
601, 912, 723, 898, 26039555, 0, 9, 773, 898, 444, 
723, 898, 760, 898, 26039839, 2, 10, 644, 773, 444, 
723, 898, 803, 898, 26039840, 0, 10, 470, 773, 444, 
723, 898, 825, 898, 26039840, 1, 10, 266, 773, 444, 
803, 898, 825, 898, 26040344, 3, 11, 266, 470, 444, 
803, 898, 885, 898, 26040344, 2, 11, 90, 470, 444, 
803, 898, 898, 911, 26040344, 1, 11, 71, 470, 444, 
803, 898, 898, 990, 26040344, 4, 11, 358, 470, 444, 
-1, 1000, 1, 1087, 26041713, 4, 7, 489, 443, 444, 
-1, 1000, 42, 901, 26041713, 2, 7, 153, 443, 444, 
-1, 1000, 1, 1108, 26041713, 3, 7, 316, 443, 444, 
-1, 1000, 93, 901, 26041713, 1, 7, 343, 443, 444, 
301, 1047, 301, 1126, 26042555, 3, 9, 325, 690, 444, 
301, 1047, 375, 901, 26042555, 4, 9, 235, 690, 444, 
601, 586, 598, 671, 26043179, 3, 8, 202, 126, 444, 
601, 586, 598, 723, 26043180, 0, 8, 567, 126, 444, 
898, 911, 950, 901, 26044544, 3, 12, 270, 71, 444, 
898, 911, 898, 990, 26044545, 2, 12, 358, 71, 444, 
898, 911, 1008, 901, 26044545, 4, 12, 450, 71, 444, 
898, 911, 1049, 901, 26044545, 0, 12, 635, 71, 444, 
1388, 898, 1474, 898, 26044756, 3, 16, 174, 528, 444, 
1388, 898, 1523, 901, 26044756, 2, 16, 10, 528, 444, 
1388, 898, 1498, 987, 26044756, 0, 16, 400, 528, 444, 
1049, 901, 1131, 901, 26044803, 4, 13, 849, 635, 444, 
1049, 901, 1153, 898, 26044803, 3, 13, 213, 635, 444, 
1049, 901, 1180, 898, 26044803, 2, 13, 29, 635, 444, 
1049, 901, 1201, 908, 26044803, 1, 13, 4, 635, 444, 
93, 901, 197, 901, 26045914, 3, 8, 807, 343, 444, 
93, 901, 209, 898, 26045914, 4, 8, 376, 343, 444, 
93, 901, 244, 898, 26045914, 1, 8, 196, 343, 444, 
598, 1066, 601, 1148, 26047066, 3, 11, 81, 742, 444, 
598, 1066, 653, 1201, 26047066, 4, 11, 183, 742, 444, 
1132, 901, 1201, 908, 26047959, 4, 14, 4, 849, 444, 
1132, 901, 1232, 898, 26047959, 3, 14, 884, 849, 444, 
1132, 901, 1256, 901, 26047959, 2, 14, 207, 849, 444, 
244, 898, 298, 925, 26050114, 3, 9, 112, 196, 444, 
244, 898, 308, 901, 26050114, 2, 9, 55, 196, 444, 
244, 898, 301, 993, 26050114, 4, 9, 812, 196, 444, 
244, 898, 298, 998, 26050114, 1, 9, 488, 196, 444, 
601, 1032, 601, 1107, 26051756, 4, 10, 413, 745, 444, 
601, 1032, 601, 1128, 26051756, 2, 10, 250, 745, 444, 
601, 1032, 631, 1201, 26051756, 0, 10, 80, 745, 444, 
601, 1032, 723, 898, 26051756, 3, 10, 773, 745, 444, 
631, 1201, 735, 1201, 26052144, 3, 11, 560, 80, 444, 
631, 1201, 761, 1198, 26052144, 2, 11, 672, 80, 444, 
631, 1201, 769, 1201, 26052144, 1, 11, 720, 80, 444, 
631, 1201, 805, 1198, 26052145, 0, 11, 503, 80, 444, 
805, 1198, 879, 1198, 26052585, 4, 12, 305, 503, 444, 
805, 1198, 898, 1210, 26052585, 3, 12, 40, 503, 444, 
805, 1198, 898, 1265, 26052585, 0, 12, 252, 503, 444, 
805, 1198, 898, 1287, 26052585, 2, 12, 367, 503, 444, 
898, 1265, 1011, 1198, 26052973, 2, 13, 755, 252, 444, 
898, 1265, 1016, 1201, 26052973, 0, 13, 553, 252, 444, 
898, 1265, 1072, 1198, 26052974, 4, 13, 625, 252, 444, 
1016, 1201, 1072, 1198, 26053388, 3, 14, 625, 553, 444, 
1016, 1201, 1096, 1198, 26053388, 2, 14, 384, 553, 444, 
1016, 1201, 1118, 1198, 26053388, 0, 14, 229, 553, 444, 
1118, 1198, 1198, 1262, 26053815, 3, 15, 178, 229, 444, 
1118, 1198, 1198, 1284, 26053815, 2, 15, 373, 229, 444, 
1118, 1198, 1241, 1201, 26053815, 1, 15, 98, 229, 444, 
1118, 1198, 1264, 1201, 26053815, 0, 15, 344, 229, 444, 
1, 1108, 8, 1201, 26053914, 4, 8, 105, 316, 444, 
1, 1108, -1, 1227, 26053914, 3, 8, 140, 316, 444, 
1, 1108, 113, 1201, 26053914, 1, 8, 509, 316, 444, 
1, 1108, 142, 1201, 26053914, 0, 8, 676, 316, 444, 
1264, 1201, 1358, 1198, 26054099, 4, 16, 612, 344, 444, 
1264, 1201, 1395, 1201, 26054100, 3, 16, 811, 344, 444, 
1264, 1201, 1417, 1198, 26054100, 2, 16, 452, 344, 444, 
142, 1201, 221, 1198, 26054237, 4, 9, 466, 676, 444, 
142, 1201, 249, 1198, 26054237, 3, 9, 296, 676, 444, 
142, 1201, 272, 1198, 26054237, 2, 9, 135, 676, 444, 
142, 1201, 298, 1245, 26054237, 1, 9, 193, 676, 444, 
298, 998, 301, 1047, 26054314, 3, 10, 690, 488, 444, 
298, 998, 301, 1078, 26054315, 4, 10, 520, 488, 444, 
298, 998, 374, 901, 26054315, 0, 10, 235, 488, 444, 
298, 998, 301, 1126, 26054315, 2, 10, 325, 488, 444, 
374, 901, 459, 901, 26054625, 3, 11, 752, 235, 444, 
374, 901, 492, 898, 26054625, 0, 11, 472, 235, 444, 
374, 901, 506, 901, 26054625, 2, 11, 831, 235, 444, 
374, 901, 540, 898, 26054625, 1, 11, 299, 235, 444, 
492, 898, 601, 924, 26055078, 4, 12, 889, 472, 444, 
492, 898, 601, 958, 26055078, 3, 12, 868, 472, 444, 
492, 898, 601, 992, 26055079, 2, 12, 825, 472, 444, 
492, 898, 598, 1031, 26055079, 1, 12, 591, 472, 444, 
1256, 901, 1313, 898, 26056159, 4, 15, 798, 207, 444, 
1256, 901, 1355, 898, 26056159, 3, 15, 697, 207, 444, 
1256, 901, 1388, 898, 26056159, 1, 15, 528, 207, 444, 
298, 1245, 301, 1357, 26058438, 3, 10, 603, 193, 444, 
298, 1245, 445, 1201, 26058438, 0, 10, 557, 193, 444, 
445, 1201, 543, 1198, 26058878, 4, 11, 236, 557, 444, 
445, 1201, 601, 1074, 26058879, 2, 11, 600, 557, 444, 
598, 1031, 601, 1128, 26059279, 3, 13, 250, 591, 444, 
598, 1031, 631, 1201, 26059279, 4, 13, 80, 591, 444, 
1388, 898, 1474, 898, 26060359, 3, 16, 174, 528, 444, 
1388, 898, 1498, 945, 26060360, 4, 16, 78, 528, 444, 
1388, 898, 1523, 901, 26060360, 2, 16, 10, 528, 444, 
301, 1126, 301, 1170, 26062515, 4, 11, 164, 325, 444, 
301, 1126, 445, 1201, 26062515, 0, 11, 557, 325, 444, 
445, 1201, 543, 1198, 26062865, 4, 12, 236, 557, 444, 
445, 1201, 598, 1279, 26062865, 1, 12, 412, 557, 444, 
723, 898, 761, 898, 26063956, 2, 11, 644, 773, 444, 
723, 898, 803, 898, 26063956, 0, 11, 470, 773, 444, 
723, 898, 826, 898, 26063956, 1, 11, 266, 773, 444, 
723, 898, 886, 898, 26063957, 3, 11, 90, 773, 444, 
803, 898, 826, 898, 26064305, 4, 12, 266, 470, 444, 
803, 898, 886, 898, 26064306, 3, 12, 90, 470, 444, 
803, 898, 898, 911, 26064306, 2, 12, 71, 470, 444, 
803, 898, 926, 901, 26064306, 1, 12, 116, 470, 444, 
803, 898, 949, 901, 26064306, 0, 12, 270, 470, 444, 
949, 901, 1007, 901, 26064733, 3, 13, 450, 270, 444, 
949, 901, 1048, 901, 26064733, 1, 13, 635, 270, 444, 
949, 901, 1098, 898, 26064733, 0, 13, 435, 270, 444, 
1098, 898, 1180, 898, 26065160, 4, 14, 29, 435, 444, 
1098, 898, 1201, 908, 26065161, 3, 14, 4, 435, 444, 
1098, 898, 1232, 898, 26065161, 1, 14, 884, 435, 444, 
1098, 898, 1234, 901, 26065161, 2, 14, 63, 435, 444, 
598, 1279, 631, 1201, 26067065, 2, 13, 80, 412, 444, 
598, 1279, 653, 1201, 26067065, 1, 13, 183, 412, 444, 
598, 1279, 694, 1201, 26067065, 4, 13, 360, 412, 444, 
601, 1074, 601, 1148, 26067079, 4, 12, 81, 600, 444, 
1232, 898, 1267, 898, 26069361, 4, 15, 857, 884, 444, 
1232, 898, 1292, 901, 26069361, 3, 15, 439, 884, 444, 
1232, 898, 1314, 898, 26069361, 1, 15, 798, 884, 444, 
1232, 898, 1355, 898, 26069361, 2, 15, 697, 884, 444, 
8, 1201, 113, 1201, 26070114, 2, 9, 509, 105, 444, 
8, 1201, 142, 1201, 26070114, 0, 9, 676, 105, 444, 
142, 1201, 222, 1198, 26070554, 4, 10, 466, 676, 444, 
142, 1201, 249, 1198, 26070554, 3, 10, 296, 676, 444, 
142, 1201, 272, 1198, 26070554, 2, 10, 135, 676, 444, 
142, 1201, 298, 1245, 26070555, 1, 10, 193, 676, 444, 
653, 1201, 734, 1201, 26071265, 3, 14, 560, 183, 444, 
653, 1201, 769, 1201, 26071265, 4, 14, 720, 183, 444, 
653, 1201, 805, 1198, 26071266, 1, 14, 503, 183, 444, 
1313, 898, 1355, 898, 26072359, 4, 16, 697, 798, 444, 
1313, 898, 1388, 898, 26072359, 3, 16, 528, 798, 444, 
298, 1245, 301, 1357, 26074755, 3, 11, 603, 193, 444, 
298, 1245, 445, 1201, 26074755, 0, 11, 557, 193, 444, 
298, 1245, 465, 1198, 26074755, 1, 11, 609, 193, 444, 
445, 1201, 543, 1198, 26075169, 3, 12, 236, 557, 444, 
805, 1198, 880, 1198, 26075466, 4, 15, 305, 503, 444, 
805, 1198, 898, 1210, 26075466, 3, 15, 40, 503, 444, 
805, 1198, 898, 1287, 26075466, 2, 15, 367, 503, 444, 
543, 1198, 631, 1201, 26079065, 2, 13, 80, 236, 444, 
543, 1198, 598, 1279, 26079065, 4, 13, 412, 236, 444, 
543, 1198, 652, 1201, 26079065, 1, 13, 183, 236, 444, 
543, 1198, 694, 1201, 26079065, 0, 13, 360, 236, 444, 
543, 1198, 601, 1345, 26079065, 3, 13, 661, 236, 444, 
694, 1201, 734, 1201, 26079479, 4, 14, 560, 360, 444, 
694, 1201, 769, 1201, 26079479, 3, 14, 720, 360, 444, 
694, 1201, 805, 1198, 26079479, 1, 14, 503, 360, 444, 
734, 1201, 805, 1201, 26083466, 3, 15, 834, 560, 444, 
734, 1201, 805, 1198, 26083466, 4, 15, 503, 560, 444, 
734, 1201, 850, 1201, 26083466, 1, 15, 878, 560, 444, 
734, 1201, 880, 1198, 26083466, 0, 15, 305, 560, 444, 
898, 1287, 1012, 1198, 26083667, 1, 16, 755, 367, 444, 
898, 1287, 1015, 1201, 26083667, 0, 16, 553, 367, 444, 
880, 1198, 901, 1176, 26084106, 3, 16, 115, 305, 444, 
880, 1198, 898, 1265, 26084107, 1, 16, 252, 305, 444, 
880, 1198, 898, 1286, 26084107, 2, 16, 367, 305, 444, 
880, 1198, 1012, 1198, 26084107, 4, 16, 755, 305, 444, 
880, 1198, 1015, 1201, 26084107, 0, 16, 553, 305, 444, 
301, 1357, 315, 1501, 26086955, 3, 12, 104, 603, 444, 
315, 1501, 435, 1498, 26099156, 2, 13, 758, 104, 444, 
315, 1501, 455, 1501, 26099156, 1, 13, 716, 104, 444, 
455, 1501, 535, 1498, 26103356, 2, 14, 429, 716, 444, 
455, 1501, 599, 1504, 26103356, 0, 14, 37, 716, 444, 
455, 1501, 598, 1557, 26103356, 4, 14, 210, 716, 444, 
455, 1501, 601, 1426, 26103356, 3, 14, 318, 716, 444, 
599, 1504, 601, 1393, 26103693, 4, 15, 494, 37, 444, 
599, 1504, 721, 1501, 26103693, 1, 15, 525, 37, 444, 
599, 1504, 796, 1498, 26103693, 2, 15, 501, 37, 444, 
721, 1501, 796, 1498, 26107893, 4, 16, 501, 525, 444, 
601, 1393, 633, 1501, 26119893, 2, 16, 161, 494, 444, 
601, 1393, 701, 1501, 26119893, 0, 16, 333, 494, 444, 
601, 1393, 693, 1201, 26119893, 4, 16, 360, 494, 444, 
222, 898, 287, 898, 27000200, 4, 1, 65, 376, 48, 
222, 898, 298, 912, 27000200, 1, 1, 112, 376, 48, 
222, 898, 308, 901, 27000200, 2, 1, 55, 376, 48, 
222, 898, 298, 1015, 27000200, 3, 1, 687, 376, 48, 
298, 912, 298, 986, 27004400, 4, 2, 488, 112, 48, 
298, 912, 298, 1015, 27004400, 2, 2, 687, 112, 48, 
298, 912, 301, 1060, 27004400, 0, 2, 690, 112, 48, 
298, 912, 301, 1089, 27004400, 3, 2, 520, 112, 48, 
301, 1060, 301, 1089, 27004658, 1, 3, 520, 690, 48, 
301, 1060, 301, 1138, 27004659, 0, 3, 325, 690, 48, 
301, 1138, 301, 1182, 27005073, 3, 4, 164, 325, 48, 
301, 1138, 298, 1233, 27005073, 2, 4, 193, 325, 48, 
301, 1138, 298, 1317, 27005073, 1, 4, 574, 325, 48, 
298, 1233, 298, 1273, 27013273, 4, 5, 380, 193, 48, 
298, 1233, 298, 1317, 27013273, 2, 5, 574, 193, 48, 
298, 1233, 301, 1368, 27013273, 0, 5, 603, 193, 48, 
301, 1368, 301, 1476, 27013623, 2, 6, 175, 603, 48, 
301, 1368, 299, 1494, 27013623, 3, 6, 56, 603, 48, 
301, 1368, 310, 1501, 27013623, 4, 6, 104, 603, 48, 
301, 1368, 394, 1501, 27013623, 0, 6, 554, 603, 48, 
394, 1501, 444, 1501, 27013894, 4, 7, 716, 554, 48, 
394, 1501, 478, 1498, 27013894, 3, 7, 628, 554, 48, 
394, 1501, 547, 1498, 27013894, 2, 7, 429, 554, 48, 
547, 1498, 574, 1498, 27022094, 3, 8, 221, 429, 48, 
547, 1498, 602, 1499, 27022095, 2, 8, 37, 429, 48, 
547, 1498, 598, 1546, 27022095, 1, 8, 210, 429, 48, 
547, 1498, 621, 1501, 27022095, 4, 8, 161, 429, 48, 
547, 1498, 598, 1571, 27022095, 0, 8, 372, 429, 48, 
598, 1571, 598, 1595, 27022712, 3, 9, 575, 372, 48, 
598, 1571, 598, 1644, 27022712, 2, 9, 739, 372, 48, 
598, 1571, 601, 1708, 27022712, 1, 9, 513, 372, 48, 
601, 1708, 601, 1793, 27026912, 1, 10, 110, 513, 48, 
601, 1708, 673, 1801, 27026912, 4, 10, 352, 513, 48, 
601, 1793, 598, 1873, 27031113, 4, 11, 469, 110, 48, 
601, 1793, 695, 1801, 27031113, 3, 11, 532, 110, 48, 
601, 1793, 598, 1907, 27031113, 2, 11, 668, 110, 48, 
598, 1907, 598, 1961, 27039313, 3, 12, 791, 668, 48, 
598, 1907, 601, 2071, 27039313, 0, 12, 290, 668, 48, 
601, 2071, 698, 2101, 27039808, 2, 13, 309, 290, 48, 
601, 2071, 717, 2101, 27039808, 0, 13, 471, 290, 48, 
601, 2071, 791, 2098, 27039808, 1, 13, 618, 290, 48, 
717, 2101, 762, 2101, 27040261, 4, 14, 681, 471, 48, 
717, 2101, 791, 2098, 27040261, 3, 14, 618, 471, 48, 
717, 2101, 834, 2098, 27040261, 2, 14, 370, 471, 48, 
717, 2101, 856, 2098, 27040261, 1, 14, 179, 471, 48, 
717, 2101, 877, 2098, 27040261, 0, 14, 85, 471, 48, 
877, 2098, 901, 2090, 27040571, 48, 15, 48, 85, 48, 
601, 2091, 601, 2021, 28000200, 1, 1, 460, 137, 80, 
601, 2091, 601, 1997, 28000200, 4, 1, 679, 137, 80, 
601, 2091, 598, 1948, 28000200, 3, 1, 791, 137, 80, 
598, 1948, 598, 1892, 28012400, 4, 2, 668, 791, 80, 
598, 1948, 598, 1859, 28012400, 3, 2, 469, 791, 80, 
598, 1948, 598, 1817, 28012400, 2, 2, 304, 791, 80, 
598, 1948, 600, 1794, 28012400, 0, 2, 110, 791, 80, 
598, 1948, 547, 1798, 28012401, 1, 2, 280, 791, 80, 
600, 1794, 601, 1721, 28012737, 1, 3, 513, 110, 80, 
601, 1721, 598, 1582, 28016937, 4, 4, 575, 513, 80, 
598, 1582, 612, 1501, 28033137, 2, 5, 161, 575, 80, 
598, 1582, 610, 1498, 28033137, 1, 5, 37, 575, 80, 
598, 1582, 562, 1498, 28033138, 3, 5, 429, 575, 80, 
598, 1582, 680, 1501, 28033138, 4, 5, 333, 575, 80, 
598, 1582, 601, 1450, 28033138, 0, 5, 318, 575, 80, 
601, 1450, 601, 1418, 28033565, 4, 6, 494, 318, 80, 
601, 1450, 601, 1368, 28033565, 2, 6, 661, 318, 80, 
601, 1450, 601, 1332, 28033565, 1, 6, 794, 318, 80, 
601, 1332, 598, 1252, 28037914, 3, 7, 412, 794, 80, 
601, 1332, 598, 1205, 28037914, 0, 7, 242, 794, 80, 
601, 1332, 612, 1201, 28037914, 80, 7, 80, 794, 80, 
2100, 1793, 2101, 1759, 29000200, 4, 1, 301, 9, 11, 
2100, 1793, 2101, 1714, 29000200, 0, 1, 487, 9, 11, 
2100, 1793, 2101, 1692, 29000200, 2, 1, 675, 9, 11, 
2101, 1714, 2101, 1692, 29001112, 4, 2, 675, 487, 11, 
2101, 1714, 2101, 1654, 29001112, 2, 2, 792, 487, 11, 
2101, 1714, 2098, 1534, 29001112, 0, 2, 379, 487, 11, 
2098, 1534, 2101, 1476, 29001500, 3, 3, 188, 379, 11, 
2098, 1534, 2045, 1498, 29001500, 0, 3, 387, 379, 11, 
2098, 1534, 2101, 1456, 29001500, 1, 3, 364, 379, 11, 
2098, 1534, 1997, 1498, 29001500, 2, 3, 568, 379, 11, 
2045, 1498, 1997, 1498, 29001875, 3, 4, 568, 387, 11, 
2045, 1498, 1941, 1498, 29001876, 2, 4, 746, 387, 11, 
2045, 1498, 1921, 1498, 29001876, 4, 4, 837, 387, 11, 
1941, 1498, 1828, 1501, 29011081, 4, 5, 307, 746, 11, 
1941, 1498, 1801, 1483, 29011081, 1, 5, 232, 746, 11, 
1941, 1498, 1801, 1442, 29011081, 3, 5, 418, 746, 11, 
1941, 1498, 1798, 1440, 29011081, 0, 5, 113, 746, 11, 
1798, 1440, 1801, 1419, 29011392, 1, 6, 604, 113, 11, 
1798, 1440, 1801, 1366, 29011392, 3, 6, 761, 113, 11, 
1798, 1440, 1713, 1498, 29011392, 4, 6, 602, 113, 11, 
2101, 1476, 2101, 1415, 29013700, 4, 4, 562, 188, 11, 
2101, 1476, 2098, 1339, 29013701, 1, 4, 692, 188, 11, 
2101, 1476, 2098, 1321, 29013701, 2, 4, 514, 188, 11, 
1801, 1419, 1801, 1367, 29015592, 1, 7, 761, 604, 11, 
1801, 1419, 1713, 1498, 29015592, 4, 7, 602, 604, 11, 
2098, 1339, 2101, 1323, 29017901, 4, 5, 817, 692, 11, 
2098, 1339, 2098, 1303, 29017901, 3, 5, 322, 692, 11, 
2098, 1339, 2098, 1207, 29017901, 2, 5, 157, 692, 11, 
2098, 1339, 2071, 1198, 29017901, 0, 5, 415, 692, 11, 
2098, 1339, 2101, 1184, 29017901, 1, 5, 16, 692, 11, 
2071, 1198, 1947, 1198, 29018277, 3, 6, 840, 415, 11, 
2071, 1198, 1866, 1201, 29018277, 0, 6, 524, 415, 11, 
1866, 1201, 1823, 1201, 29018587, 2, 7, 145, 524, 11, 
1866, 1201, 1801, 1181, 29018587, 3, 7, 94, 524, 11, 
1866, 1201, 1791, 1198, 29018587, 0, 7, 125, 524, 11, 
1866, 1201, 1801, 1138, 29018587, 1, 7, 475, 524, 11, 
1791, 1198, 1701, 1201, 29018897, 4, 8, 861, 125, 11, 
1791, 1198, 1657, 1201, 29018898, 1, 8, 802, 125, 11, 
1791, 1198, 1798, 1057, 29018898, 3, 8, 813, 125, 11, 
1801, 1367, 1791, 1198, 29020005, 1, 8, 125, 761, 11, 
1657, 1201, 1623, 1201, 29023098, 3, 9, 701, 802, 11, 
1657, 1201, 1603, 1201, 29023098, 2, 9, 517, 802, 11, 
1657, 1201, 1519, 1201, 29023098, 1, 9, 332, 802, 11, 
1519, 1201, 1490, 1198, 29027298, 3, 10, 118, 332, 11, 
1519, 1201, 1475, 1198, 29027298, 4, 10, 267, 332, 11, 
1519, 1201, 1501, 1157, 29027298, 1, 10, 504, 332, 11, 
1519, 1201, 1456, 1198, 29027298, 0, 10, 452, 332, 11, 
1456, 1198, 1373, 1198, 29027687, 4, 11, 789, 452, 11, 
1456, 1198, 1331, 1201, 29027687, 3, 11, 710, 452, 11, 
1456, 1198, 1316, 1198, 29027687, 1, 11, 853, 452, 11, 
1947, 1198, 1843, 1201, 29030477, 4, 7, 337, 840, 11, 
1947, 1198, 1801, 1181, 29030477, 0, 7, 94, 840, 11, 
1947, 1198, 1791, 1198, 29030477, 2, 7, 125, 840, 11, 
1801, 1181, 1701, 1201, 29030761, 4, 8, 861, 94, 11, 
1801, 1181, 1798, 1057, 29030762, 1, 8, 813, 94, 11, 
1801, 1181, 1657, 1201, 29030762, 3, 8, 802, 94, 11, 
1798, 1057, 1798, 995, 29031098, 4, 9, 539, 813, 11, 
1798, 1057, 1657, 1201, 29031098, 3, 9, 802, 813, 11, 
1316, 1198, 1251, 1201, 29031887, 4, 12, 541, 853, 11, 
1316, 1198, 1228, 1201, 29031887, 1, 12, 344, 853, 11, 
1316, 1198, 1212, 1201, 29031887, 0, 12, 98, 853, 11, 
1316, 1198, 1198, 1227, 29031887, 2, 12, 178, 853, 11, 
1212, 1201, 1152, 1198, 29032327, 2, 13, 229, 98, 11, 
1212, 1201, 1131, 1198, 29032327, 3, 13, 384, 98, 11, 
1212, 1201, 1109, 1198, 29032327, 1, 13, 625, 98, 11, 
1701, 1201, 1657, 1201, 29035098, 3, 9, 802, 861, 11, 
1701, 1201, 1623, 1201, 29035098, 1, 9, 701, 861, 11, 
1701, 1201, 1603, 1201, 29035098, 0, 9, 517, 861, 11, 
1701, 1201, 1801, 1029, 29035098, 2, 9, 848, 861, 11, 
1701, 1201, 1798, 1017, 29035098, 4, 9, 703, 861, 11, 
1603, 1201, 1519, 1201, 29035460, 4, 10, 332, 517, 11, 
1603, 1201, 1508, 1201, 29035460, 3, 10, 146, 517, 11, 
1603, 1201, 1501, 1157, 29035460, 1, 10, 504, 517, 11, 
1603, 1201, 1456, 1198, 29035460, 0, 10, 452, 517, 11, 
1623, 1201, 1501, 1157, 29035731, 1, 10, 504, 701, 11, 
1456, 1198, 1373, 1198, 29035810, 4, 11, 789, 452, 11, 
1456, 1198, 1331, 1201, 29035810, 3, 11, 710, 452, 11, 
1456, 1198, 1316, 1198, 29035810, 1, 11, 853, 452, 11, 
1456, 1198, 1251, 1201, 29035810, 0, 11, 541, 452, 11, 
1251, 1201, 1228, 1201, 29036237, 2, 12, 344, 541, 11, 
1251, 1201, 1212, 1201, 29036237, 1, 12, 98, 541, 11, 
1251, 1201, 1201, 1223, 29036237, 4, 12, 24, 541, 11, 
1251, 1201, 1152, 1198, 29036237, 3, 12, 229, 541, 11, 
1251, 1201, 1109, 1198, 29036237, 0, 12, 625, 541, 11, 
1109, 1198, 1041, 1198, 29036691, 1, 13, 755, 625, 11, 
1109, 1198, 977, 1201, 29036691, 0, 13, 553, 625, 11, 
977, 1201, 903, 1197, 29036988, 3, 14, 115, 553, 11, 
977, 1201, 899, 1201, 29036988, 2, 14, 40, 553, 11, 
977, 1201, 898, 1230, 29036988, 4, 14, 252, 553, 11, 
977, 1201, 891, 1198, 29036988, 1, 14, 305, 553, 11, 
977, 1201, 843, 1198, 29036988, 0, 14, 503, 553, 11, 
843, 1198, 801, 1198, 29037259, 2, 15, 672, 503, 11, 
843, 1198, 730, 1201, 29037260, 0, 15, 720, 503, 11, 
730, 1201, 601, 1181, 29037661, 2, 16, 81, 720, 11, 
730, 1201, 599, 1201, 29037661, 4, 16, 242, 720, 11, 
730, 1201, 601, 1114, 29037661, 1, 16, 600, 720, 11, 
1501, 1157, 1498, 1005, 29039661, 0, 11, 581, 504, 11, 
1498, 1005, 1426, 898, 29040023, 3, 12, 528, 581, 11, 
1498, 1005, 1396, 898, 29040023, 2, 12, 697, 581, 11, 
1498, 1005, 1354, 898, 29040023, 1, 12, 798, 581, 11, 
1212, 1201, 1152, 1198, 29040437, 2, 13, 229, 98, 11, 
1212, 1201, 1131, 1198, 29040437, 3, 13, 384, 98, 11, 
1212, 1201, 1109, 1198, 29040437, 1, 13, 625, 98, 11, 
1212, 1201, 1041, 1198, 29040438, 0, 13, 755, 98, 11, 
1041, 1198, 977, 1201, 29041071, 4, 14, 553, 755, 11, 
1041, 1198, 903, 1197, 29041071, 1, 14, 115, 755, 11, 
1041, 1198, 899, 1201, 29041071, 2, 14, 40, 755, 11, 
1041, 1198, 891, 1198, 29041071, 0, 14, 305, 755, 11, 
891, 1198, 843, 1198, 29041394, 4, 15, 503, 305, 11, 
891, 1198, 807, 1201, 29041394, 3, 15, 878, 305, 11, 
891, 1198, 801, 1198, 29041395, 1, 15, 672, 305, 11, 
891, 1198, 765, 1201, 29041395, 2, 15, 834, 305, 11, 
891, 1198, 730, 1201, 29041395, 0, 15, 720, 305, 11, 
730, 1201, 601, 1181, 29041770, 2, 16, 81, 720, 11, 
730, 1201, 599, 1201, 29041770, 4, 16, 242, 720, 11, 
730, 1201, 601, 1114, 29041770, 1, 16, 600, 720, 11, 
730, 1201, 601, 1070, 29041770, 0, 16, 745, 720, 11, 
1354, 898, 1268, 898, 29044224, 4, 13, 884, 798, 11, 
1354, 898, 1201, 892, 29044224, 0, 13, 255, 798, 11, 
1201, 892, 1133, 898, 29044560, 3, 14, 435, 255, 11, 
1201, 892, 1201, 787, 29044560, 2, 14, 616, 255, 11, 
1798, 995, 1791, 898, 29047298, 4, 10, 49, 539, 11, 
1798, 995, 1757, 898, 29047298, 1, 10, 386, 539, 11, 
1798, 995, 1801, 871, 29047298, 3, 10, 265, 539, 11, 
1757, 898, 1692, 898, 29051498, 4, 11, 760, 386, 11, 
1757, 898, 1650, 901, 29051499, 3, 11, 815, 386, 11, 
1757, 898, 1622, 901, 29051499, 1, 11, 721, 386, 11, 
1519, 1201, 1476, 1198, 29051660, 3, 11, 267, 332, 11, 
1519, 1201, 1501, 1158, 29051660, 2, 11, 504, 332, 11, 
1519, 1201, 1456, 1198, 29051660, 1, 11, 452, 332, 11, 
1519, 1201, 1398, 1198, 29051660, 0, 11, 612, 332, 11, 
1398, 1198, 1331, 1201, 29052049, 4, 12, 710, 612, 11, 
1398, 1198, 1316, 1198, 29052049, 2, 12, 853, 612, 11, 
1398, 1198, 1251, 1201, 29052049, 0, 12, 541, 612, 11, 
1398, 1198, 1228, 1201, 29052049, 3, 12, 344, 612, 11, 
1398, 1198, 1212, 1201, 29052049, 1, 12, 98, 612, 11, 
1251, 1201, 1228, 1201, 29052450, 3, 13, 344, 541, 11, 
1251, 1201, 1212, 1201, 29052450, 2, 13, 98, 541, 11, 
1251, 1201, 1198, 1227, 29052450, 4, 13, 178, 541, 11, 
1251, 1201, 1131, 1198, 29052450, 1, 13, 384, 541, 11, 
1251, 1201, 1109, 1198, 29052450, 0, 13, 625, 541, 11, 
1109, 1198, 1042, 1198, 29052722, 1, 14, 755, 625, 11, 
1109, 1198, 899, 1201, 29052722, 3, 14, 40, 625, 11, 
1201, 787, 1198, 707, 29052760, 4, 15, 670, 616, 11, 
1201, 787, 1198, 683, 29052760, 2, 15, 458, 616, 11, 
1201, 787, 1156, 601, 29052761, 1, 15, 120, 616, 11, 
1622, 901, 1508, 901, 29055699, 4, 12, 10, 721, 11, 
1622, 901, 1501, 893, 29055699, 2, 12, 293, 721, 11, 
1622, 901, 1498, 912, 29055699, 3, 12, 78, 721, 11, 
1622, 901, 1448, 898, 29055699, 1, 12, 336, 721, 11, 
1133, 898, 1011, 901, 29056760, 0, 15, 635, 435, 11, 
1042, 1198, 977, 1201, 29056922, 3, 15, 553, 755, 11, 
1042, 1198, 903, 1197, 29056922, 0, 15, 115, 755, 11, 
1042, 1198, 899, 1201, 29056922, 1, 15, 40, 755, 11, 
1156, 601, 1095, 598, 29056961, 4, 16, 342, 120, 11, 
1156, 601, 1076, 598, 29056961, 1, 16, 526, 120, 11, 
1156, 601, 1058, 598, 29056961, 0, 16, 713, 120, 11, 
1156, 601, 1032, 601, 29056961, 2, 16, 698, 120, 11, 
1011, 901, 891, 898, 29057214, 4, 16, 90, 635, 11, 
1011, 901, 901, 826, 29057214, 2, 16, 614, 635, 11, 
1011, 901, 862, 898, 29057214, 3, 16, 266, 635, 11, 
903, 1197, 807, 1201, 29057297, 4, 16, 878, 115, 11, 
903, 1197, 765, 1201, 29057298, 2, 16, 834, 115, 11, 
903, 1197, 730, 1201, 29057298, 1, 16, 720, 115, 11, 
1448, 898, 1354, 898, 29059899, 3, 13, 798, 336, 11, 
1448, 898, 1268, 898, 29059900, 2, 13, 884, 336, 11, 
1268, 898, 1201, 892, 29060424, 3, 14, 255, 884, 11, 
1268, 898, 1196, 902, 29060424, 2, 14, 167, 884, 11, 
1268, 898, 1201, 787, 29060424, 4, 14, 616, 884, 11, 
1268, 898, 1133, 898, 29060424, 1, 14, 435, 884, 11, 
1133, 898, 1045, 901, 29064624, 3, 15, 772, 435, 11, 
1133, 898, 1010, 901, 29064624, 0, 15, 635, 435, 11, 
1133, 898, 970, 901, 29064625, 1, 15, 450, 435, 11, 
1010, 901, 891, 898, 29065000, 4, 16, 90, 635, 11, 
1010, 901, 901, 826, 29065000, 2, 16, 614, 635, 11, 
1010, 901, 862, 898, 29065000, 3, 16, 266, 635, 11, 
1010, 901, 898, 732, 29065000, 0, 16, 734, 635, 11, 
1201, 787, 1198, 707, 29076624, 4, 15, 670, 616, 11, 
1201, 787, 1198, 683, 29076624, 2, 15, 458, 616, 11, 
1201, 787, 1198, 599, 29076625, 3, 15, 286, 616, 11, 
1198, 683, 1191, 598, 29084825, 3, 16, 45, 458, 11, 
1198, 683, 1156, 601, 29084825, 4, 16, 120, 458, 11, 
1198, 683, 1201, 558, 29084825, 2, 16, 241, 458, 11, 
1198, 683, 1095, 598, 29084825, 1, 16, 342, 458, 11, 
