source_id,source_x,source_y,time,hop,pri_1_id,pri_2_id,pri_3_id,pri_4_id,pri_5_id,pri_1_r,pri_2_r,pri_3_r,pri_4_r,pri_5_r,des_id,inter_1id ,inter_2id ,inter_3id ,inter_4id ,inter_5id 
12, 240, 0, 10299999, 1, 17, 18, 15, 400, 20, 1, 0.864224, 1, 0.647651, 0.636491, 590, 0, 0, 0, 1, 1
15, 300, 0, 10300200, 2, 400, 20, 21, 19, 25, 1, 1, 1, 1, 0.789016, 590, 1, 1, 0, 0, 0
17, 340, 0, 10300200, 2, 22, 401, 21, 400, 20, 0.969063, 1, 0.972339, 1, 1, 590, 0, 0, 0, 1, 1
18, 360, 0, 10300200, 2, 400, 20, 30, 402, 401, 1, 1, 0.107766, 0.96843, 1, 590, 1, 1, 1, 0, 0
20, 400, 0, 10300200, 2, 27, 404, 25, 28, 405, 0.97102, 1, 0.968392, 0.863825, 0.86327, 590, 0, 0, 0, 0, 0
20, 400, 0, 10300653, 3, 27, 404, 25, 28, 405, 0.970972, 1, 0.968344, 0.863783, 0.863228, 590, 0, 0, 0, 0, 0
400, 400, 0, 10300653, 3, 410, 407, 450, 30, 404, 1, 1, 0.215599, 0.215521, 1, 590, 1, 0, 1, 1, 0
401, 400, 20, 10300653, 3, 406, 408, 405, 407, 404, 0.970592, 0.863526, 0.971131, 0.862974, 1, 590, 0, 0, 0, 0, 0
21, 420, 0, 10300653, 3, 450, 30, 26, 25, 27, 0.646797, 0.476605, 0.97288, 0.968344, 0.863086, 590, 1, 1, 0, 0, 0
22, 440, 0, 10300653, 3, 30, 450, 28, 26, 29, 0.843556, 0.538998, 0.971756, 1, 0.86122, 590, 1, 1, 0, 0, 0
26, 520, 0, 10301041, 4, 36, 34, 451, 32, 31, 1, 0.972698, 1, 0.96789, 0.970123, 590, 0, 0, 0, 0, 0
28, 560, 0, 10301042, 4, 450, 30, 34, 452, 33, 1, 1, 1, 0.970388, 1, 590, 1, 1, 0, 0, 0
29, 580, 0, 10301042, 4, 454, 452, 34, 33, 451, 0.860236, 0.970388, 0.972697, 0.969492, 1, 590, 0, 0, 0, 0, 0
30, 600, 0, 10301042, 4, 40, 500, 459, 455, 36, 0.791887, 0.47882, 0.887207, 1, 1, 590, 1, 1, 0, 0, 0
450, 600, 0, 10301042, 4, 459, 455, 458, 36, 457, 1, 1, 0.752911, 0.9724, 0.752778, 590, 0, 0, 0, 0, 0
455, 600, 100, 10301456, 5, 463, 461, 460, 459, 462, 0.967626, 0.970719, 1, 1, 0.863797, 590, 0, 0, 1, 0, 0
36, 720, 0, 10301456, 5, 500, 40, 501, 42, 39, 0.96801, 0.861777, 0.97177, 0.972605, 0.97185, 590, 1, 1, 0, 0, 0
459, 600, 180, 10301456, 5, 466, 464, 463, 462, 467, 1, 0.972344, 1, 1, 0.725078, 590, 0, 0, 0, 0, 0
462, 600, 240, 10309656, 6, 469, 468, 466, 465, 467, 0.967533, 0.971521, 0.968433, 1, 0.861443, 590, 0, 0, 0, 0, 0
463, 600, 260, 10309657, 6, 472, 470, 469, 468, 467, 0.944191, 0.968524, 1, 0.971521, 1, 590, 0, 1, 0, 0, 0
464, 600, 280, 10309657, 6, 470, 130, 469, 468, 467, 0.968524, 0.968494, 0.967533, 1, 1, 590, 1, 1, 0, 0, 0
467, 600, 340, 10309657, 6, 473, 472, 471, 474, 470, 1, 1, 1, 0.862183, 1, 590, 0, 0, 0, 0, 1
467, 600, 340, 10313857, 7, 473, 472, 471, 474, 470, 1, 1, 1, 0.861793, 1, 590, 0, 0, 0, 0, 1
468, 600, 360, 10313857, 7, 473, 472, 476, 471, 470, 1, 1, 0.844773, 0.968116, 1, 590, 0, 0, 0, 0, 1
469, 600, 380, 10313857, 7, 475, 474, 473, 476, 472, 1, 1, 1, 0.860401, 1, 590, 0, 0, 0, 0, 0
130, 600, 400, 10313857, 7, 477, 135, 180, 134, 520, 0.967508, 0.964577, 0.30609, 1, 0.189129, 590, 0, 0, 1, 0, 1
39, 780, 0, 10317656, 6, 504, 503, 502, 501, 46, 0.964011, 1, 1, 1, 0.968813, 590, 0, 0, 0, 0, 0
40, 800, 0, 10317656, 6, 550, 509, 505, 504, 506, 0.274261, 0.913181, 0.967238, 1, 0.862642, 590, 1, 0, 0, 0, 0
500, 800, 0, 10317656, 6, 506, 505, 504, 503, 508, 0.970473, 1, 1, 1, 0.754162, 590, 0, 0, 0, 0, 0
501, 800, 20, 10317656, 6, 506, 505, 508, 507, 504, 0.970473, 1, 0.861899, 0.861945, 1, 590, 0, 0, 0, 0, 0
42, 840, 0, 10317656, 6, 550, 48, 46, 47, 45, 0.430475, 1, 1, 0.967486, 1, 590, 1, 0, 0, 0, 0
134, 680, 400, 10318057, 8, 141, 139, 138, 140, 137, 0.969309, 0.971042, 1, 0.753437, 1, 590, 0, 0, 0, 1, 0
135, 700, 400, 10318057, 8, 140, 520, 141, 139, 138, 0.86107, 0.753222, 0.961437, 1, 1, 590, 1, 1, 0, 0, 0
477, 600, 540, 10318057, 8, 487, 485, 484, 481, 480, 1, 0.970939, 0.968378, 1, 1, 590, 0, 0, 0, 0, 1
503, 800, 60, 10318071, 7, 90, 510, 509, 508, 507, 0.96874, 0.963791, 0.970793, 1, 1, 590, 1, 1, 0, 0, 0
504, 800, 80, 10318071, 7, 509, 508, 507, 511, 506, 1, 1, 1, 0.751913, 1, 590, 0, 0, 0, 0, 0
505, 800, 100, 10318071, 7, 510, 90, 509, 508, 512, 1, 1, 1, 1, 0.752664, 590, 1, 1, 0, 0, 0
506, 800, 120, 10318071, 7, 512, 511, 510, 514, 90, 1, 1, 1, 0.842246, 0.96874, 590, 0, 0, 1, 0, 1
480, 600, 600, 10318316, 9, 190, 184, 187, 186, 183, 1, 1, 0.843002, 0.862825, 0.96635, 590, 1, 0, 0, 0, 0
481, 600, 620, 10318316, 9, 490, 230, 488, 487, 486, 0.687406, 0.685456, 0.96844, 0.966724, 0.969998, 590, 1, 1, 0, 0, 0
484, 600, 680, 10318316, 9, 490, 489, 488, 487, 486, 0.968956, 0.966263, 0.96844, 1, 1, 590, 1, 0, 0, 0, 0
485, 600, 700, 10318316, 9, 230, 490, 488, 491, 489, 1, 0.968956, 1, 0.968565, 0.966263, 590, 1, 1, 0, 0, 0
487, 600, 740, 10318316, 9, 490, 489, 230, 491, 492, 1, 1, 1, 0.968565, 1, 590, 1, 0, 1, 0, 0
90, 800, 200, 10318329, 8, 514, 513, 512, 515, 518, 0.96756, 0.966479, 1, 0.724048, 0.636579, 590, 0, 0, 0, 0, 0
510, 800, 200, 10318329, 8, 516, 515, 514, 513, 518, 1, 0.965397, 0.96756, 0.966479, 0.753305, 590, 0, 0, 0, 0, 0
511, 800, 220, 10318329, 8, 140, 516, 515, 514, 513, 0.906366, 1, 1, 1, 1, 590, 1, 0, 0, 0, 0
512, 800, 240, 10318329, 8, 516, 518, 515, 517, 514, 0.968933, 0.86092, 1, 0.858631, 1, 590, 0, 0, 0, 0, 0
514, 800, 280, 10318329, 8, 524, 140, 518, 517, 522, 0.914236, 0.968676, 1, 1, 0.751922, 590, 0, 1, 0, 0, 0
489, 600, 780, 10318574, 10, 231, 232, 491, 490, 230, 1, 0.10768, 1, 1, 1, 590, 0, 0, 0, 1, 1
230, 600, 800, 10318574, 10, 540, 235, 236, 233, 234, 1, 0.9674, 0.842973, 1, 0.859853, 590, 1, 0, 0, 0, 0
490, 600, 800, 10318574, 10, 235, 238, 233, 234, 232, 1, 0.794626, 1, 0.841986, 0.969118, 590, 0, 0, 0, 0, 0
491, 600, 820, 10318574, 10, 231, 232, 490, 489, 230, 1, 0.550036, 1, 1, 1, 590, 0, 0, 1, 0, 1
492, 600, 840, 10318574, 10, 490, 230, 542, 231, 491, 1, 1, 0.376489, 0.476133, 1, 590, 1, 1, 0, 0, 0
514, 800, 280, 10318756, 9, 524, 140, 518, 517, 522, 0.914117, 0.968631, 1, 1, 0.751888, 590, 0, 1, 0, 0, 0
515, 800, 300, 10318756, 9, 521, 520, 140, 519, 522, 1, 1, 0.968631, 1, 0.8593, 590, 0, 1, 1, 0, 0
516, 800, 320, 10318756, 9, 523, 522, 521, 520, 140, 0.967845, 1, 1, 1, 0.968631, 590, 0, 0, 0, 1, 1
518, 800, 360, 10318757, 9, 525, 526, 524, 523, 522, 1, 0.966857, 0.96931, 0.967845, 1, 590, 0, 0, 0, 0, 0
232, 640, 800, 10318884, 11, 239, 237, 240, 238, 235, 0.968559, 0.967536, 0.821865, 0.862947, 1, 590, 0, 0, 1, 0, 0
233, 660, 800, 10318885, 11, 540, 238, 236, 237, 235, 1, 0.970815, 0.96691, 0.860032, 1, 590, 1, 0, 0, 0, 0
234, 680, 800, 10318885, 11, 540, 240, 238, 245, 237, 0.967169, 0.966093, 1, 0.775307, 1, 590, 1, 1, 0, 0, 0
235, 700, 800, 10318885, 11, 241, 540, 240, 239, 238, 0.962006, 0.967169, 0.966093, 0.968559, 1, 590, 0, 1, 1, 0, 0
140, 800, 400, 10319080, 10, 570, 190, 526, 525, 524, 0.467409, 0.879605, 0.970346, 1, 0.969276, 590, 1, 1, 0, 0, 0
520, 800, 400, 10319080, 10, 526, 525, 524, 528, 523, 1, 1, 1, 0.842641, 0.967812, 590, 0, 0, 0, 0, 0
521, 800, 420, 10319080, 10, 528, 526, 527, 525, 532, 1, 1, 0.950491, 1, 0.771121, 590, 0, 0, 0, 0, 0
522, 800, 440, 10319080, 10, 530, 527, 526, 525, 529, 1, 0.968234, 1, 1, 0.754837, 590, 1, 0, 0, 0, 0
523, 800, 460, 10319080, 10, 529, 528, 531, 527, 526, 1, 1, 0.861319, 0.968234, 1, 590, 0, 0, 0, 0, 0
238, 760, 800, 10319247, 12, 242, 241, 245, 541, 540, 1, 1, 0.754602, 1, 1, 590, 0, 0, 0, 0, 1
239, 780, 800, 10319247, 12, 246, 245, 242, 244, 241, 0.967986, 0.970202, 1, 0.860964, 1, 590, 0, 0, 0, 0, 0
240, 800, 800, 10319247, 12, 245, 244, 243, 249, 242, 0.970202, 1, 1, 0.702689, 1, 590, 0, 0, 0, 0, 0
540, 800, 800, 10319247, 12, 245, 247, 246, 243, 244, 0.970202, 0.859965, 0.860432, 0.966805, 0.843697, 590, 0, 0, 0, 0, 0
526, 800, 520, 10319468, 11, 532, 531, 530, 534, 529, 1, 0.968944, 1, 0.862517, 1, 590, 0, 0, 1, 0, 0
527, 800, 540, 10319468, 11, 532, 531, 534, 530, 190, 1, 0.968944, 0.845821, 1, 1, 590, 0, 0, 0, 1, 1
528, 800, 560, 10319468, 11, 537, 532, 531, 533, 536, 0.932919, 1, 1, 0.862201, 0.754991, 590, 0, 0, 0, 0, 0
531, 800, 620, 10319468, 11, 240, 538, 537, 536, 535, 1, 0.969269, 0.970799, 1, 0.968566, 590, 1, 0, 0, 0, 0
138, 760, 400, 10322258, 9, 140, 520, 143, 521, 142, 1, 0.967991, 0.970503, 1, 1, 590, 1, 1, 0, 0, 0
139, 780, 400, 10322258, 9, 524, 523, 522, 521, 142, 1, 0.967481, 1, 1, 1, 590, 0, 0, 0, 0, 0
140, 800, 400, 10322258, 9, 570, 190, 526, 525, 524, 0.467062, 0.878377, 0.970014, 1, 0.968945, 590, 1, 1, 0, 0, 0
520, 800, 400, 10322258, 9, 526, 525, 524, 528, 523, 1, 1, 1, 0.842318, 0.967481, 590, 0, 0, 0, 0, 0
141, 820, 400, 10322258, 9, 146, 145, 144, 147, 521, 1, 1, 1, 0.860023, 1, 590, 0, 0, 0, 0, 0
524, 800, 480, 10322659, 10, 532, 190, 529, 531, 528, 0.963544, 1, 1, 0.860987, 0.966073, 590, 0, 1, 0, 0, 0
525, 800, 500, 10322659, 10, 532, 530, 190, 529, 531, 0.963544, 1, 1, 1, 0.860987, 590, 0, 1, 1, 0, 0
243, 860, 800, 10323447, 13, 249, 248, 246, 590, 247, 0.969837, 1, 1, 0.752761, 0.859577, 590, 0, 0, 0, 1, 0
244, 880, 800, 10323447, 13, 248, 249, 247, 246, 590, 0.969558, 0.862078, 0.967024, 1, 0.752761, 590, 0, 0, 0, 0, 1
246, 920, 800, 10323447, 13, 590, 591, 249, 248, 247, 1, 1, 1, 1, 0.967024, 590, 1, 0, 0, 0, 0
247, 940, 800, 10323447, 13, 590, 591, 249, 248, 10000000, 1, 1, 1, 1, 0, 590, 1, 0, 0, 0, 1
248, 960, 800, 10327648, 14, 590, 591, 249, 589, 592, 1, 1, 1, 0.429375, 1, 590, 1, 0, 0, 0, 0
249, 980, 800, 10327648, 14, 590, 591, 589, 10000000, 10000000, 1, 1, 1, 0, 0, 590, 1, 0, 0, 1, 1
591, 1000, 820, 10327648, 14, 590, 589, 249, 10000000, 10000000, 1, 1, 1, 0, 0, 590, 1, 0, 0, 1, 1
535, 800, 700, 10327669, 12, 540, 539, 541, 538, 537, 1, 0.968223, 0.968015, 1, 0.960754, 590, 1, 0, 0, 0, 0
536, 800, 720, 10327669, 12, 541, 540, 539, 240, 542, 1, 1, 1, 0.965183, 1, 590, 0, 1, 0, 1, 0
537, 800, 740, 10327669, 12, 541, 540, 539, 240, 542, 1, 1, 1, 1, 1, 590, 0, 1, 0, 1, 0
538, 800, 760, 10327669, 12, 540, 240, 241, 588, 541, 1, 0.965183, 0.781545, 0.474961, 1, 590, 1, 1, 0, 0, 0
249, 980, 800, 10331848, 15, 590, 591, 589, 10000000, 10000000, 1, 1, 1, 0, 0, 590, 1, 0, 0, 1, 1
589, 1000, 780, 10331848, 15, 590, 591, 249, 10000000, 10000000, 1, 1, 1, 0, 0, 590, 1, 0, 0, 1, 1
240, 800, 800, 10331869, 13, 245, 244, 243, 249, 242, 0.968884, 1, 1, 0.700618, 1, 590, 0, 0, 0, 0, 0
540, 800, 800, 10331869, 13, 245, 247, 246, 243, 244, 0.968884, 0.8588, 0.859265, 0.965496, 0.842415, 590, 0, 0, 0, 0, 0
541, 800, 820, 10331869, 13, 242, 241, 540, 539, 240, 0.96453, 1, 1, 1, 0.964748, 590, 0, 0, 1, 0, 1
243, 860, 800, 10332296, 14, 249, 248, 246, 590, 247, 0.968913, 1, 1, 0.752046, 0.85876, 590, 0, 0, 0, 1, 0
244, 880, 800, 10332296, 14, 248, 249, 247, 246, 590, 0.968635, 0.861256, 0.966105, 1, 0.752046, 590, 0, 0, 0, 0, 1
245, 900, 800, 10332296, 14, 590, 249, 248, 247, 246, 1, 0.968913, 1, 0.966105, 1, 590, 1, 0, 0, 0, 0
246, 920, 800, 10332296, 14, 590, 591, 249, 248, 247, 1, 1, 1, 1, 0.966105, 590, 1, 0, 0, 0, 0
246, 920, 800, 10332684, 15, 590, 591, 249, 248, 247, 1, 1, 1, 1, 0.966065, 590, 1, 0, 0, 0, 0
247, 940, 800, 10332684, 15, 590, 591, 249, 248, 10000000, 1, 1, 1, 1, 0, 590, 1, 0, 0, 0, 1
248, 960, 800, 10332685, 15, 590, 591, 249, 589, 592, 1, 1, 1, 0.429143, 1, 590, 1, 0, 0, 0, 0
249, 980, 800, 10332685, 15, 590, 591, 589, 10000000, 10000000, 1, 1, 1, 0, 0, 590, 1, 0, 0, 1, 1
183, 660, 600, 10334516, 10, 530, 189, 188, 187, 186, 0.96547, 0.965042, 0.965978, 1, 1, 590, 1, 0, 0, 0, 0
184, 680, 600, 10334516, 10, 530, 191, 190, 189, 192, 1, 0.966212, 0.968052, 1, 0.857682, 590, 1, 0, 1, 0, 0
186, 720, 600, 10334516, 10, 194, 531, 191, 530, 190, 0.96923, 1, 1, 1, 0.968052, 590, 0, 0, 0, 1, 1
529, 800, 580, 10334859, 11, 534, 535, 533, 536, 532, 1, 0.963794, 0.96837, 0.843231, 1, 590, 0, 0, 0, 0, 0
190, 800, 600, 10334859, 11, 540, 199, 536, 196, 534, 1, 1, 0.969094, 0.965889, 1, 590, 1, 0, 0, 0, 0
530, 800, 600, 10334859, 11, 541, 536, 535, 538, 534, 1, 0.969094, 0.966965, 0.860147, 0.968724, 590, 0, 0, 0, 0, 0
532, 800, 640, 10334859, 11, 582, 538, 536, 535, 537, 1, 0.967665, 1, 1, 0.861502, 590, 0, 0, 0, 0, 0
535, 800, 700, 10335196, 12, 540, 539, 541, 538, 537, 1, 0.967439, 0.967232, 1, 0.959886, 590, 1, 0, 0, 0, 0
536, 800, 720, 10335196, 12, 541, 540, 539, 240, 542, 1, 1, 1, 0.964404, 1, 590, 0, 1, 0, 1, 0
537, 800, 740, 10335196, 12, 541, 540, 539, 240, 542, 1, 1, 1, 1, 1, 590, 0, 1, 0, 1, 0
538, 800, 760, 10335196, 12, 540, 240, 241, 588, 541, 1, 0.964404, 0.776974, 0.474396, 1, 590, 1, 1, 0, 0, 0
582, 1000, 640, 10335196, 12, 588, 586, 585, 587, 584, 1, 1, 1, 0.861449, 1, 590, 0, 0, 0, 0, 0
584, 1000, 680, 10335545, 13, 589, 590, 587, 588, 586, 0.965275, 0.859181, 1, 0.859314, 1, 590, 0, 1, 0, 0, 0
585, 1000, 700, 10335545, 13, 590, 589, 588, 591, 587, 1, 0.965275, 1, 0.858955, 1, 590, 1, 0, 0, 0, 0
586, 1000, 720, 10335545, 13, 590, 591, 589, 588, 587, 1, 1, 1, 1, 1, 590, 1, 0, 0, 0, 0
587, 1000, 740, 10335545, 13, 590, 591, 589, 588, 592, 0.966578, 1, 1, 1, 0.858562, 590, 1, 0, 0, 0, 0
588, 1000, 760, 10335546, 13, 590, 591, 589, 249, 592, 0.966578, 1, 1, 0.860955, 0.965882, 590, 1, 0, 0, 0, 0
589, 1000, 780, 10335869, 14, 590, 591, 249, 10000000, 10000000, 1, 1, 1, 0, 0, 590, 1, 0, 0, 1, 1
249, 980, 800, 10335869, 14, 590, 591, 589, 10000000, 10000000, 1, 1, 1, 0, 0, 590, 1, 0, 0, 1, 1
591, 1000, 820, 10335869, 14, 590, 589, 249, 10000000, 10000000, 1, 1, 1, 0, 0, 590, 1, 0, 0, 1, 1
592, 1000, 840, 10335869, 14, 590, 591, 589, 249, 588, 1, 1, 1, 0.968541, 1, 590, 1, 0, 0, 0, 0
539, 800, 780, 10335869, 13, 241, 242, 541, 540, 240, 1, 0.410625, 1, 1, 0.964335, 590, 0, 0, 0, 1, 1
240, 800, 800, 10335869, 13, 245, 244, 243, 249, 242, 0.968467, 1, 1, 0.699964, 1, 590, 0, 0, 0, 0, 0
540, 800, 800, 10335869, 13, 245, 247, 246, 243, 244, 0.968467, 0.858431, 0.858896, 0.965081, 0.84201, 590, 0, 0, 0, 0, 0
542, 800, 840, 10335869, 13, 540, 240, 541, 539, 241, 1, 0.964335, 1, 0.967369, 0.545799, 590, 1, 1, 0, 0, 0
189, 780, 600, 10338716, 11, 534, 194, 193, 532, 192, 1, 0.968791, 0.968243, 1, 1, 590, 0, 0, 0, 0, 0
190, 800, 600, 10338716, 11, 540, 199, 536, 196, 534, 1, 1, 0.968692, 0.965489, 1, 590, 1, 0, 0, 0, 0
530, 800, 600, 10338716, 11, 541, 536, 535, 538, 534, 1, 0.968692, 0.966564, 0.85979, 0.968322, 590, 0, 0, 0, 0, 0
191, 820, 600, 10338716, 11, 196, 197, 195, 194, 193, 1, 0.966518, 1, 1, 1, 590, 0, 0, 0, 0, 0
534, 800, 680, 10338988, 12, 538, 539, 542, 537, 541, 1, 0.967045, 0.951197, 0.968759, 0.859411, 590, 0, 0, 0, 0, 0
535, 800, 700, 10338988, 12, 540, 539, 541, 538, 537, 1, 0.967045, 0.966838, 1, 0.959449, 590, 1, 0, 0, 0, 0
536, 800, 720, 10338988, 12, 541, 540, 539, 240, 542, 1, 1, 1, 0.964012, 1, 590, 0, 1, 0, 1, 0
539, 800, 780, 10339869, 13, 241, 242, 541, 540, 240, 1, 0.4104, 1, 1, 0.963921, 590, 0, 0, 0, 1, 1
240, 800, 800, 10339869, 13, 245, 244, 243, 249, 242, 0.96805, 1, 1, 0.699311, 1, 590, 0, 0, 0, 0, 0
540, 800, 800, 10339869, 13, 245, 247, 246, 243, 244, 0.96805, 0.858063, 0.858527, 0.964668, 0.841605, 590, 0, 0, 0, 0, 0
542, 800, 840, 10339869, 13, 540, 240, 541, 539, 241, 1, 0.963921, 1, 0.966954, 0.545501, 590, 1, 1, 0, 0, 0
249, 980, 800, 10340069, 15, 590, 591, 589, 10000000, 10000000, 1, 1, 1, 0, 0, 590, 1, 0, 0, 1, 1
589, 1000, 780, 10340069, 15, 590, 591, 249, 10000000, 10000000, 1, 1, 1, 0, 0, 590, 1, 0, 0, 1, 1
243, 860, 800, 10340309, 14, 249, 248, 246, 590, 247, 0.968078, 1, 1, 0.751399, 0.858022, 590, 0, 0, 0, 1, 0
244, 880, 800, 10340309, 14, 248, 249, 247, 246, 590, 0.9678, 0.860514, 0.965275, 1, 0.751399, 590, 0, 0, 0, 0, 1
245, 900, 800, 10340309, 14, 590, 249, 248, 247, 246, 1, 0.968078, 1, 0.965275, 1, 590, 1, 0, 0, 0, 0
246, 920, 800, 10340309, 14, 590, 591, 249, 248, 247, 1, 1, 1, 1, 0.965275, 590, 1, 0, 0, 0, 0
247, 940, 800, 10340309, 14, 590, 591, 249, 248, 10000000, 1, 1, 1, 1, 0, 590, 1, 0, 0, 0, 1
246, 920, 800, 10340723, 15, 590, 591, 249, 248, 247, 1, 1, 1, 1, 0.965232, 590, 1, 0, 0, 0, 0
247, 940, 800, 10340723, 15, 590, 591, 249, 248, 10000000, 1, 1, 1, 1, 0, 590, 1, 0, 0, 0, 1
248, 960, 800, 10340724, 15, 590, 591, 249, 589, 592, 1, 1, 1, 0.428773, 1, 590, 1, 0, 0, 0, 0
249, 980, 800, 10340724, 15, 590, 591, 589, 10000000, 10000000, 1, 1, 1, 0, 0, 590, 1, 0, 0, 1, 1
249, 980, 800, 10344269, 16, 590, 591, 589, 10000000, 10000000, 1, 1, 1, 0, 0, 590, 1, 0, 0, 1, 1
591, 1000, 820, 10344269, 16, 590, 589, 249, 10000000, 10000000, 1, 1, 1, 0, 0, 590, 1, 0, 0, 1, 1
248, 960, 800, 10344885, 16, 590, 591, 249, 589, 592, 1, 1, 1, 0.428582, 1, 590, 1, 0, 0, 0, 0
249, 980, 800, 10344885, 16, 590, 591, 589, 10000000, 10000000, 1, 1, 1, 0, 0, 590, 1, 0, 0, 1, 1
591, 1000, 820, 10344885, 16, 590, 589, 249, 10000000, 10000000, 1, 1, 1, 0, 0, 590, 1, 0, 0, 1, 1
249, 980, 800, 10348469, 17, 590, 591, 589, 10000000, 10000000, 1, 1, 1, 0, 0, 590, 1, 0, 0, 1, 1
589, 1000, 780, 10348469, 17, 590, 591, 249, 10000000, 10000000, 1, 1, 1, 0, 0, 590, 1, 0, 0, 1, 1
249, 980, 800, 10352669, 18, 590, 591, 589, 10000000, 10000000, 1, 1, 1, 0, 0, 590, 1, 0, 0, 1, 1
591, 1000, 820, 10352669, 18, 590, 589, 249, 10000000, 10000000, 1, 1, 1, 0, 0, 590, 1, 0, 0, 1, 1
249, 980, 800, 10356869, 19, 590, 591, 589, 10000000, 10000000, 1, 1, 1, 0, 0, 590, 1, 0, 0, 1, 1
589, 1000, 780, 10356869, 19, 590, 591, 249, 10000000, 10000000, 1, 1, 1, 0, 0, 590, 1, 0, 0, 1, 1
249, 980, 800, 10361070, 20, 590, 591, 589, 10000000, 10000000, 1, 1, 1, 0, 0, 590, 1, 0, 0, 1, 1
591, 1000, 820, 10361070, 20, 590, 589, 249, 10000000, 10000000, 1, 1, 1, 0, 0, 590, 1, 0, 0, 1, 1
249, 980, 800, 10365270, 21, 590, 591, 589, 10000000, 10000000, 1, 1, 1, 0, 0, 590, 1, 0, 0, 1, 1
589, 1000, 780, 10365270, 21, 590, 591, 249, 10000000, 10000000, 1, 1, 1, 0, 0, 590, 1, 0, 0, 1, 1
1, 20, 0, 11299999, 1, 6, 9, 5, 4, 8, 1, 0.860508, 1, 1, 0.755316, 244, 0, 0, 0, 0, 0
4, 80, 0, 11300200, 2, 350, 10, 9, 8, 11, 0.970097, 0.968266, 1, 1, 0.864817, 244, 1, 1, 0, 0, 0
5, 100, 0, 11300200, 2, 350, 10, 11, 9, 12, 1, 1, 1, 1, 0.860961, 244, 1, 1, 0, 0, 0
6, 120, 0, 11300200, 2, 13, 12, 351, 11, 350, 0.964136, 0.968581, 1, 1, 1, 244, 0, 0, 0, 0, 1
8, 160, 0, 11300200, 2, 15, 14, 352, 13, 12, 1, 1, 1, 0.968799, 1, 244, 0, 0, 0, 0, 0
9, 180, 0, 11300200, 2, 19, 16, 354, 15, 14, 0.940039, 0.966253, 1, 0.968226, 1, 244, 0, 0, 0, 0, 0
350, 200, 0, 11300471, 3, 400, 20, 356, 355, 354, 1, 0.466905, 0.972695, 0.970619, 1, 244, 1, 1, 0, 0, 0
351, 200, 20, 11300471, 3, 361, 358, 356, 355, 354, 1, 0.972166, 1, 1, 1, 244, 0, 0, 0, 0, 0
11, 220, 0, 11300471, 3, 400, 17, 16, 20, 15, 0.920648, 1, 1, 0.862454, 1, 244, 1, 0, 0, 1, 0
12, 240, 0, 11300471, 3, 400, 17, 20, 16, 18, 0.843822, 1, 0.686348, 0.969824, 0.864589, 244, 1, 0, 1, 0, 0
16, 320, 0, 11304671, 4, 22, 25, 401, 21, 24, 1, 0.909247, 1, 1, 0.860238, 244, 0, 0, 0, 0, 0
17, 340, 0, 11304672, 4, 22, 401, 21, 400, 20, 1, 1, 1, 1, 1, 244, 0, 0, 0, 1, 1
18, 360, 0, 11304672, 4, 400, 20, 402, 24, 401, 1, 1, 1, 0.967768, 1, 244, 1, 1, 0, 0, 0
20, 400, 0, 11304672, 4, 405, 404, 407, 27, 406, 0.971321, 1, 0.860362, 1, 0.843225, 244, 0, 0, 0, 0, 0
400, 400, 0, 11304672, 4, 450, 30, 407, 405, 404, 0.607167, 0.274028, 1, 0.971321, 1, 244, 1, 1, 0, 0, 0
404, 400, 80, 11304982, 5, 412, 410, 70, 409, 408, 0.954844, 1, 1, 1, 1, 244, 0, 1, 1, 0, 0
405, 400, 100, 11304982, 5, 416, 455, 410, 70, 409, 1, 1, 1, 1, 1, 244, 0, 0, 1, 1, 0
407, 400, 140, 11304982, 5, 414, 413, 412, 411, 418, 0.967379, 1, 1, 1, 0.785099, 244, 0, 0, 0, 0, 0
411, 400, 220, 11313182, 6, 417, 415, 419, 414, 416, 1, 1, 0.823388, 1, 0.859034, 244, 0, 0, 0, 0, 0
412, 400, 240, 11313183, 6, 462, 418, 417, 416, 415, 0.941812, 0.970795, 1, 1, 1, 244, 0, 0, 0, 0, 0
413, 400, 260, 11313183, 6, 421, 120, 419, 418, 417, 0.96491, 0.966853, 1, 1, 1, 244, 0, 1, 0, 0, 0
417, 400, 340, 11317383, 7, 425, 424, 423, 422, 421, 1, 0.970145, 1, 1, 1, 244, 0, 0, 0, 0, 0
418, 400, 360, 11317383, 7, 424, 420, 120, 423, 422, 1, 1, 1, 1, 1, 244, 0, 1, 1, 0, 0
419, 400, 380, 11317383, 7, 427, 425, 424, 423, 426, 0.966507, 0.967693, 1, 1, 0.842239, 244, 0, 0, 0, 0, 0
120, 400, 400, 11317383, 7, 125, 426, 124, 425, 424, 1, 0.969533, 1, 1, 1, 244, 0, 0, 0, 0, 0
124, 480, 400, 11321583, 8, 130, 131, 129, 470, 128, 0.969551, 0.9578, 0.969937, 0.843925, 1, 244, 1, 0, 0, 1, 0
424, 400, 480, 11321583, 8, 430, 170, 431, 429, 428, 1, 1, 0.965592, 1, 1, 244, 1, 1, 0, 0, 0
125, 500, 400, 11321583, 8, 131, 470, 130, 129, 128, 1, 1, 1, 1, 1, 244, 0, 1, 1, 0, 0
425, 400, 500, 11321583, 8, 430, 170, 433, 432, 431, 1, 1, 1, 1, 0.967713, 244, 1, 1, 0, 0, 0
426, 400, 520, 11321583, 8, 431, 430, 170, 433, 429, 1, 1, 1, 0.860685, 1, 244, 0, 1, 1, 0, 0
128, 560, 400, 11321946, 9, 134, 137, 472, 133, 132, 1, 0.911837, 1, 1, 1, 244, 0, 0, 0, 0, 0
129, 580, 400, 11321946, 9, 474, 135, 473, 134, 472, 1, 1, 1, 1, 1, 244, 0, 0, 0, 0, 0
130, 600, 400, 11321946, 9, 520, 140, 480, 477, 476, 0.158844, 0.120695, 1, 0.965971, 0.968331, 244, 1, 1, 1, 0, 0
470, 600, 400, 11321946, 9, 140, 520, 475, 474, 136, 0.607174, 0.476532, 1, 1, 0.968183, 244, 1, 1, 0, 0, 0
429, 400, 580, 11325784, 9, 436, 434, 435, 433, 171, 0.965921, 1, 0.965274, 1, 1, 244, 0, 0, 0, 0, 0
170, 400, 600, 11325784, 9, 440, 176, 174, 173, 175, 0.188104, 0.965493, 0.965289, 1, 0.858064, 244, 1, 0, 0, 0, 0
430, 400, 600, 11325784, 9, 174, 173, 440, 172, 436, 1, 1, 1, 1, 0.966322, 244, 0, 0, 1, 0, 0
431, 400, 620, 11325784, 9, 437, 172, 436, 435, 434, 1, 1, 1, 1, 1, 244, 0, 0, 0, 0, 0
433, 400, 660, 11325784, 9, 441, 440, 220, 437, 436, 1, 1, 0.96612, 1, 1, 244, 0, 1, 1, 0, 0
434, 400, 680, 11326055, 10, 440, 220, 438, 441, 439, 1, 1, 1, 0.968395, 0.967988, 244, 1, 1, 0, 0, 0
435, 400, 700, 11326055, 10, 440, 220, 441, 439, 438, 1, 0.966937, 1, 1, 1, 244, 1, 1, 0, 0, 0
436, 400, 720, 11326055, 10, 441, 440, 439, 220, 438, 1, 1, 1, 1, 1, 244, 0, 1, 0, 1, 0
437, 400, 740, 11326055, 10, 441, 440, 439, 220, 438, 1, 1, 1, 1, 1, 244, 0, 1, 0, 1, 0
474, 600, 480, 11326146, 10, 480, 180, 479, 478, 485, 1, 1, 1, 1, 0.779123, 244, 1, 1, 0, 0, 0
475, 600, 500, 11326146, 10, 481, 482, 480, 180, 479, 1, 0.969233, 1, 1, 1, 244, 0, 0, 1, 1, 0
438, 400, 760, 11326313, 11, 440, 220, 488, 441, 439, 1, 1, 0.700365, 1, 1, 244, 1, 1, 0, 0, 0
439, 400, 780, 11326313, 11, 221, 222, 441, 440, 220, 1, 0.430074, 1, 1, 1, 244, 0, 0, 0, 1, 1
220, 400, 800, 11326313, 11, 226, 225, 228, 224, 223, 1, 0.967523, 0.860064, 1, 1, 244, 0, 0, 0, 0, 0
440, 400, 800, 11326313, 11, 229, 227, 226, 490, 225, 1, 1, 1, 0.860388, 1, 244, 0, 0, 0, 1, 0
441, 400, 820, 11326313, 11, 221, 222, 440, 439, 220, 1, 0.721061, 1, 1, 1, 244, 0, 0, 1, 0, 1
220, 400, 800, 11326611, 12, 226, 225, 228, 224, 223, 1, 0.967492, 0.860036, 1, 1, 244, 0, 0, 0, 0, 0
440, 400, 800, 11326611, 12, 229, 227, 226, 490, 225, 1, 1, 1, 0.860278, 1, 244, 0, 0, 0, 1, 0
221, 420, 800, 11326611, 12, 227, 226, 225, 228, 224, 1, 1, 1, 0.844429, 1, 244, 0, 0, 0, 0, 0
439, 400, 780, 11326611, 12, 221, 222, 441, 440, 220, 1, 0.430019, 1, 1, 1, 244, 0, 0, 0, 1, 1
222, 440, 800, 11326611, 12, 229, 228, 227, 226, 225, 0.9667, 1, 0.967985, 1, 1, 244, 0, 0, 0, 0, 0
224, 480, 800, 11327051, 13, 229, 232, 228, 230, 490, 1, 0.845337, 1, 0.860043, 0.85978, 244, 0, 0, 0, 1, 1
225, 500, 800, 11327051, 13, 234, 231, 490, 230, 233, 1, 1, 1, 1, 0.844355, 244, 0, 0, 1, 1, 0
226, 520, 800, 11327051, 13, 233, 232, 231, 491, 490, 1, 1, 1, 1, 1, 244, 0, 0, 0, 0, 1
227, 540, 800, 11327051, 13, 233, 232, 231, 234, 490, 1, 1, 1, 0.858171, 1, 244, 0, 0, 0, 0, 1
490, 600, 800, 11327348, 14, 235, 238, 233, 234, 236, 1, 0.8218, 1, 0.858143, 0.751661, 244, 0, 0, 0, 0, 0
231, 620, 800, 11327348, 14, 237, 236, 238, 240, 235, 0.969615, 1, 0.858895, 0.790758, 0.968098, 244, 0, 0, 0, 1, 0
232, 640, 800, 11327348, 14, 239, 238, 237, 240, 236, 1, 0.966256, 1, 0.842466, 0.966421, 244, 0, 0, 0, 1, 0
233, 660, 800, 11327348, 14, 540, 238, 237, 239, 236, 1, 1, 0.969615, 0.858744, 1, 244, 1, 0, 0, 0, 0
234, 680, 800, 11327348, 14, 540, 240, 239, 238, 237, 1, 1, 0.966087, 1, 1, 244, 1, 1, 0, 0, 0
236, 720, 800, 11327724, 15, 243, 242, 241, 540, 240, 1, 1, 1, 1, 1, 244, 0, 0, 0, 1, 1
237, 740, 800, 11327724, 15, 243, 242, 247, 241, 540, 0.968801, 1, 1, 1, 1, 244, 0, 0, 0, 0, 1
238, 760, 800, 11327724, 15, 244, 242, 241, 245, 243, 0.964192, 1, 1, 0.862284, 0.861157, 244, 0, 0, 0, 0, 0
239, 780, 800, 11327724, 15, 244, 245, 242, 246, 241, 1, 1, 1, 0.966864, 1, 244, 0, 0, 0, 0, 0
540, 800, 800, 11327724, 15, 245, 243, 244, 242, 246, 1, 0.968801, 0.859725, 1, 0.966864, 244, 0, 0, 0, 0, 0
242, 840, 800, 11328073, 16, 244, 245, 243, 246, 10000000, 1, 1, 1, 1, 0, 244, 0, 0, 0, 0, 1
243, 860, 800, 11328073, 16, 244, 245, 10000000, 10000000, 10000000, 1, 1, 0, 0, 0, 244, 0, 0, 1, 1, 1
245, 900, 800, 11328073, 16, 244, 243, 10000000, 10000000, 10000000, 1, 1, 0, 0, 0, 244, 0, 0, 1, 1, 1
246, 920, 800, 11328073, 16, 244, 245, 243, 242, 10000000, 1, 1, 1, 1, 0, 244, 0, 0, 0, 0, 1
243, 860, 800, 11328331, 17, 244, 245, 10000000, 10000000, 10000000, 1, 1, 0, 0, 0, 244, 0, 0, 1, 1, 1
245, 900, 800, 11332531, 18, 244, 243, 10000000, 10000000, 10000000, 1, 1, 0, 0, 0, 244, 0, 0, 1, 1, 1
479, 600, 580, 11334346, 11, 484, 483, 487, 482, 486, 1, 1, 0.86015, 1, 0.843298, 244, 0, 0, 0, 0, 0
180, 600, 600, 11334346, 11, 530, 185, 184, 188, 183, 1, 1, 1, 0.861014, 1, 244, 1, 0, 0, 0, 0
480, 600, 600, 11334346, 11, 190, 186, 489, 185, 184, 1, 1, 1, 0.960389, 1, 244, 1, 0, 0, 0, 0
482, 600, 640, 11334347, 11, 230, 490, 532, 487, 486, 0.962644, 0.859106, 0.751802, 1, 1, 244, 1, 1, 0, 0, 0
243, 860, 800, 11336732, 19, 244, 245, 10000000, 10000000, 10000000, 1, 1, 0, 0, 0, 244, 0, 0, 1, 1, 1
486, 600, 720, 11338547, 12, 491, 490, 489, 230, 492, 1, 1, 1, 1, 1, 244, 0, 1, 0, 1, 0
487, 600, 740, 11338547, 12, 491, 490, 489, 230, 492, 1, 1, 1, 1, 1, 244, 0, 1, 0, 1, 0
490, 600, 800, 11338547, 12, 235, 238, 233, 234, 236, 1, 0.820542, 1, 0.857114, 0.750758, 244, 0, 0, 0, 0, 0
532, 800, 640, 11338547, 12, 538, 537, 536, 535, 534, 0.967258, 0.963837, 1, 1, 1, 244, 0, 0, 0, 0, 0
245, 900, 800, 11340932, 20, 244, 243, 10000000, 10000000, 10000000, 1, 1, 0, 0, 0, 244, 0, 0, 1, 1, 1
233, 660, 800, 11342747, 13, 540, 238, 237, 239, 236, 1, 1, 0.968009, 0.857327, 1, 244, 1, 0, 0, 0, 0
234, 680, 800, 11342747, 13, 540, 240, 239, 238, 237, 1, 1, 0.964493, 1, 1, 244, 1, 1, 0, 0, 0
235, 700, 800, 11342747, 13, 241, 540, 240, 239, 238, 0.963616, 1, 1, 1, 1, 244, 0, 1, 1, 0, 0
236, 720, 800, 11342747, 13, 243, 242, 241, 540, 240, 1, 1, 1, 1, 1, 244, 0, 0, 0, 1, 1
238, 760, 800, 11342748, 13, 244, 242, 241, 245, 243, 0.962449, 1, 1, 0.86089, 0.859766, 244, 0, 0, 0, 0, 0
238, 760, 800, 11343201, 14, 244, 242, 241, 245, 243, 0.962397, 1, 1, 0.860848, 0.859724, 244, 0, 0, 0, 0, 0
239, 780, 800, 11343201, 14, 244, 245, 242, 246, 241, 1, 1, 1, 0.965259, 1, 244, 0, 0, 0, 0, 0
240, 800, 800, 11343201, 14, 244, 245, 243, 242, 246, 1, 1, 1, 1, 0.858008, 244, 0, 0, 0, 0, 0
540, 800, 800, 11343201, 14, 245, 243, 244, 242, 246, 1, 0.96719, 0.858298, 1, 0.965259, 244, 0, 0, 0, 0, 0
243, 860, 800, 11345132, 21, 244, 245, 10000000, 10000000, 10000000, 1, 1, 0, 0, 0, 244, 0, 0, 1, 1, 1
534, 800, 680, 11346747, 13, 240, 539, 540, 538, 541, 1, 1, 0.963032, 1, 0.96619, 244, 1, 0, 1, 0, 0
535, 800, 700, 11346747, 13, 540, 240, 541, 539, 538, 1, 1, 1, 1, 1, 244, 1, 1, 0, 0, 0
536, 800, 720, 11346747, 13, 540, 240, 541, 539, 542, 1, 1, 1, 1, 1, 244, 1, 1, 0, 0, 0
537, 800, 740, 11346748, 13, 540, 240, 541, 539, 542, 1, 1, 1, 1, 1, 244, 1, 1, 0, 0, 0
538, 800, 760, 11346748, 13, 540, 240, 541, 539, 241, 1, 1, 1, 1, 0.435048, 244, 1, 1, 0, 0, 0
539, 800, 780, 11347188, 14, 241, 540, 240, 242, 541, 1, 1, 1, 0.360696, 1, 244, 0, 1, 1, 0, 0
240, 800, 800, 11347188, 14, 244, 245, 243, 242, 246, 1, 1, 1, 1, 0.857641, 244, 0, 0, 0, 0, 0
540, 800, 800, 11347188, 14, 245, 243, 244, 242, 246, 1, 0.966776, 0.857931, 1, 0.964847, 244, 0, 0, 0, 0, 0
541, 800, 820, 11347188, 14, 242, 241, 540, 240, 539, 0.966753, 1, 1, 1, 1, 244, 0, 0, 1, 1, 0
242, 840, 800, 11347537, 15, 244, 245, 243, 246, 10000000, 1, 1, 1, 1, 0, 244, 0, 0, 0, 0, 1
243, 860, 800, 11347537, 15, 244, 245, 10000000, 10000000, 10000000, 1, 1, 0, 0, 0, 244, 0, 0, 1, 1, 1
245, 900, 800, 11347537, 15, 244, 243, 10000000, 10000000, 10000000, 1, 1, 0, 0, 0, 244, 0, 0, 1, 1, 1
246, 920, 800, 11347537, 15, 244, 245, 243, 242, 10000000, 1, 1, 1, 1, 0, 244, 0, 0, 0, 0, 1
243, 860, 800, 11347938, 16, 244, 245, 10000000, 10000000, 10000000, 1, 1, 0, 0, 0, 244, 0, 0, 1, 1, 1
245, 900, 800, 11352138, 17, 244, 243, 10000000, 10000000, 10000000, 1, 1, 0, 0, 0, 244, 0, 0, 1, 1, 1
243, 860, 800, 11356338, 18, 244, 245, 10000000, 10000000, 10000000, 1, 1, 0, 0, 0, 244, 0, 0, 1, 1, 1
245, 900, 800, 11360539, 19, 244, 243, 10000000, 10000000, 10000000, 1, 1, 0, 0, 0, 244, 0, 0, 1, 1, 1
243, 860, 800, 11364739, 20, 244, 245, 10000000, 10000000, 10000000, 1, 1, 0, 0, 0, 244, 0, 0, 1, 1, 1
245, 900, 800, 11368939, 21, 244, 243, 10000000, 10000000, 10000000, 1, 1, 0, 0, 0, 244, 0, 0, 1, 1, 1
313, 0, 260, 12299999, 1, 320, 100, 318, 317, 319, 1, 0.862007, 1, 1, 0.863984, 591, 1, 1, 0, 0, 0
317, 0, 340, 12300200, 2, 323, 322, 321, 324, 327, 0.968154, 0.970916, 1, 0.861086, 0.777686, 591, 0, 0, 0, 0, 0
318, 0, 360, 12300200, 2, 320, 100, 325, 324, 323, 1, 1, 0.971103, 1, 1, 591, 1, 1, 0, 0, 0
319, 0, 380, 12300200, 2, 320, 100, 325, 326, 324, 1, 1, 1, 0.968585, 1, 591, 1, 1, 0, 0, 0
100, 0, 400, 12300200, 2, 150, 330, 106, 105, 108, 1, 0.468482, 0.971362, 1, 0.825748, 591, 1, 1, 0, 0, 0
320, 0, 400, 12300200, 2, 108, 107, 106, 105, 104, 1, 0.961695, 0.971362, 1, 1, 591, 0, 0, 0, 0, 0
104, 80, 400, 12300575, 3, 114, 370, 110, 109, 108, 1, 1, 0.968022, 0.968975, 1, 591, 0, 1, 1, 0, 0
105, 100, 400, 12300575, 3, 112, 111, 370, 110, 109, 1, 1, 1, 1, 1, 591, 0, 0, 1, 1, 0
106, 120, 400, 12300575, 3, 117, 112, 374, 111, 371, 1, 1, 0.972124, 1, 1, 591, 0, 0, 0, 0, 0
107, 140, 400, 12300575, 3, 115, 113, 112, 111, 114, 1, 0.968174, 1, 1, 0.862616, 591, 0, 0, 0, 0, 0
108, 160, 400, 12300575, 3, 115, 114, 113, 112, 372, 0.972238, 1, 1, 1, 1, 591, 0, 0, 0, 0, 0
372, 200, 440, 12300886, 4, 380, 379, 160, 376, 383, 0.754871, 1, 0.431292, 1, 0.791696, 591, 1, 0, 1, 0, 0
112, 240, 400, 12300886, 4, 119, 118, 117, 116, 120, 1, 1, 1, 1, 0.797119, 591, 0, 0, 0, 0, 1
113, 260, 400, 12300886, 4, 420, 119, 120, 118, 117, 0.971762, 1, 0.956543, 1, 1, 591, 1, 0, 1, 0, 0
114, 280, 400, 12300886, 4, 121, 420, 120, 119, 126, 0.970782, 1, 1, 1, 0.787898, 591, 0, 1, 1, 0, 0
115, 300, 400, 12300886, 4, 122, 123, 120, 420, 119, 0.971019, 0.912025, 1, 0.971762, 1, 591, 0, 0, 1, 1, 0
119, 380, 400, 12301326, 5, 125, 124, 123, 126, 424, 1, 1, 1, 0.862948, 0.967869, 591, 0, 0, 0, 0, 0
120, 400, 400, 12301326, 5, 125, 124, 127, 426, 425, 1, 1, 0.86188, 0.968249, 1, 591, 0, 0, 0, 0, 0
420, 400, 400, 12301326, 5, 127, 125, 427, 170, 124, 0.961634, 1, 1, 0.916524, 0.968859, 591, 0, 0, 0, 1, 0
124, 480, 400, 12309527, 6, 134, 131, 130, 129, 128, 1, 0.964279, 1, 1, 1, 591, 0, 0, 1, 0, 0
125, 500, 400, 12309527, 6, 131, 470, 130, 129, 128, 1, 1, 1, 1, 1, 591, 0, 1, 1, 0, 0
425, 400, 500, 12309527, 6, 430, 170, 433, 432, 431, 1, 1, 1, 1, 0.970557, 591, 1, 1, 0, 0, 0
426, 400, 520, 12309527, 6, 431, 432, 430, 170, 433, 1, 0.962505, 1, 1, 0.862129, 591, 0, 0, 1, 1, 0
127, 540, 400, 12309527, 6, 133, 132, 471, 131, 134, 1, 1, 1, 1, 0.862769, 591, 0, 0, 0, 0, 0
128, 560, 400, 12309863, 7, 137, 134, 133, 472, 132, 0.935021, 1, 1, 1, 1, 591, 0, 0, 0, 0, 0
129, 580, 400, 12309863, 7, 136, 135, 474, 134, 473, 1, 1, 1, 1, 1, 591, 0, 0, 0, 0, 0
130, 600, 400, 12309863, 7, 520, 140, 480, 477, 136, 0.274597, 0.107837, 1, 0.966982, 0.970914, 591, 1, 1, 1, 0, 0
470, 600, 400, 12309863, 7, 140, 520, 137, 475, 136, 0.467086, 0.411896, 0.94844, 1, 0.970914, 591, 1, 1, 0, 0, 0
475, 600, 500, 12314063, 8, 482, 481, 480, 180, 479, 1, 1, 1, 1, 1, 591, 0, 0, 1, 1, 0
136, 720, 400, 12314063, 8, 144, 521, 142, 143, 141, 0.959926, 1, 1, 0.966572, 0.970165, 591, 0, 0, 0, 0, 0
376, 200, 520, 12317086, 5, 382, 381, 380, 160, 384, 1, 1, 1, 1, 0.862328, 591, 0, 0, 1, 1, 0
380, 200, 600, 12317086, 5, 171, 166, 165, 164, 163, 1, 0.966775, 1, 1, 1, 591, 0, 0, 0, 0, 0
163, 260, 600, 12317435, 6, 430, 169, 168, 167, 166, 0.969231, 1, 1, 1, 1, 591, 1, 0, 0, 0, 0
164, 280, 600, 12317435, 6, 172, 169, 168, 430, 170, 0.966049, 1, 1, 0.861539, 0.861095, 591, 0, 0, 0, 1, 1
165, 300, 600, 12317436, 6, 172, 171, 430, 170, 169, 1, 1, 1, 1, 1, 591, 0, 0, 1, 1, 0
166, 320, 600, 12317436, 6, 172, 171, 431, 430, 173, 1, 1, 1, 1, 0.862047, 591, 0, 0, 0, 1, 0
171, 420, 600, 12321636, 7, 178, 177, 175, 174, 180, 1, 1, 1, 1, 0.758324, 591, 0, 0, 0, 0, 1
172, 440, 600, 12321636, 7, 178, 177, 181, 176, 175, 1, 1, 0.867727, 1, 1, 591, 0, 0, 0, 0, 0
173, 460, 600, 12321636, 7, 182, 179, 480, 178, 177, 1, 1, 0.957142, 1, 1, 591, 0, 0, 1, 0, 0
432, 400, 640, 12321727, 7, 220, 440, 482, 437, 436, 0.646797, 0.538148, 0.602639, 0.967187, 1, 591, 1, 1, 0, 0, 0
433, 400, 660, 12321727, 7, 220, 440, 441, 437, 436, 0.970195, 0.968666, 0.970624, 1, 1, 591, 1, 1, 0, 0, 0
175, 500, 600, 12321907, 8, 182, 180, 480, 179, 178, 1, 1, 0.961977, 1, 1, 591, 0, 1, 1, 0, 0
176, 520, 600, 12321907, 8, 182, 181, 481, 180, 480, 1, 1, 1, 1, 0.961977, 591, 0, 0, 0, 1, 1
177, 540, 600, 12321907, 8, 184, 183, 182, 181, 481, 0.966951, 0.965595, 1, 1, 1, 591, 0, 0, 0, 0, 0
178, 560, 600, 12321907, 8, 186, 183, 182, 185, 482, 1, 1, 1, 0.858597, 1, 591, 0, 0, 0, 0, 0
482, 600, 640, 12322166, 9, 490, 230, 487, 486, 485, 0.862294, 0.860376, 1, 1, 0.968102, 591, 1, 1, 0, 0, 0
182, 640, 600, 12322166, 9, 190, 188, 189, 187, 530, 0.944802, 1, 0.959722, 1, 0.859943, 591, 1, 0, 0, 0, 1
183, 660, 600, 12322166, 9, 530, 189, 188, 187, 186, 1, 1, 1, 1, 1, 591, 1, 0, 0, 0, 0
185, 700, 600, 12322166, 9, 192, 530, 190, 189, 188, 0.965642, 1, 0.969293, 1, 1, 591, 0, 1, 1, 0, 0
436, 400, 720, 12325927, 8, 441, 440, 220, 442, 439, 1, 1, 1, 0.96878, 1, 591, 0, 1, 1, 0, 0
437, 400, 740, 12325927, 8, 441, 440, 220, 442, 439, 1, 1, 1, 0.96878, 1, 591, 0, 1, 1, 0, 0
220, 400, 800, 12325928, 8, 226, 225, 228, 224, 223, 1, 1, 0.861239, 1, 1, 591, 0, 0, 0, 0, 0
223, 460, 800, 12326186, 9, 231, 229, 228, 227, 490, 1, 0.967312, 0.968867, 1, 0.861921, 591, 0, 0, 0, 0, 1
224, 480, 800, 12326186, 9, 231, 230, 229, 228, 490, 1, 0.967505, 1, 1, 0.861921, 591, 0, 1, 0, 0, 1
225, 500, 800, 12326186, 9, 231, 490, 230, 234, 233, 1, 1, 1, 0.860506, 0.861189, 591, 0, 1, 1, 0, 0
226, 520, 800, 12326186, 9, 233, 232, 231, 491, 490, 1, 1, 1, 1, 1, 591, 0, 0, 0, 0, 1
228, 560, 800, 12326186, 9, 234, 233, 232, 231, 492, 0.969693, 0.968837, 1, 1, 1, 591, 0, 0, 0, 0, 0
479, 600, 580, 12326264, 9, 484, 483, 487, 486, 482, 1, 1, 0.859531, 0.860894, 1, 591, 0, 0, 0, 0, 0
481, 600, 620, 12326264, 9, 488, 487, 486, 485, 182, 1, 1, 1, 0.967676, 1, 591, 0, 0, 0, 0, 0
186, 720, 600, 12326366, 10, 531, 192, 191, 530, 190, 1, 0.965207, 1, 1, 1, 591, 0, 0, 0, 1, 1
187, 740, 600, 12326366, 10, 195, 193, 192, 531, 191, 0.966841, 1, 1, 1, 1, 591, 0, 0, 0, 0, 0
188, 760, 600, 12326366, 10, 196, 193, 194, 532, 192, 1, 1, 0.964086, 1, 1, 591, 0, 0, 0, 0, 0
189, 780, 600, 12326366, 10, 534, 194, 533, 193, 197, 1, 1, 1, 1, 0.843703, 591, 0, 0, 0, 0, 0
530, 800, 600, 12326366, 10, 538, 536, 535, 541, 196, 1, 1, 1, 0.87121, 0.965499, 591, 0, 0, 0, 0, 0
490, 600, 800, 12326574, 10, 235, 238, 234, 233, 237, 1, 0.843346, 0.960901, 1, 0.753273, 591, 0, 0, 0, 0, 0
491, 600, 820, 12326574, 10, 231, 232, 492, 490, 230, 1, 0.538779, 1, 1, 1, 591, 0, 0, 0, 1, 1
231, 620, 800, 12326574, 10, 238, 237, 236, 240, 235, 1, 0.968493, 1, 0.819418, 0.96932, 591, 0, 0, 0, 1, 0
232, 640, 800, 12326574, 10, 239, 238, 237, 236, 235, 0.969843, 1, 1, 0.968128, 1, 591, 0, 0, 0, 0, 0
233, 660, 800, 12326574, 10, 540, 239, 238, 237, 236, 1, 0.964095, 1, 0.968493, 1, 591, 1, 0, 0, 0, 0
535, 800, 700, 12326781, 11, 541, 540, 240, 539, 538, 1, 1, 1, 1, 1, 591, 0, 1, 1, 0, 0
196, 920, 600, 12326781, 11, 581, 580, 199, 198, 197, 1, 1, 1, 1, 1, 591, 0, 1, 0, 0, 0
536, 800, 720, 12326781, 11, 542, 541, 540, 240, 539, 1, 1, 1, 1, 1, 591, 0, 0, 1, 1, 0
236, 720, 800, 12326859, 11, 242, 246, 243, 241, 540, 1, 0.872937, 0.946684, 1, 1, 591, 0, 0, 0, 0, 1
237, 740, 800, 12326859, 11, 242, 241, 248, 247, 243, 1, 1, 0.75694, 0.759169, 0.860704, 591, 0, 0, 0, 0, 0
238, 760, 800, 12326859, 11, 244, 242, 245, 241, 247, 0.968133, 1, 0.858625, 1, 0.723249, 591, 0, 0, 0, 0, 0
239, 780, 800, 12326859, 11, 245, 246, 244, 242, 241, 1, 0.961286, 1, 1, 1, 591, 0, 0, 0, 0, 0
540, 800, 800, 12326859, 11, 246, 245, 244, 249, 243, 1, 1, 0.968133, 0.796568, 0.968292, 591, 0, 0, 0, 0, 0
243, 860, 800, 12327260, 12, 590, 249, 248, 247, 246, 1, 1, 1, 0.968781, 1, 591, 1, 0, 0, 0, 0
244, 880, 800, 12327260, 12, 249, 248, 247, 590, 246, 1, 1, 1, 0.862334, 1, 591, 0, 0, 0, 1, 0
245, 900, 800, 12327260, 12, 590, 249, 248, 247, 246, 1, 1, 1, 1, 1, 591, 1, 0, 0, 0, 0
246, 920, 800, 12327260, 12, 591, 590, 249, 248, 247, 1, 1, 1, 1, 1, 591, 0, 1, 0, 0, 0
247, 940, 800, 12327674, 13, 591, 590, 249, 248, 10000000, 1, 1, 1, 1, 0, 591, 0, 1, 0, 0, 1
248, 960, 800, 12327674, 13, 591, 592, 590, 249, 589, 1, 1, 1, 1, 0.430403, 591, 0, 0, 1, 0, 0
249, 980, 800, 12327675, 13, 591, 592, 590, 10000000, 10000000, 1, 1, 1, 0, 0, 591, 0, 0, 1, 1, 1
590, 1000, 800, 12327675, 13, 591, 592, 10000000, 10000000, 10000000, 1, 1, 0, 0, 0, 591, 0, 0, 1, 1, 1
521, 800, 420, 12330264, 9, 528, 527, 526, 525, 524, 1, 0.96111, 1, 1, 1, 591, 0, 0, 0, 0, 0
141, 820, 400, 12330264, 9, 148, 146, 147, 145, 144, 1, 1, 0.966612, 1, 1, 591, 0, 0, 0, 0, 0
142, 840, 400, 12330264, 9, 570, 147, 148, 146, 145, 0.482316, 1, 0.968971, 1, 1, 591, 1, 0, 0, 0, 0
143, 860, 400, 12330264, 9, 149, 148, 147, 146, 145, 1, 1, 1, 1, 1, 591, 0, 0, 0, 0, 0
182, 640, 600, 12330464, 10, 190, 188, 189, 187, 530, 0.943323, 1, 0.958631, 1, 0.859177, 591, 1, 0, 0, 0, 1
485, 600, 700, 12330464, 10, 490, 230, 489, 488, 487, 1, 1, 1, 1, 1, 591, 1, 1, 0, 0, 0
486, 600, 720, 12330464, 10, 492, 491, 490, 230, 493, 1, 1, 1, 1, 1, 591, 0, 0, 1, 1, 0
487, 600, 740, 12330464, 10, 492, 490, 230, 491, 493, 1, 1, 1, 0.969513, 1, 591, 0, 1, 1, 0, 0
488, 600, 760, 12330464, 10, 490, 230, 492, 491, 493, 1, 1, 1, 1, 1, 591, 1, 1, 0, 0, 0
230, 600, 800, 12330891, 11, 240, 235, 234, 233, 237, 1, 1, 0.969201, 1, 0.752923, 591, 1, 0, 0, 0, 0
490, 600, 800, 12330891, 11, 235, 238, 234, 233, 237, 1, 0.842908, 0.960403, 1, 0.752923, 591, 0, 0, 0, 0, 0
491, 600, 820, 12330891, 11, 231, 232, 492, 490, 230, 1, 0.538528, 1, 1, 1, 591, 0, 0, 0, 1, 1
492, 600, 840, 12330891, 11, 490, 230, 542, 231, 491, 1, 1, 0.273054, 0.48117, 1, 591, 1, 1, 0, 0, 0
493, 600, 860, 12330891, 11, 492, 491, 490, 230, 489, 1, 1, 1, 1, 1, 591, 0, 0, 1, 1, 0
233, 660, 800, 12331279, 12, 540, 239, 238, 237, 236, 1, 0.963549, 1, 0.968003, 1, 591, 1, 0, 0, 0, 0
234, 680, 800, 12331280, 12, 540, 240, 238, 241, 237, 1, 1, 1, 0.85799, 1, 591, 1, 1, 0, 0, 0
238, 760, 800, 12331280, 12, 244, 242, 245, 241, 247, 0.967673, 1, 0.858218, 1, 0.722864, 591, 0, 0, 0, 0, 0
592, 1000, 840, 12331875, 14, 591, 590, 10000000, 10000000, 10000000, 1, 1, 0, 0, 0, 591, 0, 1, 1, 1, 1
524, 800, 480, 12334464, 10, 532, 530, 190, 529, 528, 0.96657, 1, 1, 1, 1, 591, 0, 1, 1, 0, 0
525, 800, 500, 12334464, 10, 532, 531, 530, 190, 529, 0.96657, 0.969073, 1, 1, 1, 591, 0, 0, 1, 1, 0
526, 800, 520, 12334464, 10, 534, 532, 531, 530, 190, 0.964883, 1, 0.969073, 1, 0.968011, 591, 0, 0, 0, 1, 1
527, 800, 540, 12334464, 10, 534, 532, 531, 533, 530, 1, 1, 1, 0.857766, 1, 591, 0, 0, 0, 0, 1
528, 800, 560, 12334464, 10, 534, 535, 533, 532, 531, 1, 0.957621, 0.964987, 1, 1, 591, 0, 0, 0, 0, 0
531, 800, 620, 12334865, 11, 537, 538, 240, 536, 535, 1, 0.965719, 0.75141, 1, 1, 591, 0, 0, 1, 0, 0
532, 800, 640, 12334865, 11, 540, 538, 240, 537, 536, 0.683549, 0.965719, 0.536685, 0.966311, 1, 591, 1, 0, 1, 0, 0
533, 800, 660, 12334865, 11, 540, 240, 538, 537, 536, 0.968902, 0.858696, 1, 1, 1, 591, 1, 1, 0, 0, 0
534, 800, 680, 12334866, 11, 541, 240, 539, 540, 538, 1, 1, 1, 0.968901, 1, 591, 0, 1, 0, 1, 0
538, 800, 760, 12335241, 12, 540, 240, 542, 541, 588, 1, 1, 1, 1, 0.480545, 591, 1, 1, 0, 0, 0
539, 800, 780, 12335241, 12, 241, 542, 541, 540, 240, 1, 1, 1, 1, 1, 591, 0, 0, 0, 1, 1
240, 800, 800, 12335241, 12, 246, 245, 244, 248, 249, 0.960318, 0.965085, 1, 0.822774, 0.795506, 591, 0, 0, 0, 0, 0
540, 800, 800, 12335241, 12, 246, 245, 244, 249, 243, 1, 1, 0.967261, 0.795506, 0.96742, 591, 0, 0, 0, 0, 0
241, 820, 800, 12335480, 13, 248, 247, 246, 245, 244, 0.964164, 1, 1, 1, 1, 591, 0, 0, 0, 0, 0
242, 840, 800, 12335480, 13, 249, 248, 247, 246, 245, 1, 0.964164, 0.967924, 1, 1, 591, 0, 0, 0, 0, 0
244, 880, 800, 12335480, 13, 249, 248, 247, 590, 246, 1, 1, 1, 0.86157, 1, 591, 0, 0, 0, 1, 0
245, 900, 800, 12335480, 13, 590, 249, 248, 247, 246, 1, 1, 1, 1, 1, 591, 1, 0, 0, 0, 0
246, 920, 800, 12335751, 14, 591, 590, 249, 248, 247, 1, 1, 1, 1, 1, 591, 0, 1, 0, 0, 0
247, 940, 800, 12335751, 14, 591, 590, 249, 248, 10000000, 1, 1, 1, 1, 0, 591, 0, 1, 0, 0, 1
248, 960, 800, 12335751, 14, 591, 592, 590, 249, 589, 1, 1, 1, 1, 0.430029, 591, 0, 0, 1, 0, 0
249, 980, 800, 12335752, 14, 591, 592, 590, 10000000, 10000000, 1, 1, 1, 0, 0, 591, 0, 0, 1, 1, 1
590, 1000, 800, 12335752, 14, 591, 592, 10000000, 10000000, 10000000, 1, 1, 0, 0, 0, 591, 0, 0, 1, 1, 1
590, 1000, 800, 12336075, 15, 591, 592, 10000000, 10000000, 10000000, 1, 1, 0, 0, 0, 591, 0, 0, 1, 1, 1
590, 1000, 800, 12336411, 15, 591, 592, 10000000, 10000000, 10000000, 1, 1, 0, 0, 0, 591, 0, 0, 1, 1, 1
592, 1000, 840, 12336411, 15, 591, 590, 10000000, 10000000, 10000000, 1, 1, 0, 0, 0, 591, 0, 1, 1, 1, 1
592, 1000, 840, 12340275, 16, 591, 590, 10000000, 10000000, 10000000, 1, 1, 0, 0, 0, 591, 0, 1, 1, 1, 1
145, 900, 400, 12342464, 10, 570, 149, 148, 147, 146, 1, 1, 1, 1, 1, 591, 1, 0, 0, 0, 0
146, 920, 400, 12342464, 10, 571, 570, 149, 148, 147, 1, 1, 1, 1, 1, 591, 0, 1, 0, 0, 0
147, 940, 400, 12342464, 10, 571, 570, 149, 148, 10000000, 1, 1, 1, 1, 0, 591, 0, 1, 0, 0, 1
148, 960, 400, 12342464, 10, 570, 572, 571, 149, 198, 1, 1, 1, 1, 0.214388, 591, 1, 0, 0, 0, 0
149, 980, 400, 12342464, 10, 574, 573, 572, 571, 570, 1, 1, 1, 1, 1, 591, 0, 0, 0, 0, 1
570, 1000, 400, 12342878, 11, 577, 575, 578, 574, 573, 1, 1, 0.857126, 1, 1, 591, 0, 0, 0, 0, 0
571, 1000, 420, 12342878, 11, 579, 580, 577, 575, 574, 1, 0.951047, 1, 1, 1, 591, 0, 1, 0, 0, 0
572, 1000, 440, 12342878, 11, 579, 578, 577, 576, 575, 0.965483, 0.964267, 1, 0.96476, 1, 591, 0, 0, 0, 0, 0
573, 1000, 460, 12342878, 11, 580, 579, 578, 581, 577, 0.966151, 1, 1, 0.860261, 1, 591, 1, 0, 0, 0, 0
574, 1000, 480, 12342879, 11, 580, 579, 578, 582, 577, 1, 1, 1, 0.839205, 1, 591, 1, 0, 0, 0, 0
197, 940, 600, 12342981, 12, 581, 580, 199, 198, 10000000, 1, 1, 1, 1, 0, 591, 0, 1, 0, 0, 1
198, 960, 600, 12342981, 12, 248, 582, 581, 580, 199, 1, 1, 1, 1, 1, 591, 0, 0, 0, 1, 0
199, 980, 600, 12342981, 12, 584, 583, 582, 581, 580, 1, 1, 1, 1, 1, 591, 0, 0, 0, 0, 1
581, 1000, 620, 12342981, 12, 587, 586, 585, 584, 588, 1, 1, 1, 1, 0.751377, 591, 0, 0, 0, 0, 0
577, 1000, 540, 12343137, 12, 584, 583, 582, 581, 585, 0.965039, 1, 1, 1, 0.793843, 591, 0, 0, 0, 0, 0
584, 1000, 680, 12343239, 13, 590, 589, 593, 588, 591, 0.968457, 1, 0.957109, 1, 0.85945, 591, 1, 0, 0, 0, 0
585, 1000, 700, 12343239, 13, 591, 590, 589, 588, 587, 1, 1, 1, 1, 1, 591, 0, 1, 0, 0, 0
586, 1000, 720, 12343239, 13, 591, 590, 593, 589, 592, 1, 1, 1, 1, 0.856996, 591, 0, 1, 0, 0, 0
587, 1000, 740, 12343239, 13, 591, 590, 592, 589, 593, 1, 1, 0.964121, 1, 0.967751, 591, 0, 1, 0, 0, 0
588, 1000, 760, 12343239, 13, 591, 592, 590, 589, 593, 1, 1, 1, 1, 0.967751, 591, 0, 0, 1, 0, 0
240, 800, 800, 12343441, 13, 246, 245, 244, 248, 249, 0.959374, 0.964237, 1, 0.82185, 0.794469, 591, 0, 0, 0, 0, 0
540, 800, 800, 12343441, 13, 246, 245, 244, 249, 243, 1, 1, 0.96641, 0.794469, 0.966568, 591, 0, 0, 0, 0, 0
241, 820, 800, 12343441, 13, 247, 248, 246, 245, 244, 1, 0.963342, 1, 1, 1, 591, 0, 0, 0, 0, 0
541, 800, 820, 12343441, 13, 242, 241, 542, 540, 240, 1, 1, 1, 1, 1, 591, 0, 0, 0, 1, 1
542, 800, 840, 12343441, 13, 540, 240, 241, 592, 541, 1, 1, 0.642655, 0.119863, 1, 591, 1, 1, 0, 0, 0
589, 1000, 780, 12343523, 14, 591, 592, 590, 249, 593, 1, 1, 1, 1, 0.967721, 591, 0, 0, 1, 0, 0
590, 1000, 800, 12343523, 14, 591, 592, 10000000, 10000000, 10000000, 1, 1, 0, 0, 0, 591, 0, 0, 1, 1, 1
592, 1000, 840, 12343524, 14, 591, 590, 10000000, 10000000, 10000000, 1, 1, 0, 0, 0, 591, 0, 1, 1, 1, 1
593, 1000, 860, 12343524, 14, 591, 592, 590, 249, 589, 1, 1, 1, 0.963451, 1, 591, 0, 0, 1, 0, 0
244, 880, 800, 12343751, 14, 249, 248, 247, 590, 246, 1, 1, 1, 0.860804, 1, 591, 0, 0, 0, 1, 0
245, 900, 800, 12343751, 14, 590, 249, 248, 247, 246, 1, 1, 1, 1, 1, 591, 1, 0, 0, 0, 0
246, 920, 800, 12343751, 14, 591, 590, 249, 248, 247, 1, 1, 1, 1, 1, 591, 0, 1, 0, 0, 0
247, 940, 800, 12343751, 14, 591, 590, 249, 248, 10000000, 1, 1, 1, 1, 0, 591, 0, 1, 0, 0, 1
248, 960, 800, 12343751, 14, 591, 592, 590, 249, 589, 1, 1, 1, 1, 0.42966, 591, 0, 0, 1, 0, 0
248, 960, 800, 12344191, 15, 591, 592, 590, 249, 589, 1, 1, 1, 1, 0.429639, 591, 0, 0, 1, 0, 0
249, 980, 800, 12344191, 15, 591, 592, 590, 10000000, 10000000, 1, 1, 1, 0, 0, 591, 0, 0, 1, 1, 1
590, 1000, 800, 12344192, 15, 591, 592, 10000000, 10000000, 10000000, 1, 1, 0, 0, 0, 591, 0, 0, 1, 1, 1
592, 1000, 840, 12344611, 16, 591, 590, 10000000, 10000000, 10000000, 1, 1, 0, 0, 0, 591, 0, 1, 1, 1, 1
188, 760, 600, 12346664, 11, 196, 193, 194, 532, 192, 1, 1, 0.961733, 1, 1, 591, 0, 0, 0, 0, 0
189, 780, 600, 12346664, 11, 534, 194, 533, 193, 532, 1, 1, 1, 1, 1, 591, 0, 0, 0, 0, 0
190, 800, 600, 12346664, 11, 538, 536, 196, 535, 534, 1, 1, 1, 0.964003, 1, 591, 0, 0, 0, 0, 0
530, 800, 600, 12346664, 11, 538, 536, 535, 196, 541, 1, 1, 1, 0.963401, 0.863574, 591, 0, 0, 0, 0, 0
534, 800, 680, 12347040, 12, 541, 240, 539, 540, 538, 1, 1, 1, 0.967633, 1, 591, 0, 1, 0, 1, 0
535, 800, 700, 12347040, 12, 541, 540, 240, 539, 538, 1, 1, 1, 1, 1, 591, 0, 1, 1, 0, 0
196, 920, 600, 12347040, 12, 581, 580, 199, 198, 197, 1, 1, 1, 1, 1, 591, 0, 1, 0, 0, 0
536, 800, 720, 12347040, 12, 542, 541, 540, 240, 539, 1, 1, 1, 1, 1, 591, 0, 0, 1, 1, 0
538, 800, 760, 12347040, 12, 540, 240, 542, 541, 588, 1, 1, 1, 1, 0.479865, 591, 1, 1, 0, 0, 0
240, 800, 800, 12347480, 13, 246, 245, 244, 248, 249, 0.95891, 0.96382, 1, 0.821396, 0.79396, 591, 0, 0, 0, 0, 0
540, 800, 800, 12347480, 13, 246, 245, 244, 249, 243, 1, 1, 0.965991, 0.79396, 0.966149, 591, 0, 0, 0, 0, 0
541, 800, 820, 12347480, 13, 242, 241, 542, 540, 240, 1, 1, 1, 1, 1, 591, 0, 0, 0, 1, 1
542, 800, 840, 12347480, 13, 540, 240, 241, 592, 541, 1, 1, 0.642377, 0.119805, 1, 591, 1, 1, 0, 0, 0
541, 800, 820, 12347777, 14, 242, 241, 542, 540, 240, 1, 1, 1, 1, 1, 591, 0, 0, 0, 1, 1
240, 800, 800, 12347777, 14, 246, 245, 244, 248, 249, 0.958876, 0.963789, 1, 0.821362, 0.793922, 591, 0, 0, 0, 0, 0
540, 800, 800, 12347777, 14, 246, 245, 244, 249, 243, 1, 1, 0.96596, 0.793922, 0.966118, 591, 0, 0, 0, 0, 0
243, 860, 800, 12348153, 14, 590, 249, 248, 247, 246, 1, 1, 1, 0.966607, 1, 591, 1, 0, 0, 0, 0
244, 880, 800, 12348153, 14, 249, 248, 247, 590, 246, 1, 1, 1, 0.860396, 1, 591, 0, 0, 0, 1, 0
245, 900, 800, 12348153, 14, 590, 249, 248, 247, 246, 1, 1, 1, 1, 1, 591, 1, 0, 0, 0, 0
246, 920, 800, 12348153, 14, 591, 590, 249, 248, 247, 1, 1, 1, 1, 1, 591, 0, 1, 0, 0, 0
249, 980, 800, 12348153, 14, 591, 592, 590, 10000000, 10000000, 1, 1, 1, 0, 0, 591, 0, 0, 1, 1, 1
243, 860, 800, 12348463, 15, 590, 249, 248, 247, 246, 1, 1, 1, 0.966575, 1, 591, 1, 0, 0, 0, 0
244, 880, 800, 12348463, 15, 249, 248, 247, 590, 246, 1, 1, 1, 0.860367, 1, 591, 0, 0, 0, 1, 0
245, 900, 800, 12348463, 15, 590, 249, 248, 247, 246, 1, 1, 1, 1, 1, 591, 1, 0, 0, 0, 0
246, 920, 800, 12348463, 15, 591, 590, 249, 248, 247, 1, 1, 1, 1, 1, 591, 0, 1, 0, 0, 0
590, 1000, 800, 12348811, 17, 591, 592, 10000000, 10000000, 10000000, 1, 1, 0, 0, 0, 591, 0, 0, 1, 1, 1
247, 940, 800, 12348838, 15, 591, 590, 249, 248, 10000000, 1, 1, 1, 1, 0, 591, 0, 1, 0, 0, 1
247, 940, 800, 12349278, 16, 591, 590, 249, 248, 10000000, 1, 1, 1, 1, 0, 591, 0, 1, 0, 0, 1
248, 960, 800, 12349278, 16, 591, 592, 590, 249, 589, 1, 1, 1, 1, 0.429405, 591, 0, 0, 1, 0, 0
249, 980, 800, 12349278, 16, 591, 592, 590, 10000000, 10000000, 1, 1, 1, 0, 0, 591, 0, 0, 1, 1, 1
590, 1000, 800, 12349278, 16, 591, 592, 10000000, 10000000, 10000000, 1, 1, 0, 0, 0, 591, 0, 0, 1, 1, 1
592, 1000, 840, 12353478, 17, 591, 590, 10000000, 10000000, 10000000, 1, 1, 0, 0, 0, 591, 0, 1, 1, 1, 1
197, 940, 600, 12355240, 13, 581, 580, 199, 198, 10000000, 1, 1, 1, 1, 0, 591, 0, 1, 0, 0, 1
198, 960, 600, 12355240, 13, 248, 582, 581, 580, 199, 1, 1, 1, 1, 1, 591, 0, 0, 0, 1, 0
199, 980, 600, 12355240, 13, 584, 583, 582, 581, 580, 1, 1, 1, 1, 1, 591, 0, 0, 0, 0, 1
580, 1000, 600, 12355240, 13, 586, 585, 589, 584, 587, 0.966659, 1, 0.821254, 1, 0.819365, 591, 0, 0, 0, 0, 0
581, 1000, 620, 12355240, 13, 587, 586, 585, 584, 588, 1, 1, 1, 1, 0.75039, 591, 0, 0, 0, 0, 0
584, 1000, 680, 12355667, 14, 590, 589, 593, 588, 591, 0.967164, 1, 0.955485, 1, 0.858304, 591, 1, 0, 0, 0, 0
585, 1000, 700, 12355667, 14, 591, 590, 589, 588, 587, 1, 1, 1, 1, 1, 591, 0, 1, 0, 0, 0
586, 1000, 720, 12355667, 14, 591, 590, 593, 589, 592, 1, 1, 1, 1, 0.855857, 591, 0, 1, 0, 0, 0
587, 1000, 740, 12355667, 14, 591, 590, 592, 589, 593, 1, 1, 0.962839, 1, 0.966459, 591, 0, 1, 0, 0, 0
588, 1000, 760, 12355668, 14, 591, 592, 590, 589, 593, 1, 1, 1, 1, 0.966459, 591, 0, 0, 1, 0, 0
590, 1000, 800, 12355978, 15, 591, 592, 10000000, 10000000, 10000000, 1, 1, 0, 0, 0, 591, 0, 0, 1, 1, 1
249, 980, 800, 12355978, 15, 591, 592, 590, 10000000, 10000000, 1, 1, 1, 0, 0, 591, 0, 0, 1, 1, 1
592, 1000, 840, 12355978, 15, 591, 590, 10000000, 10000000, 10000000, 1, 1, 0, 0, 0, 591, 0, 1, 1, 1, 1
593, 1000, 860, 12355978, 15, 591, 592, 590, 249, 589, 1, 1, 1, 0.962168, 1, 591, 0, 0, 1, 0, 0
589, 1000, 780, 12356340, 15, 591, 592, 590, 249, 593, 1, 1, 1, 1, 0.96639, 591, 0, 0, 1, 0, 0
590, 1000, 800, 12356340, 15, 591, 592, 10000000, 10000000, 10000000, 1, 1, 0, 0, 0, 591, 0, 0, 1, 1, 1
592, 1000, 840, 12356340, 15, 591, 590, 10000000, 10000000, 10000000, 1, 1, 0, 0, 0, 591, 0, 1, 1, 1, 1
593, 1000, 860, 12356340, 15, 591, 592, 590, 249, 589, 1, 1, 1, 0.962131, 1, 591, 0, 0, 1, 0, 0
581, 1000, 620, 12359337, 13, 587, 586, 585, 584, 588, 1, 1, 1, 1, 0.75006, 591, 0, 0, 0, 0, 0
582, 1000, 640, 12359337, 13, 592, 588, 587, 586, 585, 1, 1, 1, 1, 1, 591, 0, 0, 0, 0, 0
583, 1000, 660, 12359337, 13, 589, 588, 587, 586, 590, 0.961274, 1, 1, 1, 0.751942, 591, 0, 0, 0, 0, 1
584, 1000, 680, 12359337, 13, 590, 589, 593, 588, 591, 0.966783, 1, 0.955007, 1, 0.857966, 591, 1, 0, 0, 0, 0
588, 1000, 760, 12359647, 14, 591, 592, 590, 589, 593, 1, 1, 1, 1, 0.966047, 591, 0, 0, 1, 0, 0
589, 1000, 780, 12359648, 14, 591, 592, 590, 249, 593, 1, 1, 1, 1, 0.966046, 591, 0, 0, 1, 0, 0
590, 1000, 800, 12359648, 14, 591, 592, 10000000, 10000000, 10000000, 1, 1, 0, 0, 0, 591, 0, 0, 1, 1, 1
592, 1000, 840, 12360010, 15, 591, 590, 10000000, 10000000, 10000000, 1, 1, 0, 0, 0, 591, 0, 1, 1, 1, 1
590, 1000, 800, 12364210, 16, 591, 592, 10000000, 10000000, 10000000, 1, 1, 0, 0, 0, 591, 0, 0, 1, 1, 1
592, 1000, 840, 12368410, 17, 591, 590, 10000000, 10000000, 10000000, 1, 1, 0, 0, 0, 591, 0, 1, 1, 1, 1
590, 1000, 800, 12372610, 18, 591, 592, 10000000, 10000000, 10000000, 1, 1, 0, 0, 0, 591, 0, 0, 1, 1, 1
592, 1000, 840, 12376810, 19, 591, 590, 10000000, 10000000, 10000000, 1, 1, 0, 0, 0, 591, 0, 1, 1, 1, 1
590, 1000, 800, 12381010, 20, 591, 592, 10000000, 10000000, 10000000, 1, 1, 0, 0, 0, 591, 0, 0, 1, 1, 1
592, 1000, 840, 12385211, 21, 591, 590, 10000000, 10000000, 10000000, 1, 1, 0, 0, 0, 591, 0, 1, 1, 1, 1
365, 200, 300, 13299999, 1, 373, 371, 370, 110, 369, 0.963012, 1, 1, 1, 1, 546, 0, 0, 1, 1, 0
369, 200, 380, 13300200, 2, 377, 375, 376, 374, 373, 1, 1, 0.952987, 0.970686, 1, 546, 0, 0, 0, 0, 0
370, 200, 400, 13300200, 2, 420, 160, 380, 116, 115, 1, 0.551711, 0.323261, 1, 1, 546, 1, 1, 1, 0, 0
371, 200, 420, 13300200, 2, 380, 160, 377, 375, 374, 0.754277, 0.646842, 0.969042, 1, 1, 546, 1, 1, 0, 0, 0
373, 200, 460, 13300200, 2, 160, 382, 379, 380, 378, 1, 0.92034, 1, 0.86203, 1, 546, 1, 0, 0, 1, 0
378, 200, 560, 13300484, 3, 380, 160, 385, 383, 382, 1, 1, 0.969211, 1, 1, 546, 1, 1, 0, 0, 0
379, 200, 580, 13300484, 3, 386, 385, 384, 383, 387, 0.967931, 1, 1, 1, 0.84741, 546, 0, 0, 0, 0, 0
380, 200, 600, 13300484, 3, 166, 165, 164, 171, 163, 0.970329, 1, 1, 0.769895, 1, 546, 0, 0, 0, 0, 0
383, 200, 660, 13308685, 4, 390, 210, 388, 387, 386, 0.972008, 0.953134, 0.966909, 1, 1, 546, 1, 1, 0, 0, 0
384, 200, 680, 13308685, 4, 210, 390, 389, 388, 387, 1, 0.756006, 0.967474, 1, 1, 546, 1, 1, 0, 0, 0
385, 200, 700, 13308685, 4, 390, 210, 435, 393, 389, 0.972008, 0.971445, 0.700527, 1, 0.967474, 546, 1, 1, 0, 0, 0
386, 200, 720, 13308685, 4, 393, 391, 392, 390, 210, 0.96915, 1, 0.967999, 1, 1, 546, 0, 0, 0, 1, 1
387, 200, 740, 13308685, 4, 393, 394, 392, 391, 390, 1, 0.970107, 1, 1, 1, 546, 0, 0, 0, 0, 1
210, 200, 800, 13308943, 5, 214, 217, 213, 215, 212, 1, 0.859501, 1, 0.861423, 1, 546, 0, 0, 0, 0, 0
390, 200, 800, 13308943, 5, 216, 215, 214, 213, 212, 0.970639, 0.969101, 1, 1, 1, 546, 0, 0, 0, 0, 0
392, 200, 840, 13308943, 5, 260, 397, 396, 395, 394, 0.64757, 1, 1, 1, 1, 546, 1, 0, 0, 0, 0
394, 200, 880, 13317143, 6, 397, 396, 395, 398, 10000000, 1, 1, 1, 1, 0, 546, 0, 0, 0, 0, 1
395, 200, 900, 13317143, 6, 445, 397, 396, 10000000, 10000000, 0.93147, 1, 1, 0, 0, 546, 0, 0, 0, 1, 1
396, 200, 920, 13317144, 6, 397, 395, 10000000, 10000000, 10000000, 1, 1, 0, 0, 0, 546, 0, 0, 1, 1, 1
397, 200, 940, 13317144, 6, 396, 395, 10000000, 10000000, 10000000, 1, 1, 0, 0, 0, 546, 0, 0, 1, 1, 1
396, 200, 920, 13321344, 7, 397, 395, 10000000, 10000000, 10000000, 1, 1, 0, 0, 0, 546, 0, 0, 1, 1, 1
395, 200, 900, 13321344, 7, 445, 397, 396, 10000000, 10000000, 0.93056, 1, 1, 0, 0, 546, 0, 0, 0, 1, 1
395, 200, 900, 13321667, 8, 445, 397, 396, 10000000, 10000000, 0.93049, 1, 1, 0, 0, 546, 0, 0, 0, 1, 1
397, 200, 940, 13321667, 8, 396, 395, 10000000, 10000000, 10000000, 1, 1, 0, 0, 0, 546, 0, 0, 1, 1, 1
396, 200, 920, 13321951, 9, 397, 395, 10000000, 10000000, 10000000, 1, 1, 0, 0, 0, 546, 0, 0, 1, 1, 1
395, 200, 900, 13321951, 9, 445, 397, 396, 10000000, 10000000, 0.930428, 1, 1, 0, 0, 546, 0, 0, 0, 1, 1
395, 200, 900, 13322365, 10, 445, 397, 396, 10000000, 10000000, 0.930339, 1, 1, 0, 0, 546, 0, 0, 0, 1, 1
397, 200, 940, 13322365, 10, 396, 395, 10000000, 10000000, 10000000, 1, 1, 0, 0, 0, 546, 0, 0, 1, 1, 1
396, 200, 920, 13322623, 11, 397, 395, 10000000, 10000000, 10000000, 1, 1, 0, 0, 0, 546, 0, 0, 1, 1, 1
395, 200, 900, 13322623, 11, 445, 397, 396, 10000000, 10000000, 0.930283, 1, 1, 0, 0, 546, 0, 0, 0, 1, 1
395, 200, 900, 13323037, 12, 445, 397, 396, 10000000, 10000000, 0.930193, 1, 1, 0, 0, 546, 0, 0, 0, 1, 1
397, 200, 940, 13323037, 12, 396, 395, 10000000, 10000000, 10000000, 1, 1, 0, 0, 0, 546, 0, 0, 1, 1, 1
396, 200, 920, 13323451, 13, 397, 395, 10000000, 10000000, 10000000, 1, 1, 0, 0, 0, 546, 0, 0, 1, 1, 1
395, 200, 900, 13323451, 13, 445, 397, 396, 10000000, 10000000, 0.930104, 1, 1, 0, 0, 546, 0, 0, 0, 1, 1
395, 200, 900, 13323787, 14, 445, 397, 396, 10000000, 10000000, 0.930031, 1, 1, 0, 0, 546, 0, 0, 0, 1, 1
397, 200, 940, 13323787, 14, 396, 395, 10000000, 10000000, 10000000, 1, 1, 0, 0, 0, 546, 0, 0, 1, 1, 1
396, 200, 920, 13324097, 15, 397, 395, 10000000, 10000000, 10000000, 1, 1, 0, 0, 0, 546, 0, 0, 1, 1, 1
395, 200, 900, 13324097, 15, 445, 397, 396, 10000000, 10000000, 0.929964, 1, 1, 0, 0, 546, 0, 0, 0, 1, 1
395, 200, 900, 13324459, 16, 445, 397, 396, 10000000, 10000000, 0.929886, 1, 1, 0, 0, 546, 0, 0, 0, 1, 1
397, 200, 940, 13324459, 16, 396, 395, 10000000, 10000000, 10000000, 1, 1, 0, 0, 0, 546, 0, 0, 1, 1, 1
396, 200, 920, 13324795, 17, 397, 395, 10000000, 10000000, 10000000, 1, 1, 0, 0, 0, 546, 0, 0, 1, 1, 1
395, 200, 900, 13324795, 17, 445, 397, 396, 10000000, 10000000, 0.929813, 1, 1, 0, 0, 546, 0, 0, 0, 1, 1
395, 200, 900, 13325196, 18, 445, 397, 396, 10000000, 10000000, 0.929727, 1, 1, 0, 0, 546, 0, 0, 0, 1, 1
397, 200, 940, 13325196, 18, 396, 395, 10000000, 10000000, 10000000, 1, 1, 0, 0, 0, 546, 0, 0, 1, 1, 1
396, 200, 920, 13325506, 19, 397, 395, 10000000, 10000000, 10000000, 1, 1, 0, 0, 0, 546, 0, 0, 1, 1, 1
395, 200, 900, 13325507, 19, 445, 397, 396, 10000000, 10000000, 0.929659, 1, 1, 0, 0, 546, 0, 0, 0, 1, 1
395, 200, 900, 13325830, 20, 445, 397, 396, 10000000, 10000000, 0.92959, 1, 1, 0, 0, 546, 0, 0, 0, 1, 1
397, 200, 940, 13325830, 20, 396, 395, 10000000, 10000000, 10000000, 1, 1, 0, 0, 0, 546, 0, 0, 1, 1, 1
396, 200, 920, 13326088, 21, 397, 395, 10000000, 10000000, 10000000, 1, 1, 0, 0, 0, 546, 0, 0, 1, 1, 1
395, 200, 900, 13326088, 21, 445, 397, 396, 10000000, 10000000, 0.929534, 1, 1, 0, 0, 546, 0, 0, 0, 1, 1
59, 180, 200, 14299999, 1, 68, 65, 64, 364, 63, 1, 0.968608, 1, 1, 1, 596, 0, 0, 0, 0, 0
63, 260, 200, 14300200, 2, 410, 69, 68, 67, 70, 0.964408, 0.972378, 1, 1, 0.84604, 596, 1, 0, 0, 0, 1
364, 200, 280, 14300200, 2, 110, 370, 372, 371, 369, 1, 0.970208, 0.955903, 0.970902, 1, 596, 1, 1, 0, 0, 0
64, 280, 200, 14300200, 2, 71, 410, 70, 69, 68, 1, 1, 1, 1, 1, 596, 0, 1, 1, 0, 0
65, 300, 200, 14300200, 2, 77, 74, 72, 73, 71, 1, 1, 1, 0.959341, 0.970243, 596, 0, 0, 0, 0, 0
68, 360, 200, 14300200, 2, 78, 75, 412, 72, 411, 1, 1, 1, 1, 1, 596, 0, 0, 0, 0, 0
411, 400, 220, 14300536, 3, 120, 417, 416, 415, 419, 1, 1, 0.971396, 1, 0.844083, 596, 1, 0, 0, 0, 0
412, 400, 240, 14300536, 3, 423, 420, 419, 417, 416, 1, 0.963785, 0.964666, 1, 1, 596, 0, 1, 0, 0, 0
72, 440, 200, 14300536, 3, 122, 79, 78, 77, 76, 0.916978, 0.968588, 1, 1, 1, 596, 0, 0, 0, 0, 0
75, 500, 200, 14300537, 3, 460, 80, 83, 82, 81, 1, 1, 0.95197, 0.969986, 1, 596, 1, 1, 0, 0, 0
81, 620, 200, 14304737, 4, 510, 90, 88, 87, 86, 0.796943, 0.648314, 0.972051, 0.965074, 1, 596, 1, 1, 0, 0, 0
82, 640, 200, 14304737, 4, 90, 510, 88, 87, 86, 0.864419, 0.430474, 1, 1, 1, 596, 1, 1, 0, 0, 0
416, 400, 320, 14308737, 4, 124, 423, 422, 421, 420, 1, 1, 1, 1, 1, 596, 0, 0, 0, 0, 1
417, 400, 340, 14308737, 4, 424, 425, 423, 422, 421, 1, 0.963312, 1, 1, 1, 596, 0, 0, 0, 0, 0
419, 400, 380, 14308737, 4, 427, 428, 424, 423, 426, 1, 0.910947, 1, 1, 0.859475, 596, 0, 0, 0, 0, 0
369, 200, 380, 14312400, 3, 377, 375, 376, 374, 373, 1, 1, 0.957829, 0.968409, 1, 596, 0, 0, 0, 0, 0
110, 200, 400, 14312400, 3, 382, 117, 116, 115, 160, 1, 0.970227, 0.965351, 1, 0.433196, 596, 0, 0, 0, 0, 1
370, 200, 400, 14312400, 3, 380, 160, 120, 116, 119, 0.565337, 0.484122, 1, 1, 0.877499, 596, 1, 1, 1, 0, 0
371, 200, 420, 14312400, 3, 160, 380, 375, 377, 374, 1, 0.752093, 1, 0.859769, 1, 596, 1, 1, 0, 0, 0
115, 300, 400, 14312815, 4, 122, 120, 420, 119, 121, 1, 1, 0.969241, 1, 0.84599, 596, 0, 1, 1, 0, 0
116, 320, 400, 14312815, 4, 123, 122, 121, 421, 420, 0.966896, 1, 1, 1, 1, 596, 0, 0, 0, 0, 1
117, 340, 400, 14312815, 4, 122, 125, 121, 421, 124, 1, 0.862204, 1, 1, 0.860516, 596, 0, 0, 0, 0, 0
423, 400, 460, 14316937, 5, 170, 431, 429, 428, 427, 1, 0.970379, 1, 1, 1, 596, 1, 0, 0, 0, 0
424, 400, 480, 14316937, 5, 433, 430, 170, 429, 428, 1, 1, 0.969402, 1, 1, 596, 0, 1, 1, 0, 0
426, 400, 520, 14316937, 5, 433, 432, 431, 430, 170, 1, 0.969817, 1, 1, 1, 596, 0, 0, 0, 1, 1
427, 400, 540, 14316937, 5, 435, 433, 432, 431, 430, 0.968629, 1, 1, 1, 1, 596, 0, 0, 0, 0, 1
86, 720, 200, 14316937, 5, 511, 92, 91, 510, 90, 1, 1, 1, 1, 1, 596, 0, 0, 0, 1, 1
428, 400, 560, 14316937, 5, 430, 170, 220, 434, 433, 1, 1, 0.232894, 1, 1, 596, 1, 1, 1, 0, 0
87, 740, 200, 14316937, 5, 511, 96, 95, 93, 92, 1, 0.954546, 0.962498, 1, 1, 596, 0, 0, 0, 0, 0
510, 800, 200, 14316938, 5, 516, 515, 518, 514, 517, 1, 1, 0.842618, 1, 0.843402, 596, 0, 0, 0, 0, 0
122, 440, 400, 14317015, 5, 129, 128, 127, 126, 125, 0.968008, 0.970015, 1, 1, 1, 596, 0, 0, 0, 0, 0
124, 480, 400, 14317015, 5, 134, 131, 130, 129, 128, 1, 0.967539, 1, 1, 1, 596, 0, 0, 1, 0, 0
125, 500, 400, 14317015, 5, 131, 470, 130, 129, 133, 1, 1, 1, 1, 0.822507, 596, 0, 1, 1, 0, 0
430, 400, 600, 14317377, 6, 176, 220, 174, 175, 173, 0.959794, 1, 0.967533, 0.859581, 0.968663, 596, 0, 1, 0, 0, 0
431, 400, 620, 14317378, 6, 437, 436, 435, 434, 172, 1, 1, 0.968583, 1, 0.968417, 596, 0, 0, 0, 0, 0
432, 400, 640, 14317378, 6, 440, 220, 437, 436, 435, 0.644299, 0.538857, 0.966324, 1, 0.968583, 596, 1, 1, 0, 0, 0
433, 400, 660, 14317378, 6, 440, 220, 439, 438, 437, 0.859065, 0.7544, 0.965974, 0.964078, 1, 596, 1, 1, 0, 0, 0
435, 400, 700, 14317378, 6, 485, 441, 440, 220, 439, 1, 1, 1, 0.969943, 1, 596, 0, 0, 1, 1, 0
125, 500, 400, 14317390, 6, 131, 470, 130, 129, 133, 1, 1, 1, 1, 0.822465, 596, 0, 1, 1, 0, 0
126, 520, 400, 14317390, 6, 132, 471, 131, 134, 470, 1, 1, 0.9675, 0.861656, 1, 596, 0, 0, 0, 0, 1
127, 540, 400, 14317390, 6, 134, 133, 132, 471, 131, 0.969363, 1, 1, 1, 1, 596, 0, 0, 0, 0, 0
128, 560, 400, 14317390, 6, 134, 133, 472, 132, 471, 1, 1, 1, 1, 1, 596, 0, 0, 0, 0, 0
129, 580, 400, 14317390, 6, 136, 474, 135, 473, 134, 1, 1, 1, 1, 1, 596, 0, 0, 0, 0, 0
439, 400, 780, 14317675, 7, 221, 445, 444, 449, 443, 1, 1, 1, 1, 1, 596, 0, 0, 0, 0, 0
220, 400, 800, 14317675, 7, 226, 227, 225, 228, 224, 1, 0.962112, 1, 0.861063, 1, 596, 0, 0, 0, 0, 0
440, 400, 800, 14317675, 7, 227, 228, 226, 225, 224, 1, 0.957082, 1, 1, 1, 596, 0, 0, 0, 0, 0
441, 400, 820, 14317675, 7, 221, 222, 447, 446, 445, 1, 0.753043, 1, 1, 1, 596, 0, 0, 0, 0, 0
473, 600, 460, 14317727, 7, 480, 479, 180, 478, 477, 1, 1, 0.964758, 1, 1, 596, 1, 0, 1, 0, 0
474, 600, 480, 14317727, 7, 480, 180, 479, 478, 482, 1, 1, 1, 1, 0.823765, 596, 1, 1, 0, 0, 0
134, 680, 400, 14317727, 7, 141, 140, 139, 138, 142, 1, 0.969535, 1, 1, 0.861465, 596, 0, 1, 0, 0, 0
135, 700, 400, 14317727, 7, 185, 146, 141, 520, 139, 1, 1, 1, 0.968652, 1, 596, 0, 0, 0, 1, 0
136, 720, 400, 14317727, 7, 521, 142, 141, 520, 140, 1, 1, 1, 1, 0.969535, 596, 0, 0, 0, 1, 1
140, 800, 400, 14318128, 8, 528, 525, 524, 526, 523, 1, 1, 1, 0.860543, 1, 596, 0, 0, 0, 0, 0
520, 800, 400, 14318128, 8, 527, 526, 525, 524, 523, 1, 1, 1, 1, 1, 596, 0, 0, 0, 0, 0
521, 800, 420, 14318128, 8, 190, 528, 527, 526, 525, 1, 1, 1, 1, 1, 596, 1, 0, 0, 0, 0
141, 820, 400, 14318128, 8, 148, 146, 147, 145, 144, 1, 1, 0.966438, 1, 1, 596, 0, 0, 0, 0, 0
525, 800, 500, 14318412, 9, 532, 531, 530, 190, 529, 1, 1, 1, 1, 1, 596, 0, 0, 1, 1, 0
526, 800, 520, 14318413, 9, 532, 531, 534, 530, 190, 1, 0.967572, 0.858942, 1, 0.966788, 596, 0, 0, 0, 1, 1
527, 800, 540, 14318413, 9, 534, 533, 532, 531, 530, 1, 1, 1, 1, 1, 596, 0, 0, 0, 0, 1
528, 800, 560, 14318413, 9, 534, 533, 537, 532, 535, 1, 1, 0.844741, 1, 0.860795, 596, 0, 0, 0, 0, 0
190, 800, 600, 14318413, 9, 536, 534, 198, 533, 538, 1, 1, 1, 1, 0.791773, 596, 0, 0, 0, 0, 0
533, 800, 660, 14318840, 10, 542, 540, 538, 537, 539, 0.966442, 1, 1, 1, 0.862638, 596, 0, 1, 0, 0, 0
534, 800, 680, 14318840, 10, 541, 540, 240, 539, 538, 0.970291, 0.967873, 0.966232, 1, 1, 596, 0, 1, 1, 0, 0
536, 800, 720, 14318840, 10, 543, 542, 541, 540, 240, 1, 1, 1, 1, 1, 596, 0, 0, 0, 1, 1
240, 800, 800, 14319111, 11, 247, 245, 244, 243, 246, 0.933751, 0.966828, 0.969538, 1, 0.860627, 596, 0, 0, 0, 0, 0
540, 800, 800, 14319111, 11, 246, 245, 244, 243, 545, 0.968205, 1, 0.969538, 0.966864, 1, 596, 0, 0, 0, 0, 0
541, 800, 820, 14319112, 11, 546, 545, 242, 544, 548, 0.970754, 0.967467, 0.967214, 1, 0.968727, 596, 0, 0, 0, 0, 0
543, 800, 860, 14319112, 11, 545, 546, 547, 544, 548, 1, 0.970754, 0.965804, 1, 0.968727, 596, 0, 0, 0, 0, 0
544, 800, 880, 14319539, 12, 545, 546, 547, 548, 10000000, 1, 0.970709, 0.965759, 0.968682, 0, 596, 0, 0, 0, 0, 1
545, 800, 900, 14319539, 12, 595, 547, 546, 10000000, 10000000, 0.316976, 1, 1, 0, 0, 596, 0, 0, 0, 1, 1
546, 800, 920, 14319539, 12, 547, 545, 10000000, 10000000, 10000000, 1, 1, 0, 0, 0, 596, 0, 0, 1, 1, 1
547, 800, 940, 14319539, 12, 546, 545, 10000000, 10000000, 10000000, 1, 1, 0, 0, 0, 596, 0, 0, 1, 1, 1
548, 800, 960, 14319539, 12, 547, 546, 545, 598, 544, 1, 1, 1, 0.361282, 1, 596, 0, 0, 0, 0, 0
546, 800, 920, 14319940, 13, 547, 545, 10000000, 10000000, 10000000, 1, 1, 0, 0, 0, 596, 0, 0, 1, 1, 1
547, 800, 940, 14319940, 13, 546, 545, 10000000, 10000000, 10000000, 1, 1, 0, 0, 0, 596, 0, 0, 1, 1, 1
514, 800, 280, 14321138, 6, 522, 521, 140, 520, 519, 0.963258, 0.963483, 1, 0.968297, 1, 596, 0, 0, 1, 1, 0
515, 800, 300, 14321138, 6, 522, 521, 520, 140, 519, 1, 1, 1, 1, 1, 596, 0, 0, 1, 1, 0
516, 800, 320, 14321138, 6, 523, 522, 521, 520, 140, 0.966091, 1, 1, 1, 1, 596, 0, 0, 0, 1, 1
517, 800, 340, 14321138, 6, 524, 522, 521, 523, 520, 1, 1, 0.970382, 0.858747, 1, 596, 0, 0, 0, 0, 1
518, 800, 360, 14321138, 6, 524, 523, 526, 522, 525, 1, 1, 0.860264, 1, 0.862375, 596, 0, 0, 0, 0, 0
140, 800, 400, 14321565, 7, 528, 525, 524, 526, 523, 1, 1, 1, 0.860225, 1, 596, 0, 0, 0, 0, 0
520, 800, 400, 14321565, 7, 527, 526, 525, 524, 523, 1, 1, 1, 1, 1, 596, 0, 0, 0, 0, 0
521, 800, 420, 14321565, 7, 190, 528, 527, 526, 525, 1, 1, 1, 1, 1, 596, 1, 0, 0, 0, 0
522, 800, 440, 14321565, 7, 190, 530, 529, 528, 527, 1, 0.969979, 0.965413, 0.962881, 1, 596, 1, 1, 0, 0, 0
523, 800, 460, 14321565, 7, 190, 531, 530, 529, 528, 1, 0.963143, 0.969979, 0.969091, 1, 596, 1, 0, 1, 0, 0
221, 420, 800, 14321875, 8, 229, 227, 226, 225, 224, 1, 1, 1, 1, 1, 596, 0, 0, 0, 0, 0
222, 440, 800, 14321875, 8, 232, 230, 228, 227, 226, 1, 0.967489, 1, 1, 1, 596, 0, 1, 0, 0, 0
445, 400, 900, 14321875, 8, 495, 447, 446, 10000000, 10000000, 0.567958, 1, 1, 0, 0, 596, 0, 0, 0, 1, 1
446, 400, 920, 14321876, 8, 447, 445, 10000000, 10000000, 10000000, 1, 1, 0, 0, 0, 596, 0, 0, 1, 1, 1
447, 400, 940, 14321876, 8, 446, 445, 10000000, 10000000, 10000000, 1, 1, 0, 0, 0, 596, 0, 0, 1, 1, 1
478, 600, 560, 14321927, 8, 487, 484, 480, 180, 483, 0.96664, 1, 1, 1, 0.968492, 596, 0, 0, 1, 1, 0
479, 600, 580, 14321927, 8, 486, 484, 489, 483, 488, 0.968187, 1, 0.869816, 1, 0.79107, 596, 0, 0, 0, 0, 0
180, 600, 600, 14321927, 8, 186, 185, 184, 486, 189, 1, 1, 1, 0.962132, 0.79182, 596, 0, 0, 0, 0, 0
480, 600, 600, 14321927, 8, 187, 186, 486, 184, 484, 0.965789, 1, 1, 1, 1, 596, 0, 0, 0, 0, 0
528, 800, 560, 14322006, 8, 534, 533, 537, 532, 535, 1, 1, 0.844375, 1, 0.860463, 596, 0, 0, 0, 0, 0
529, 800, 580, 14322006, 8, 538, 537, 536, 535, 534, 1, 0.958533, 0.968518, 1, 1, 596, 0, 0, 0, 0, 0
190, 800, 600, 14322006, 8, 536, 534, 198, 533, 538, 1, 1, 1, 1, 0.791323, 596, 0, 0, 0, 0, 0
530, 800, 600, 14322006, 8, 538, 536, 535, 534, 580, 1, 1, 0.96802, 1, 0.32326, 596, 0, 0, 0, 0, 1
184, 680, 600, 14322289, 9, 191, 530, 189, 192, 188, 1, 0.969903, 1, 0.86248, 1, 596, 0, 1, 0, 0, 0
484, 600, 680, 14322289, 9, 230, 490, 489, 488, 491, 0.967446, 0.862494, 1, 1, 0.858452, 596, 1, 1, 0, 0, 0
486, 600, 720, 14322290, 9, 493, 492, 491, 490, 230, 1, 1, 1, 1, 1, 596, 0, 0, 0, 1, 1
224, 480, 800, 14322303, 9, 231, 230, 229, 228, 227, 0.966566, 0.967445, 1, 1, 1, 596, 0, 1, 0, 0, 0
225, 500, 800, 14322303, 9, 233, 234, 232, 231, 230, 0.969503, 0.925855, 0.963268, 0.966566, 1, 596, 0, 0, 0, 0, 1
226, 520, 800, 14322303, 9, 233, 232, 231, 491, 494, 1, 1, 1, 1, 0.963311, 596, 0, 0, 0, 0, 0
227, 540, 800, 14322303, 9, 238, 233, 232, 231, 491, 1, 1, 1, 1, 1, 596, 0, 0, 0, 0, 0
229, 580, 800, 14322303, 9, 235, 234, 233, 236, 232, 0.967539, 1, 1, 0.845471, 1, 596, 0, 0, 0, 0, 0
533, 800, 660, 14322368, 9, 542, 540, 538, 537, 539, 0.966076, 1, 1, 1, 0.86231, 596, 0, 1, 0, 0, 0
534, 800, 680, 14322368, 9, 541, 540, 240, 539, 538, 0.969922, 0.967506, 0.965866, 1, 1, 596, 0, 1, 1, 0, 0
536, 800, 720, 14322368, 9, 543, 542, 541, 540, 240, 1, 1, 1, 1, 1, 596, 0, 0, 0, 1, 1
198, 960, 600, 14322368, 9, 580, 582, 581, 248, 199, 1, 1, 1, 0.432572, 1, 596, 1, 0, 0, 0, 0
538, 800, 760, 14322368, 9, 540, 240, 548, 545, 543, 1, 1, 1, 0.967128, 1, 596, 1, 1, 0, 0, 0
240, 800, 800, 14322627, 10, 247, 245, 244, 243, 246, 0.932985, 0.966463, 0.969171, 1, 0.860301, 596, 0, 0, 0, 0, 0
540, 800, 800, 14322627, 10, 246, 245, 244, 243, 545, 0.967839, 1, 0.969171, 0.966498, 1, 596, 0, 0, 0, 0, 0
541, 800, 820, 14322627, 10, 546, 545, 242, 544, 548, 0.970386, 0.967102, 0.966849, 1, 0.96836, 596, 0, 0, 0, 0, 0
542, 800, 840, 14322627, 10, 290, 545, 546, 547, 544, 1, 1, 0.970386, 0.96544, 1, 596, 1, 0, 0, 0, 0
543, 800, 860, 14322627, 10, 545, 546, 547, 544, 548, 1, 0.970386, 0.96544, 1, 0.96836, 596, 0, 0, 0, 0, 0
232, 640, 800, 14322691, 10, 240, 239, 238, 237, 236, 0.964664, 0.970509, 0.966569, 1, 1, 596, 1, 0, 0, 0, 0
234, 680, 800, 14322691, 10, 243, 241, 540, 240, 239, 1, 0.967783, 1, 0.965832, 0.963561, 596, 0, 0, 1, 1, 0
235, 700, 800, 14322691, 10, 246, 241, 540, 240, 239, 1, 1, 1, 1, 1, 596, 0, 0, 1, 1, 0
236, 720, 800, 14322691, 10, 242, 243, 241, 540, 240, 1, 0.961879, 1, 1, 1, 596, 0, 0, 0, 1, 1
544, 800, 880, 14323054, 11, 545, 546, 547, 548, 10000000, 1, 0.970342, 0.965395, 0.968316, 0, 596, 0, 0, 0, 0, 1
545, 800, 900, 14323054, 11, 595, 547, 546, 10000000, 10000000, 0.3168, 1, 1, 0, 0, 596, 0, 0, 0, 1, 1
546, 800, 920, 14323054, 11, 547, 545, 10000000, 10000000, 10000000, 1, 1, 0, 0, 0, 596, 0, 0, 1, 1, 1
547, 800, 940, 14323054, 11, 546, 545, 10000000, 10000000, 10000000, 1, 1, 0, 0, 0, 596, 0, 0, 1, 1, 1
548, 800, 960, 14323054, 11, 547, 546, 545, 598, 544, 1, 1, 1, 0.36113, 1, 596, 0, 0, 0, 0, 0
546, 800, 920, 14323325, 12, 547, 545, 10000000, 10000000, 10000000, 1, 1, 0, 0, 0, 596, 0, 0, 1, 1, 1
547, 800, 940, 14323325, 12, 546, 545, 10000000, 10000000, 10000000, 1, 1, 0, 0, 0, 596, 0, 0, 1, 1, 1
545, 800, 900, 14323739, 13, 595, 547, 546, 10000000, 10000000, 0.316765, 1, 1, 0, 0, 596, 0, 0, 0, 1, 1
547, 800, 940, 14323739, 13, 546, 545, 10000000, 10000000, 10000000, 1, 1, 0, 0, 0, 596, 0, 0, 1, 1, 1
546, 800, 920, 14324088, 14, 547, 545, 10000000, 10000000, 10000000, 1, 1, 0, 0, 0, 596, 0, 0, 1, 1, 1
545, 800, 900, 14324088, 14, 595, 547, 546, 10000000, 10000000, 0.316748, 1, 1, 0, 0, 596, 0, 0, 0, 1, 1
545, 800, 900, 14324359, 15, 595, 547, 546, 10000000, 10000000, 0.316734, 1, 1, 0, 0, 596, 0, 0, 0, 1, 1
547, 800, 940, 14324359, 15, 546, 545, 10000000, 10000000, 10000000, 1, 1, 0, 0, 0, 596, 0, 0, 1, 1, 1
546, 800, 920, 14324695, 16, 547, 545, 10000000, 10000000, 10000000, 1, 1, 0, 0, 0, 596, 0, 0, 1, 1, 1
545, 800, 900, 14324695, 16, 595, 547, 546, 10000000, 10000000, 0.316717, 1, 1, 0, 0, 596, 0, 0, 0, 1, 1
545, 800, 900, 14325070, 17, 595, 547, 546, 10000000, 10000000, 0.316699, 1, 1, 0, 0, 596, 0, 0, 0, 1, 1
547, 800, 940, 14325070, 17, 546, 545, 10000000, 10000000, 10000000, 1, 1, 0, 0, 0, 596, 0, 0, 1, 1, 1
546, 800, 920, 14325458, 18, 547, 545, 10000000, 10000000, 10000000, 1, 1, 0, 0, 0, 596, 0, 0, 1, 1, 1
545, 800, 900, 14325458, 18, 595, 547, 546, 10000000, 10000000, 0.316679, 1, 1, 0, 0, 596, 0, 0, 0, 1, 1
545, 800, 900, 14325859, 19, 595, 547, 546, 10000000, 10000000, 0.316659, 1, 1, 0, 0, 596, 0, 0, 0, 1, 1
547, 800, 940, 14325859, 19, 546, 545, 10000000, 10000000, 10000000, 1, 1, 0, 0, 0, 596, 0, 0, 1, 1, 1
546, 800, 920, 14326260, 20, 547, 545, 10000000, 10000000, 10000000, 1, 1, 0, 0, 0, 596, 0, 0, 1, 1, 1
545, 800, 900, 14326260, 20, 595, 547, 546, 10000000, 10000000, 0.316639, 1, 1, 0, 0, 596, 0, 0, 0, 1, 1
545, 800, 900, 14326687, 21, 595, 547, 546, 10000000, 10000000, 0.316618, 1, 1, 0, 0, 596, 0, 0, 0, 1, 1
547, 800, 940, 14326687, 21, 546, 545, 10000000, 10000000, 10000000, 1, 1, 0, 0, 0, 596, 0, 0, 1, 1, 1
446, 400, 920, 14330076, 9, 447, 445, 10000000, 10000000, 10000000, 1, 1, 0, 0, 0, 596, 0, 0, 1, 1, 1
445, 400, 900, 14330076, 9, 495, 447, 446, 10000000, 10000000, 0.567078, 1, 1, 0, 0, 596, 0, 0, 0, 1, 1
445, 400, 900, 14330490, 10, 495, 447, 446, 10000000, 10000000, 0.567033, 1, 1, 0, 0, 596, 0, 0, 0, 1, 1
447, 400, 940, 14330490, 10, 446, 445, 10000000, 10000000, 10000000, 1, 1, 0, 0, 0, 596, 0, 0, 1, 1, 1
230, 600, 800, 14330490, 10, 280, 238, 237, 240, 235, 1, 1, 0.961553, 0.876496, 1, 596, 1, 0, 0, 1, 0
490, 600, 800, 14330490, 10, 238, 236, 237, 235, 239, 1, 1, 0.951518, 1, 0.864121, 596, 0, 0, 0, 0, 0
491, 600, 820, 14330490, 10, 231, 497, 496, 495, 494, 1, 1, 1, 1, 1, 596, 0, 0, 0, 0, 0
492, 600, 840, 14330490, 10, 280, 497, 496, 495, 498, 0.957057, 1, 1, 1, 1, 596, 1, 0, 0, 0, 0
199, 980, 600, 14330568, 10, 584, 583, 582, 581, 580, 1, 1, 1, 1, 1, 596, 0, 0, 0, 0, 1
580, 1000, 600, 14330569, 10, 585, 584, 583, 589, 588, 1, 1, 1, 0.75421, 0.750393, 596, 0, 0, 0, 0, 0
581, 1000, 620, 14330569, 10, 591, 587, 585, 588, 584, 0.909154, 0.967943, 1, 0.857592, 1, 596, 0, 0, 0, 0, 0
582, 1000, 640, 14330569, 10, 588, 587, 586, 590, 585, 1, 1, 1, 0.820259, 1, 596, 0, 0, 0, 1, 0
248, 960, 800, 14330569, 10, 592, 591, 590, 249, 298, 1, 1, 1, 1, 0.232725, 596, 0, 0, 1, 0, 0
446, 400, 920, 14330787, 11, 447, 445, 10000000, 10000000, 10000000, 1, 1, 0, 0, 0, 596, 0, 0, 1, 1, 1
445, 400, 900, 14330787, 11, 495, 447, 446, 10000000, 10000000, 0.567001, 1, 1, 0, 0, 596, 0, 0, 0, 1, 1
583, 1000, 660, 14330905, 11, 589, 588, 587, 590, 586, 0.969664, 1, 1, 0.841266, 1, 596, 0, 0, 0, 1, 0
584, 1000, 680, 14330905, 11, 594, 592, 591, 590, 589, 1, 1, 1, 1, 1, 596, 0, 0, 0, 1, 0
585, 1000, 700, 14330905, 11, 595, 591, 590, 589, 592, 1, 1, 1, 1, 0.861284, 596, 0, 0, 1, 0, 0
588, 1000, 760, 14330905, 11, 595, 594, 593, 592, 596, 0.96484, 1, 1, 1, 0.840333, 596, 0, 0, 0, 0, 0
589, 1000, 780, 14330905, 11, 595, 594, 597, 593, 596, 1, 1, 0.954968, 1, 0.857906, 596, 0, 0, 0, 0, 0
445, 400, 900, 14331097, 12, 495, 447, 446, 10000000, 10000000, 0.566968, 1, 1, 0, 0, 596, 0, 0, 0, 1, 1
447, 400, 940, 14331097, 12, 446, 445, 10000000, 10000000, 10000000, 1, 1, 0, 0, 0, 596, 0, 0, 1, 1, 1
589, 1000, 780, 14331202, 12, 595, 594, 597, 593, 596, 1, 1, 0.95493, 1, 0.857879, 596, 0, 0, 0, 0, 0
590, 1000, 800, 14331202, 12, 596, 597, 595, 594, 599, 0.965114, 1, 1, 1, 1, 596, 0, 0, 0, 0, 0
591, 1000, 820, 14331202, 12, 596, 597, 595, 594, 598, 1, 1, 1, 1, 0.968398, 596, 0, 0, 0, 0, 0
592, 1000, 840, 14331202, 12, 596, 597, 595, 594, 598, 1, 1, 1, 1, 0.860798, 596, 0, 0, 0, 0, 0
595, 1000, 900, 14331203, 12, 596, 597, 10000000, 10000000, 10000000, 1, 1, 0, 0, 0, 596, 0, 0, 1, 1, 1
446, 400, 920, 14331420, 13, 447, 445, 10000000, 10000000, 10000000, 1, 1, 0, 0, 0, 596, 0, 0, 1, 1, 1
445, 400, 900, 14331420, 13, 495, 447, 446, 10000000, 10000000, 0.566934, 1, 1, 0, 0, 596, 0, 0, 0, 1, 1
597, 1000, 940, 14331461, 13, 596, 595, 10000000, 10000000, 10000000, 1, 1, 0, 0, 0, 596, 0, 0, 1, 1, 1
445, 400, 900, 14331847, 14, 495, 447, 446, 10000000, 10000000, 0.566888, 1, 1, 0, 0, 596, 0, 0, 0, 1, 1
447, 400, 940, 14331847, 14, 446, 445, 10000000, 10000000, 10000000, 1, 1, 0, 0, 0, 596, 0, 0, 1, 1, 1
446, 400, 920, 14332196, 15, 447, 445, 10000000, 10000000, 10000000, 1, 1, 0, 0, 0, 596, 0, 0, 1, 1, 1
445, 400, 900, 14332196, 15, 495, 447, 446, 10000000, 10000000, 0.56685, 1, 1, 0, 0, 596, 0, 0, 0, 1, 1
445, 400, 900, 14332493, 16, 495, 447, 446, 10000000, 10000000, 0.566819, 1, 1, 0, 0, 596, 0, 0, 0, 1, 1
447, 400, 940, 14332493, 16, 446, 445, 10000000, 10000000, 10000000, 1, 1, 0, 0, 0, 596, 0, 0, 1, 1, 1
446, 400, 920, 14332777, 17, 447, 445, 10000000, 10000000, 10000000, 1, 1, 0, 0, 0, 596, 0, 0, 1, 1, 1
445, 400, 900, 14332777, 17, 495, 447, 446, 10000000, 10000000, 0.566788, 1, 1, 0, 0, 596, 0, 0, 0, 1, 1
445, 400, 900, 14333152, 18, 495, 447, 446, 10000000, 10000000, 0.566748, 1, 1, 0, 0, 596, 0, 0, 0, 1, 1
447, 400, 940, 14333152, 18, 446, 445, 10000000, 10000000, 10000000, 1, 1, 0, 0, 0, 596, 0, 0, 1, 1, 1
446, 400, 920, 14333423, 19, 447, 445, 10000000, 10000000, 10000000, 1, 1, 0, 0, 0, 596, 0, 0, 1, 1, 1
445, 400, 900, 14333423, 19, 495, 447, 446, 10000000, 10000000, 0.566719, 1, 1, 0, 0, 596, 0, 0, 0, 1, 1
445, 400, 900, 14333707, 20, 495, 447, 446, 10000000, 10000000, 0.566689, 1, 1, 0, 0, 596, 0, 0, 0, 1, 1
447, 400, 940, 14333707, 20, 446, 445, 10000000, 10000000, 10000000, 1, 1, 0, 0, 0, 596, 0, 0, 1, 1, 1
446, 400, 920, 14334017, 21, 447, 445, 10000000, 10000000, 10000000, 1, 1, 0, 0, 0, 596, 0, 0, 1, 1, 1
445, 400, 900, 14334018, 21, 495, 447, 446, 10000000, 10000000, 0.566655, 1, 1, 0, 0, 596, 0, 0, 0, 1, 1
188, 760, 600, 14334490, 10, 196, 195, 532, 193, 192, 0.967823, 0.967217, 1, 1, 1, 596, 0, 0, 0, 0, 0
189, 780, 600, 14334490, 10, 534, 197, 533, 194, 532, 1, 1, 1, 1, 1, 596, 0, 0, 0, 0, 0
530, 800, 600, 14334490, 10, 538, 536, 535, 580, 534, 1, 1, 0.966722, 0.322826, 1, 596, 0, 0, 0, 1, 0
191, 820, 600, 14334490, 10, 199, 197, 198, 196, 195, 1, 1, 0.968766, 0.967823, 1, 596, 0, 0, 0, 0, 0
192, 840, 600, 14334490, 10, 580, 199, 196, 195, 198, 0.645652, 0.964572, 0.967823, 1, 0.861126, 596, 1, 0, 0, 0, 0
495, 600, 900, 14334690, 11, 545, 497, 496, 10000000, 10000000, 0.188321, 1, 1, 0, 0, 596, 0, 0, 0, 1, 1
496, 600, 920, 14334690, 11, 497, 495, 10000000, 10000000, 10000000, 1, 1, 0, 0, 0, 596, 0, 0, 1, 1, 1
497, 600, 940, 14334690, 11, 496, 495, 10000000, 10000000, 10000000, 1, 1, 0, 0, 0, 596, 0, 0, 1, 1, 1
498, 600, 960, 14334690, 11, 548, 497, 496, 495, 494, 0.563547, 1, 1, 1, 1, 596, 0, 0, 0, 0, 0
280, 600, 1000, 14334690, 11, 287, 288, 286, 285, 284, 0.967708, 0.910504, 0.963853, 0.965119, 1, 596, 0, 0, 0, 0, 0
195, 900, 600, 14334800, 11, 580, 199, 198, 197, 196, 1, 1, 1, 1, 1, 596, 1, 0, 0, 0, 0
196, 920, 600, 14334800, 11, 581, 580, 199, 198, 197, 1, 1, 1, 1, 1, 596, 0, 1, 0, 0, 0
197, 940, 600, 14334800, 11, 581, 580, 199, 198, 10000000, 1, 1, 1, 1, 0, 596, 0, 1, 0, 0, 1
198, 960, 600, 14334800, 11, 580, 582, 581, 248, 199, 1, 1, 1, 0.430258, 1, 596, 1, 0, 0, 0, 0
284, 680, 1000, 14335144, 12, 291, 290, 289, 292, 288, 1, 1, 1, 0.861485, 1, 596, 0, 1, 0, 0, 0
285, 700, 1000, 14335144, 12, 291, 290, 289, 293, 292, 1, 0.965979, 1, 0.840443, 0.861485, 596, 0, 1, 0, 0, 0
287, 740, 1000, 14335144, 12, 295, 294, 293, 292, 291, 1, 1, 1, 1, 1, 596, 0, 0, 0, 0, 0
291, 820, 1000, 14335467, 13, 297, 298, 296, 295, 294, 1, 0.96558, 1, 1, 1, 596, 0, 0, 0, 0, 0
292, 840, 1000, 14335467, 13, 297, 296, 295, 298, 294, 1, 1, 1, 0.790416, 1, 596, 0, 0, 0, 0, 0
293, 860, 1000, 14335467, 13, 600, 299, 298, 297, 296, 1, 1, 1, 1, 1, 596, 1, 0, 0, 0, 0
294, 880, 1000, 14335467, 13, 600, 299, 298, 297, 296, 1, 1, 1, 1, 1, 596, 1, 0, 0, 0, 0
295, 900, 1000, 14335467, 13, 600, 299, 298, 297, 296, 1, 1, 1, 1, 1, 596, 1, 0, 0, 0, 0
595, 1000, 900, 14335661, 14, 596, 597, 10000000, 10000000, 10000000, 1, 1, 0, 0, 0, 596, 0, 0, 1, 1, 1
296, 920, 1000, 14335726, 14, 600, 299, 298, 297, 10000000, 1, 1, 1, 1, 0, 596, 1, 0, 0, 0, 1
297, 940, 1000, 14335726, 14, 600, 299, 298, 10000000, 10000000, 1, 1, 1, 0, 0, 596, 1, 0, 0, 1, 1
298, 960, 1000, 14335726, 14, 600, 299, 599, 10000000, 10000000, 1, 1, 0.538324, 0, 0, 596, 1, 0, 0, 1, 1
198, 960, 600, 14339000, 12, 580, 582, 581, 248, 199, 1, 1, 1, 0.429482, 1, 596, 1, 0, 0, 0, 0
199, 980, 600, 14339000, 12, 584, 583, 582, 581, 580, 1, 1, 1, 1, 1, 596, 0, 0, 0, 0, 1
580, 1000, 600, 14339000, 12, 585, 584, 583, 589, 588, 1, 1, 1, 0.753526, 0.749715, 596, 0, 0, 0, 0, 0
581, 1000, 620, 14339000, 12, 591, 587, 585, 588, 584, 0.906837, 0.967066, 1, 0.856817, 1, 596, 0, 0, 0, 0, 0
584, 1000, 680, 14339272, 13, 594, 592, 591, 590, 589, 1, 1, 1, 1, 1, 596, 0, 0, 0, 1, 0
585, 1000, 700, 14339272, 13, 595, 591, 590, 589, 592, 1, 1, 1, 1, 0.860509, 596, 0, 0, 1, 0, 0
587, 1000, 740, 14339272, 13, 596, 595, 594, 593, 597, 0.941287, 0.963975, 0.967073, 1, 0.904575, 596, 0, 0, 0, 0, 0
588, 1000, 760, 14339272, 13, 595, 594, 593, 592, 596, 0.963975, 1, 1, 1, 0.83949, 596, 0, 0, 0, 0, 0
597, 1000, 940, 14339861, 15, 596, 595, 10000000, 10000000, 10000000, 1, 1, 0, 0, 0, 596, 0, 0, 1, 1, 1
249, 980, 800, 14342769, 11, 594, 593, 592, 591, 590, 1, 1, 1, 1, 1, 596, 0, 0, 0, 0, 1
590, 1000, 800, 14342769, 11, 596, 597, 595, 594, 599, 0.963918, 1, 1, 1, 1, 596, 0, 0, 0, 0, 0
591, 1000, 820, 14342769, 11, 596, 597, 595, 594, 598, 1, 1, 1, 1, 0.967194, 596, 0, 0, 0, 0, 0
592, 1000, 840, 14342769, 11, 596, 597, 595, 594, 598, 1, 1, 1, 1, 0.859728, 596, 0, 0, 0, 0, 0
594, 1000, 880, 14343196, 12, 596, 597, 595, 598, 10000000, 1, 1, 1, 1, 0, 596, 0, 0, 0, 0, 1
595, 1000, 900, 14343196, 12, 596, 597, 10000000, 10000000, 10000000, 1, 1, 0, 0, 0, 596, 0, 0, 1, 1, 1
597, 1000, 940, 14343197, 12, 596, 595, 10000000, 10000000, 10000000, 1, 1, 0, 0, 0, 596, 0, 0, 1, 1, 1
598, 1000, 960, 14343197, 12, 596, 597, 595, 594, 10000000, 1, 1, 1, 1, 0, 596, 0, 0, 0, 0, 1
299, 980, 1000, 14343926, 15, 598, 599, 600, 10000000, 10000000, 1, 1, 1, 0, 0, 596, 0, 0, 1, 1, 1
600, 1000, 1000, 14343926, 15, 596, 597, 595, 598, 594, 1, 1, 1, 1, 1, 596, 0, 0, 0, 0, 0
599, 1000, 980, 14343926, 15, 596, 597, 595, 598, 594, 1, 1, 1, 1, 0.966589, 596, 0, 0, 0, 0, 0
598, 1000, 960, 14344223, 16, 596, 597, 595, 594, 10000000, 1, 1, 1, 1, 0, 596, 0, 0, 0, 0, 1
597, 1000, 940, 14344223, 16, 596, 595, 10000000, 10000000, 10000000, 1, 1, 0, 0, 0, 596, 0, 0, 1, 1, 1
595, 1000, 900, 14344223, 16, 596, 597, 10000000, 10000000, 10000000, 1, 1, 0, 0, 0, 596, 0, 0, 1, 1, 1
594, 1000, 880, 14344223, 16, 596, 597, 595, 598, 10000000, 1, 1, 1, 1, 0, 596, 0, 0, 0, 0, 1
595, 1000, 900, 14348423, 17, 596, 597, 10000000, 10000000, 10000000, 1, 1, 0, 0, 0, 596, 0, 0, 1, 1, 1
597, 1000, 940, 14352623, 18, 596, 595, 10000000, 10000000, 10000000, 1, 1, 0, 0, 0, 596, 0, 0, 1, 1, 1
589, 1000, 780, 14355472, 14, 595, 594, 597, 593, 596, 1, 1, 0.951778, 1, 0.855652, 596, 0, 0, 0, 0, 0
590, 1000, 800, 14355472, 14, 596, 597, 595, 594, 599, 0.962608, 1, 1, 1, 1, 596, 0, 0, 0, 0, 0
591, 1000, 820, 14355472, 14, 596, 597, 595, 594, 598, 1, 1, 1, 1, 0.965875, 596, 0, 0, 0, 0, 0
592, 1000, 840, 14355472, 14, 596, 597, 595, 594, 598, 1, 1, 1, 1, 0.858556, 596, 0, 0, 0, 0, 0
594, 1000, 880, 14355472, 14, 596, 597, 595, 598, 10000000, 1, 1, 1, 1, 0, 596, 0, 0, 0, 0, 1
595, 1000, 900, 14355873, 15, 596, 597, 10000000, 10000000, 10000000, 1, 1, 0, 0, 0, 596, 0, 0, 1, 1, 1
597, 1000, 940, 14355874, 15, 596, 595, 10000000, 10000000, 10000000, 1, 1, 0, 0, 0, 596, 0, 0, 1, 1, 1
598, 1000, 960, 14355874, 15, 596, 597, 595, 594, 10000000, 1, 1, 1, 1, 0, 596, 0, 0, 0, 0, 1
595, 1000, 900, 14360074, 16, 596, 597, 10000000, 10000000, 10000000, 1, 1, 0, 0, 0, 596, 0, 0, 1, 1, 1
597, 1000, 940, 14364274, 17, 596, 595, 10000000, 10000000, 10000000, 1, 1, 0, 0, 0, 596, 0, 0, 1, 1, 1
595, 1000, 900, 14368474, 18, 596, 597, 10000000, 10000000, 10000000, 1, 1, 0, 0, 0, 596, 0, 0, 1, 1, 1
597, 1000, 940, 14372674, 19, 596, 595, 10000000, 10000000, 10000000, 1, 1, 0, 0, 0, 596, 0, 0, 1, 1, 1
595, 1000, 900, 14376874, 20, 596, 597, 10000000, 10000000, 10000000, 1, 1, 0, 0, 0, 596, 0, 0, 1, 1, 1
597, 1000, 940, 14381074, 21, 596, 595, 10000000, 10000000, 10000000, 1, 1, 0, 0, 0, 596, 0, 0, 1, 1, 1
