source_id,source_x,source_y,time,hop,pri_1_id,pri_2_id,pri_3_id,pri_4_id,pri_5_id,pri_1_r,pri_2_r,pri_3_r,pri_4_r,pri_5_r,des_id,send_log
171, 201, 19, 10299999, 1, 60, 98, 110, 7, 143, 1, 1, 1, 1, 0.55026, 6, 1
110, 201, 48, 10300200, 2, 143, 56, 60, 98, 116, 0.825368, 1, 0.843869, 1, 0.604531, 6, 0
98, 201, 76, 10300200, 2, 27, 119, 116, 56, 17, 0.944355, 0.920629, 1, 1, 0.704636, 6, 0
7, 278, -1, 10300200, 2, 71, 98, 62, 60, 48, 0.779367, 1, 0.863365, 0.602764, 0.431029, 6, 0
60, 198, 105, 10300200, 2, 23, 119, 27, 174, 116, 0.969448, 1, 0.969415, 1, 1, 6, 1
174, 181, 201, 10300763, 3, 165, 23, 27, 177, 119, 0.940504, 1, 1, 0.792723, 1, 6, 0
116, 159, 201, 10300763, 3, 23, 27, 119, 141, 174, 0.969389, 1, 1, 0.774748, 1, 6, 0
119, 201, 245, 10300763, 3, 18, 137, 189, 104, 165, 1, 1, 0.938675, 0.772387, 0.826353, 6, 1
137, 198, 351, 10305327, 4, 45, 65, 135, 149, 186, 1, 0.971562, 1, 1, 1, 6, 1
189, 198, 387, 10305327, 4, 45, 65, 135, 149, 186, 1, 1, 1, 1, 1, 6, 0
186, 201, 419, 10309890, 5, 45, 65, 18, 104, 135, 1, 1, 0.825414, 0.76698, 1, 6, 0
135, 247, 398, 10309890, 5, 45, 65, 18, 103, 104, 1, 1, 0.550276, 0.412118, 0.319322, 6, 0
149, 201, 446, 10309890, 5, 45, 65, 18, 154, 135, 1, 1, 0.476495, 0.377795, 1, 6, 0
45, 283, 398, 10309890, 5, 104, 18, 24, 103, 10000000, 0.937856, 1, 0.232402, 0.189393, 0, 6, 1
65, 201, 486, 10309890, 5, 20, 154, 18, 45, 104, 1, 0.956872, 0.942826, 1, 0.319322, 6, 1
18, 314, 401, 10310453, 6, 24, 104, 20, 96, 79, 1, 0.968492, 0.440735, 0.304816, 0.18909, 6, 0
104, 398, 346, 10310453, 6, 53, 24, 47, 131, 107, 0.954007, 0.85982, 0.936563, 0.361116, 0.233359, 6, 1
24, 486, 398, 10311017, 7, 85, 21, 131, 53, 35, 1, 0.753919, 0.967401, 1, 0.55007, 6, 0
53, 514, 401, 10311017, 7, 21, 35, 107, 131, 85, 1, 0.971635, 0.96988, 1, 0.431293, 6, 1
131, 553, 401, 10311017, 7, 85, 21, 35, 107, 179, 1, 1, 1, 1, 0.430018, 6, 0
131, 553, 401, 10311580, 8, 85, 21, 35, 107, 179, 1, 1, 1, 1, 0.429992, 6, 0
21, 601, 486, 10311580, 8, 130, 115, 179, 85, 84, 1, 0.759367, 0.752487, 0.823368, 0.547707, 6, 1
107, 644, 398, 10311580, 8, 85, 21, 179, 87, 81, 0.960596, 1, 0.548658, 0.440717, 1, 6, 0
35, 682, 398, 10311580, 8, 21, 117, 179, 84, 115, 1, 0.646948, 0.482825, 0.323799, 0.318739, 6, 0
85, 598, 515, 10312143, 9, 4, 84, 115, 179, 16, 1, 1, 0.968383, 1, 1, 6, 0
179, 598, 580, 10312143, 9, 4, 84, 115, 130, 19, 1, 1, 1, 1, 0.412823, 6, 0
115, 644, 598, 10312144, 9, 4, 138, 193, 19, 128, 0.967303, 0.762349, 0.776245, 0.794456, 0.785155, 6, 1
84, 684, 598, 10312144, 9, 4, 37, 19, 94, 148, 1, 1, 0.644989, 0.603466, 0.322449, 6, 0
130, 754, 601, 10312144, 9, 6, 37, 94, 118, 115, 1, 0.946053, 1, 0.96758, 1, 6, 1
118, 801, 647, 10312707, 10, 120, 94, 37, 155, 184, 0.766437, 1, 0.751969, 0.752317, 0.60459, 6, 0
94, 801, 678, 10312707, 10, 37, 184, 69, 155, 120, 0.959626, 0.72244, 0.766009, 0.959673, 0.379301, 6, 0
45, 283, 398, 10314453, 6, 104, 18, 24, 103, 10000000, 0.936853, 1, 0.232156, 0.18923, 0, 6, 0
18, 314, 401, 10314454, 6, 24, 104, 20, 96, 79, 1, 0.968075, 0.439959, 0.304445, 0.188947, 6, 1
154, 201, 645, 10314454, 6, 20, 67, 10, 79, 136, 0.957547, 0.969677, 0.75454, 0.317224, 0.274631, 6, 0
20, 315, 601, 10314454, 6, 79, 96, 95, 163, 16, 1, 0.969345, 0.76398, 0.302924, 0.214767, 6, 1
96, 482, 598, 10315017, 7, 4, 115, 179, 82, 117, 1, 1, 0.874017, 0.604526, 0.794367, 6, 0
4, 601, 692, 10316707, 10, 176, 148, 138, 19, 193, 1, 1, 0.794332, 1, 0.645524, 6, 1
19, 598, 711, 10316707, 10, 6, 138, 176, 193, 172, 0.969453, 1, 1, 1, 0.966152, 6, 0
19, 598, 711, 10317270, 11, 6, 138, 176, 193, 172, 0.969395, 1, 1, 1, 0.966093, 6, 0
148, 598, 750, 10317270, 11, 6, 138, 176, 193, 172, 1, 1, 1, 1, 0.966093, 6, 0
193, 598, 787, 10317270, 11, 6, 138, 176, 10000000, 10000000, 1, 1, 1, 0, 0, 6, 0
176, 619, 798, 10317270, 11, 6, 138, 10000000, 10000000, 10000000, 1, 1, 0, 0, 0, 6, 0
138, 648, 798, 10317270, 11, 6, 10000000, 10000000, 10000000, 10000000, 1, 0, 0, 0, 0, 6, 0
138, 648, 798, 10317833, 12, 6, 10000000, 10000000, 10000000, 10000000, 1, 0, 0, 0, 0, 6, 0
67, 201, 690, 10319017, 7, 197, 95, 20, 182, 3, 1, 0.761326, 0.797376, 0.95948, 0.537827, 6, 0
10, 198, 710, 10319017, 7, 163, 3, 20, 123, 197, 1, 1, 1, 0.967357, 0.481231, 6, 0
179, 598, 580, 10319581, 8, 4, 84, 115, 130, 19, 1, 1, 1, 1, 0.412401, 6, 0
117, 598, 551, 10319581, 8, 4, 84, 115, 130, 90, 1, 1, 1, 1, 0.865007, 6, 0
4, 601, 692, 10319581, 8, 176, 148, 138, 19, 193, 1, 1, 0.793969, 1, 0.645324, 6, 0
115, 644, 598, 10319581, 8, 4, 138, 193, 19, 128, 0.96653, 0.758051, 0.77179, 0.793518, 0.780597, 6, 0
82, 483, 798, 10319581, 8, 6, 19, 128, 33, 176, 0.761078, 0.904105, 0.845442, 0.9564, 0.695272, 6, 0
19, 598, 711, 10320144, 9, 6, 138, 176, 193, 172, 0.969095, 1, 1, 1, 0.965795, 6, 0
148, 598, 750, 10320144, 9, 6, 138, 176, 193, 172, 1, 1, 1, 1, 0.965795, 6, 0
193, 598, 787, 10320144, 9, 6, 138, 176, 10000000, 10000000, 1, 1, 1, 0, 0, 6, 0
176, 619, 798, 10320144, 9, 6, 138, 10000000, 10000000, 10000000, 1, 1, 0, 0, 0, 6, 0
138, 648, 798, 10320144, 9, 6, 10000000, 10000000, 10000000, 10000000, 1, 0, 0, 0, 0, 6, 0
138, 648, 798, 10320707, 10, 6, 10000000, 10000000, 10000000, 10000000, 1, 0, 0, 0, 0, 6, 0
37, 798, 720, 10321270, 11, 6, 172, 184, 138, 120, 0.796478, 1, 0.965979, 0.604462, 1, 6, 0
155, 843, 798, 10321271, 11, 184, 120, 37, 69, 138, 0.965979, 0.969668, 1, 1, 0.48357, 6, 0
184, 801, 822, 10321271, 11, 176, 138, 172, 193, 10000000, 0.549625, 0.431394, 0.435825, 0.189335, 0, 6, 0
184, 801, 822, 10321834, 12, 176, 138, 172, 193, 10000000, 0.549583, 0.431367, 0.435718, 0.189314, 0, 6, 0
120, 801, 845, 10321834, 12, 172, 138, 184, 6, 176, 1, 0.634948, 0.96592, 0.463819, 0.362131, 6, 0
172, 598, 781, 10321834, 12, 6, 138, 176, 193, 10000000, 1, 1, 1, 1, 0, 6, 0
182, 201, 820, 10323580, 8, 197, 3, 123, 95, 188, 1, 1, 1, 0.752971, 0.538128, 6, 0
193, 598, 787, 10326397, 13, 6, 138, 176, 10000000, 10000000, 1, 1, 1, 0, 0, 6, 0
176, 619, 798, 10326397, 13, 6, 138, 10000000, 10000000, 10000000, 1, 1, 0, 0, 0, 6, 0
138, 648, 798, 10326397, 13, 6, 10000000, 10000000, 10000000, 10000000, 1, 0, 0, 0, 0, 6, 0
176, 619, 798, 10330397, 13, 6, 138, 10000000, 10000000, 10000000, 1, 1, 0, 0, 0, 6, 0
33, 520, 801, 10332144, 9, 6, 138, 176, 193, 172, 0.967844, 1, 1, 1, 1, 6, 0
128, 550, 801, 10332144, 9, 6, 138, 176, 193, 172, 1, 1, 1, 1, 1, 6, 0
176, 619, 798, 10332144, 9, 6, 138, 10000000, 10000000, 10000000, 1, 1, 0, 0, 0, 6, 0
123, 245, 798, 10336143, 9, 188, 163, 3, 95, 159, 0.909035, 0.792228, 1, 0.723772, 0.600462, 6, 0
3, 278, 798, 10336143, 9, 82, 188, 197, 31, 159, 0.751333, 0.859842, 0.752798, 0.681788, 0.720554, 6, 0
95, 318, 801, 10336144, 9, 33, 82, 31, 197, 188, 1, 0.96575, 1, 1, 1, 6, 0
159, 354, 801, 10340707, 10, 33, 82, 31, 197, 188, 0.958354, 0.965278, 1, 1, 1, 6, 0
188, 387, 801, 10340707, 10, 82, 19, 33, 172, 128, 1, 0.757241, 0.564612, 0.377741, 0.36141, 6, 0
193, 598, 787, 10340707, 10, 6, 138, 176, 10000000, 10000000, 1, 1, 1, 0, 0, 6, 0
172, 598, 780, 10340707, 10, 6, 138, 176, 193, 10000000, 1, 1, 1, 1, 0, 6, 0
176, 619, 798, 10340707, 10, 6, 138, 10000000, 10000000, 10000000, 1, 1, 0, 0, 0, 6, 0
138, 649, 798, 10340707, 10, 6, 10000000, 10000000, 10000000, 10000000, 1, 0, 0, 0, 0, 6, 0
82, 483, 798, 10345270, 11, 6, 19, 128, 33, 176, 0.746484, 0.897159, 0.842827, 0.9525, 0.691157, 6, 0
33, 520, 801, 10345833, 12, 6, 138, 176, 193, 172, 0.966421, 1, 1, 1, 1, 6, 0
128, 550, 801, 10345833, 12, 6, 138, 176, 193, 172, 1, 1, 1, 1, 1, 6, 0
176, 619, 798, 10353270, 11, 6, 138, 10000000, 10000000, 10000000, 1, 1, 0, 0, 0, 6, 0
138, 649, 798, 10353270, 11, 6, 10000000, 10000000, 10000000, 10000000, 1, 0, 0, 0, 0, 6, 0
17, 99, 201, 11299999, 1, 165, 23, 119, 13, 174, 0.935924, 1, 1, 0.848361, 1, 16, 0
174, 175, 201, 11300200, 2, 23, 27, 71, 119, 165, 1, 1, 0.938855, 1, 0.761545, 16, 0
119, 201, 257, 11300200, 2, 195, 18, 189, 137, 23, 1, 0.785416, 0.950432, 1, 1, 16, 0
13, 198, 301, 11300200, 2, 45, 135, 65, 149, 186, 1, 1, 1, 1, 1, 16, 0
23, 201, 298, 11300200, 2, 18, 195, 135, 189, 165, 1, 1, 0.755511, 0.863498, 0.847431, 16, 1
165, 198, 371, 11304763, 3, 45, 135, 65, 149, 186, 1, 1, 1, 1, 1, 16, 0
189, 198, 387, 11304763, 3, 45, 65, 135, 149, 186, 1, 1, 1, 1, 1, 16, 0
195, 201, 412, 11304763, 3, 45, 65, 135, 18, 149, 1, 1, 1, 0.726045, 1, 16, 0
135, 259, 398, 11304763, 3, 45, 18, 104, 67, 24, 1, 0.605037, 0.275553, 0.189454, 0.107776, 16, 0
18, 301, 401, 11304763, 3, 24, 20, 96, 79, 53, 1, 0.612887, 0.233919, 0.159165, 0.137295, 16, 1
24, 499, 398, 11305327, 4, 117, 85, 21, 53, 96, 1, 1, 0.79366, 1, 0.137758, 16, 1
20, 302, 601, 11305327, 4, 96, 79, 16, 85, 10000000, 0.969595, 1, 0.216036, 0.137576, 0, 16, 1
53, 502, 401, 11305890, 5, 85, 21, 117, 115, 16, 0.930455, 1, 0.638764, 0.614281, 0.324035, 16, 0
21, 601, 499, 11305891, 5, 96, 117, 179, 85, 16, 1, 1, 0.862172, 0.845262, 0.362993, 16, 0
85, 598, 502, 11305891, 5, 16, 96, 179, 117, 4, 1, 1, 1, 1, 0.97177, 16, 1
79, 401, 693, 11309891, 5, 96, 16, 117, 4, 85, 1, 0.647789, 0.240988, 0.189102, 0.159006, 16, 0
117, 598, 538, 11310454, 6, 16, 179, 96, 79, 10000000, 1, 1, 0.538366, 0.159021, 0, 16, 0
179, 598, 574, 11310454, 6, 16, 96, 10000000, 10000000, 10000000, 1, 0.602619, 0, 0, 0, 16, 0
96, 495, 598, 11310454, 6, 16, 10000000, 10000000, 10000000, 10000000, 0.958324, 0, 0, 0, 0, 16, 0
23, 201, 312, 12299999, 1, 104, 18, 135, 195, 189, 1, 1, 1, 1, 0.969013, 184, 0
189, 198, 385, 12300200, 2, 45, 18, 135, 65, 149, 1, 0.959756, 1, 1, 1, 184, 0
195, 201, 415, 12300200, 2, 45, 65, 135, 149, 18, 1, 1, 1, 1, 0.755989, 184, 0
135, 273, 398, 12300200, 2, 45, 41, 18, 104, 103, 1, 0.608792, 0.647991, 0.363479, 0.323632, 184, 0
18, 287, 401, 12300200, 2, 24, 104, 45, 20, 41, 0.972122, 1, 1, 0.469629, 0.72483, 184, 1
45, 310, 398, 12304763, 3, 104, 24, 10000000, 10000000, 10000000, 0.958479, 0.158787, 0, 0, 0, 184, 0
104, 398, 318, 12304763, 3, 150, 53, 24, 47, 131, 1, 0.965767, 0.863683, 0.638443, 0.539543, 184, 1
53, 489, 401, 12309327, 4, 21, 85, 107, 35, 117, 1, 0.942968, 0.967162, 0.862988, 0.688181, 184, 0
24, 512, 398, 12309327, 4, 117, 85, 21, 131, 107, 1, 1, 0.684564, 1, 0.644775, 184, 0
131, 527, 401, 12309327, 4, 21, 85, 81, 35, 179, 1, 1, 1, 1, 0.757441, 184, 0
150, 598, 333, 12309327, 4, 21, 35, 107, 131, 58, 1, 1, 1, 1, 1, 184, 1
107, 667, 398, 12309890, 5, 133, 21, 85, 111, 170, 1, 0.967976, 0.969258, 0.933494, 0.846243, 184, 0
35, 707, 398, 12309890, 5, 130, 133, 87, 21, 117, 1, 1, 1, 1, 0.645219, 184, 1
58, 801, 317, 12309891, 5, 87, 76, 81, 190, 126, 1, 1, 1, 0.959301, 0.963342, 184, 0
87, 798, 491, 12314454, 6, 118, 94, 130, 90, 9, 0.967085, 0.862731, 1, 1, 1, 184, 0
133, 798, 531, 12314454, 6, 94, 118, 130, 9, 90, 1, 1, 1, 1, 0.966765, 184, 1
117, 598, 524, 12314454, 6, 130, 4, 19, 84, 115, 1, 0.967809, 1, 1, 1, 184, 0
130, 731, 601, 12319017, 7, 94, 37, 118, 6, 155, 1, 0.959958, 1, 0.87337, 0.566495, 184, 0
9, 909, 598, 12319017, 7, 94, 118, 130, 155, 39, 1, 1, 0.968758, 0.481704, 1, 184, 0
90, 686, 601, 12319017, 7, 94, 118, 176, 37, 4, 1, 1, 1, 0.69755, 0.952793, 184, 0
118, 801, 671, 12319017, 7, 155, 94, 37, 51, 184, 0.967694, 1, 1, 0.910373, 0.37634, 184, 0
94, 801, 705, 12319018, 7, 184, 155, 51, 120, 57, 0.753216, 0.860172, 1, 0.549513, 0.361648, 184, 1
155, 868, 798, 12319581, 8, 184, 120, 74, 10000000, 10000000, 1, 1, 0.753532, 0, 0, 184, 0
51, 898, 801, 12319581, 8, 155, 184, 74, 69, 120, 0.967635, 0.564451, 0.762446, 0.538795, 0.429535, 184, 0
57, 925, 798, 12319581, 8, 184, 120, 155, 74, 69, 1, 1, 1, 0.86118, 0.862072, 184, 0
120, 801, 869, 12324144, 9, 184, 10000000, 10000000, 10000000, 10000000, 1, 0, 0, 0, 0, 184, 0
74, 798, 893, 12324144, 9, 120, 184, 10000000, 10000000, 10000000, 1, 0.752801, 0, 0, 0, 184, 0
85, 598, 490, 12325890, 5, 84, 115, 4, 179, 117, 1, 1, 0.859218, 1, 1, 184, 0
21, 601, 513, 12325890, 5, 115, 179, 87, 117, 84, 0.823966, 1, 1, 1, 0.536626, 184, 0
179, 598, 565, 12325890, 5, 4, 176, 84, 115, 130, 1, 0.875275, 1, 1, 0.876501, 184, 0
117, 598, 524, 12326453, 6, 130, 4, 19, 84, 115, 1, 0.966562, 1, 1, 1, 184, 0
179, 598, 565, 12326454, 6, 4, 176, 84, 115, 130, 1, 0.875059, 1, 1, 0.876284, 184, 0
115, 669, 598, 12326454, 6, 37, 148, 4, 130, 94, 1, 1, 0.966562, 1, 0.694332, 184, 0
84, 710, 598, 12326454, 6, 37, 193, 94, 4, 130, 0.861067, 1, 0.793926, 1, 0.96404, 184, 0
87, 798, 491, 12326454, 6, 118, 94, 130, 90, 9, 0.965839, 0.861616, 1, 1, 1, 184, 0
130, 731, 601, 12327017, 7, 94, 37, 118, 6, 155, 1, 0.958906, 1, 0.87033, 0.565641, 184, 0
148, 598, 726, 12327017, 7, 6, 138, 176, 193, 172, 1, 1, 1, 1, 1, 184, 0
94, 801, 706, 12327017, 7, 184, 155, 51, 120, 57, 0.752569, 0.859433, 1, 0.54891, 0.361299, 184, 0
118, 801, 671, 12327581, 8, 155, 94, 37, 51, 184, 0.966803, 1, 1, 0.908013, 0.375735, 184, 0
37, 798, 696, 12327581, 8, 184, 120, 69, 155, 74, 0.96753, 1, 0.968996, 1, 0.864025, 184, 0
94, 801, 706, 12327581, 8, 184, 155, 51, 120, 57, 0.752523, 0.859381, 1, 0.548867, 0.361275, 184, 0
155, 868, 798, 12328144, 9, 184, 120, 74, 10000000, 10000000, 1, 1, 0.752838, 0, 0, 184, 0
51, 897, 801, 12328144, 9, 155, 184, 74, 69, 120, 0.966745, 0.563543, 0.7575, 0.538298, 0.429141, 184, 0
57, 925, 798, 12328144, 9, 184, 120, 155, 74, 69, 1, 1, 1, 0.860386, 0.861277, 184, 0
172, 598, 768, 12331580, 8, 6, 138, 176, 37, 184, 1, 1, 1, 0.463679, 0.375453, 184, 0
193, 598, 784, 12331580, 8, 6, 138, 176, 184, 120, 1, 1, 1, 0.361859, 0.362033, 184, 0
176, 632, 798, 12331580, 8, 74, 6, 120, 138, 37, 1, 1, 0.751645, 1, 0.756982, 184, 0
138, 675, 798, 12331581, 8, 120, 74, 69, 6, 184, 0.875739, 1, 1, 1, 0.603098, 184, 0
39, 998, 679, 12331581, 8, 51, 140, 191, 162, 147, 1, 1, 1, 1, 1, 184, 0
118, 801, 671, 12331581, 8, 155, 94, 37, 51, 184, 0.966388, 1, 1, 0.906915, 0.375453, 184, 0
130, 731, 601, 12335017, 7, 94, 37, 118, 6, 155, 1, 0.957856, 1, 0.86731, 0.564789, 184, 0
9, 910, 598, 12335018, 7, 94, 118, 130, 155, 39, 1, 1, 0.967093, 0.480777, 1, 184, 0
90, 686, 601, 12335018, 7, 94, 118, 176, 37, 4, 1, 1, 1, 0.694964, 0.950378, 184, 0
94, 801, 706, 12335018, 7, 184, 155, 51, 120, 57, 0.751922, 0.858695, 1, 0.548308, 0.360952, 184, 0
118, 801, 671, 12335581, 8, 155, 94, 37, 51, 184, 0.965973, 1, 1, 0.90582, 0.375171, 184, 0
4, 601, 718, 12335581, 8, 176, 138, 193, 6, 172, 1, 0.72172, 1, 0.562731, 0.644683, 184, 0
37, 798, 696, 12335581, 8, 184, 120, 69, 155, 74, 0.966698, 1, 0.968162, 1, 0.861049, 184, 0
6, 713, 798, 12336144, 9, 120, 184, 155, 69, 10000000, 0.926841, 0.562697, 0.632009, 0.683447, 0, 184, 0
37, 798, 696, 12336144, 9, 184, 120, 69, 155, 74, 0.96664, 1, 0.968103, 1, 0.860841, 184, 0
94, 801, 706, 12336144, 9, 184, 155, 51, 120, 57, 0.751831, 0.858591, 1, 0.548223, 0.360903, 184, 0
155, 869, 798, 12336144, 9, 184, 120, 74, 10000000, 10000000, 1, 1, 0.752191, 0, 0, 184, 0
120, 801, 869, 12336707, 10, 184, 10000000, 10000000, 10000000, 10000000, 1, 0, 0, 0, 0, 184, 0
140, 937, 801, 12348144, 9, 51, 155, 74, 57, 184, 1, 0.840035, 0.746195, 1, 0.536331, 184, 0
191, 1001, 816, 12348144, 9, 51, 155, 140, 184, 57, 1, 0.900011, 1, 0.561434, 0.600637, 184, 0
162, 1001, 833, 12348144, 9, 51, 140, 155, 57, 184, 1, 1, 0.750301, 0.751749, 0.374289, 184, 0
51, 897, 801, 12348144, 9, 155, 184, 74, 69, 120, 0.964673, 0.561434, 0.746195, 0.537142, 0.428222, 184, 0
39, 998, 679, 12351581, 8, 51, 140, 191, 162, 147, 1, 1, 1, 1, 1, 184, 0
118, 801, 672, 12351581, 8, 155, 94, 37, 51, 184, 0.964317, 1, 1, 0.901465, 0.374048, 184, 0
94, 801, 706, 12351581, 8, 184, 155, 51, 120, 57, 0.750587, 0.857171, 1, 0.547066, 0.360234, 184, 0
155, 869, 798, 12352144, 9, 184, 120, 74, 10000000, 10000000, 1, 1, 0.7509, 0, 0, 184, 0
51, 897, 801, 12352144, 9, 155, 184, 74, 69, 120, 0.964259, 0.561014, 0.743975, 0.536911, 0.428038, 184, 0
57, 925, 798, 12352145, 9, 184, 120, 155, 74, 69, 1, 1, 1, 0.858171, 0.859058, 184, 0
57, 925, 798, 12352707, 10, 184, 120, 155, 74, 69, 1, 1, 1, 0.85812, 0.859006, 184, 0
51, 897, 801, 12352707, 10, 155, 184, 74, 69, 120, 0.964201, 0.560955, 0.743663, 0.536879, 0.428013, 184, 0
155, 869, 798, 12352708, 10, 184, 120, 74, 10000000, 10000000, 1, 1, 0.750855, 0, 0, 184, 0
74, 798, 892, 12352708, 10, 120, 184, 10000000, 10000000, 10000000, 1, 0.750496, 0, 0, 0, 184, 0
155, 869, 798, 12353271, 11, 184, 120, 74, 10000000, 10000000, 1, 1, 0.750809, 0, 0, 184, 0
120, 801, 869, 12353271, 11, 184, 10000000, 10000000, 10000000, 10000000, 1, 0, 0, 0, 0, 184, 0
74, 798, 892, 12353271, 11, 120, 184, 10000000, 10000000, 10000000, 1, 0.750451, 0, 0, 0, 184, 0
69, 801, 916, 12353271, 11, 184, 120, 155, 74, 10000000, 1, 1, 1, 1, 0, 184, 0
120, 801, 869, 12353834, 12, 184, 10000000, 10000000, 10000000, 10000000, 1, 0, 0, 0, 0, 184, 0
74, 798, 892, 12353834, 12, 120, 184, 10000000, 10000000, 10000000, 1, 0.750405, 0, 0, 0, 184, 0
140, 937, 801, 12368144, 9, 51, 155, 57, 74, 184, 1, 0.838024, 1, 0.735223, 0.535183, 184, 0
191, 1001, 816, 12368144, 9, 51, 155, 140, 184, 57, 1, 0.894643, 1, 0.55934, 0.599198, 184, 0
162, 1001, 833, 12368144, 9, 51, 140, 155, 57, 184, 1, 1, 0.748696, 0.750138, 0.372893, 184, 0
51, 897, 801, 12368144, 9, 155, 184, 74, 69, 120, 0.962609, 0.55934, 0.735223, 0.53599, 0.427307, 184, 0
155, 869, 798, 12368708, 10, 184, 120, 74, 10000000, 10000000, 1, 1, 0.749568, 0, 0, 184, 0
120, 801, 869, 12368708, 10, 184, 10000000, 10000000, 10000000, 10000000, 1, 0, 0, 0, 0, 184, 0
74, 798, 892, 12368708, 10, 120, 184, 10000000, 10000000, 10000000, 1, 0.749211, 0, 0, 0, 184, 0
69, 801, 916, 12368708, 10, 184, 120, 155, 74, 10000000, 1, 1, 1, 1, 0, 184, 0
120, 801, 869, 12369271, 11, 184, 10000000, 10000000, 10000000, 10000000, 1, 0, 0, 0, 0, 184, 0
74, 798, 892, 12369271, 11, 120, 184, 10000000, 10000000, 10000000, 1, 0.749165, 0, 0, 0, 184, 0
98, 201, 110, 13299999, 1, 177, 71, 13, 27, 119, 1, 1, 1, 0.843941, 0.798921, 69, 0
71, 288, 201, 13300200, 2, 41, 88, 105, 180, 165, 0.970057, 0.970561, 1, 1, 1, 69, 1
27, 331, 198, 13300200, 2, 41, 180, 104, 194, 177, 0.958719, 0.968305, 0.698629, 1, 1, 69, 0
13, 198, 273, 13300200, 2, 45, 104, 135, 186, 149, 1, 1, 1, 1, 0.968756, 69, 0
119, 201, 286, 13300200, 2, 41, 18, 195, 189, 165, 1, 0.916531, 0.884543, 0.826359, 0.86306, 69, 0
180, 442, 198, 13304763, 3, 131, 47, 41, 150, 196, 1, 1, 1, 0.773423, 1, 69, 0
41, 401, 326, 13304763, 3, 131, 150, 53, 24, 45, 1, 1, 0.755838, 0.605222, 0.702313, 69, 1
45, 323, 398, 13305327, 4, 24, 103, 10000000, 10000000, 10000000, 0.137018, 0.120839, 0, 0, 0, 69, 1
53, 477, 401, 13305327, 4, 21, 85, 117, 107, 35, 0.968982, 0.952622, 0.726258, 0.860174, 0.754085, 69, 0
131, 513, 401, 13305327, 4, 21, 85, 179, 107, 35, 0.968982, 0.952622, 0.796567, 1, 0.969538, 69, 1
24, 525, 398, 13305327, 4, 179, 117, 85, 107, 21, 1, 1, 1, 0.961522, 0.602415, 69, 0
85, 598, 478, 13305890, 5, 115, 84, 179, 4, 96, 1, 0.967851, 1, 0.753475, 1, 69, 0
21, 601, 526, 13305890, 5, 19, 115, 84, 179, 130, 1, 0.847267, 0.7992, 1, 0.613158, 69, 1
179, 598, 554, 13306454, 6, 4, 19, 84, 115, 130, 1, 0.951615, 0.967793, 1, 0.919578, 69, 0
115, 681, 598, 13306454, 6, 37, 176, 148, 6, 4, 1, 0.875145, 0.918105, 0.697545, 0.861062, 69, 1
84, 722, 598, 13306454, 6, 193, 94, 4, 118, 37, 1, 0.824423, 1, 0.82534, 0.605565, 69, 0
130, 721, 601, 13306454, 6, 94, 118, 37, 4, 6, 1, 1, 0.845469, 1, 0.610237, 69, 0
148, 598, 715, 13311017, 7, 6, 138, 176, 193, 172, 1, 1, 1, 1, 1, 69, 1
4, 601, 731, 13311017, 7, 176, 138, 193, 6, 172, 1, 0.753587, 1, 0.634258, 1, 69, 0
172, 598, 759, 13319580, 8, 6, 138, 176, 193, 184, 1, 1, 1, 1, 0.316711, 69, 0
193, 598, 779, 13319580, 8, 6, 138, 176, 118, 184, 1, 1, 1, 1, 0.323327, 69, 0
176, 641, 798, 13319581, 8, 74, 6, 138, 120, 155, 0.865213, 1, 1, 0.431329, 0.322427, 69, 0
138, 689, 798, 13319581, 8, 69, 74, 6, 184, 120, 1, 1, 1, 0.646654, 0.611287, 69, 1
6, 727, 798, 13324144, 9, 120, 69, 184, 74, 36, 0.942732, 0.60213, 0.632965, 0.301995, 0.431085, 69, 0
184, 801, 850, 13324144, 9, 69, 120, 74, 10000000, 10000000, 1, 1, 0.861051, 0, 0, 69, 0
74, 798, 879, 13324144, 9, 69, 10000000, 10000000, 10000000, 10000000, 1, 0, 0, 0, 0, 69, 1
120, 801, 881, 13324144, 9, 69, 74, 10000000, 10000000, 10000000, 1, 0.841006, 0, 0, 0, 69, 0
174, 145, 201, 14299999, 1, 189, 23, 27, 119, 13, 1, 1, 0.968323, 1, 1, 155, 0
13, 198, 259, 14300200, 2, 135, 45, 186, 195, 104, 1, 0.971864, 1, 1, 0.785791, 155, 0
119, 201, 301, 14300200, 2, 18, 41, 195, 27, 186, 0.936064, 0.780738, 0.919948, 1, 0.723766, 155, 0
23, 201, 339, 14300200, 2, 135, 45, 18, 186, 195, 1, 0.940726, 1, 1, 1, 155, 0
189, 198, 374, 14300200, 2, 135, 45, 65, 18, 149, 1, 0.971864, 1, 0.968417, 1, 155, 1
18, 259, 401, 14300763, 3, 131, 45, 24, 104, 135, 0.772624, 1, 0.756149, 1, 1, 155, 0
135, 303, 398, 14300763, 3, 53, 45, 41, 104, 67, 1, 1, 0.756751, 0.431641, 0.120856, 155, 1
149, 201, 499, 14300764, 3, 20, 45, 10, 135, 65, 1, 1, 1, 1, 1, 155, 0
45, 336, 398, 14301327, 4, 41, 24, 10000000, 10000000, 10000000, 1, 0.120564, 0, 0, 0, 155, 1
41, 401, 338, 14301327, 4, 131, 150, 53, 24, 47, 0.919335, 0.795238, 0.795076, 0.540073, 0.188771, 155, 0
41, 401, 339, 14305890, 5, 131, 150, 53, 24, 47, 0.918051, 0.792363, 0.7945, 0.539807, 0.188609, 155, 1
53, 464, 401, 14306453, 6, 85, 21, 24, 107, 117, 0.958965, 0.860118, 0.971594, 0.75319, 0.647762, 155, 0
131, 500, 401, 14306453, 6, 85, 107, 81, 21, 35, 0.958965, 0.968387, 0.935861, 0.860118, 0.862077, 155, 1
24, 539, 398, 14306453, 6, 117, 111, 85, 81, 107, 1, 1, 1, 1, 0.966038, 155, 0
85, 598, 466, 14307017, 7, 115, 130, 19, 84, 179, 1, 0.938322, 1, 0.863399, 1, 155, 1
179, 598, 542, 14307580, 8, 84, 115, 130, 172, 4, 0.971265, 1, 0.938198, 1, 0.972062, 155, 0
130, 710, 601, 14307580, 8, 94, 118, 37, 9, 70, 1, 1, 0.862018, 0.754714, 0.685319, 155, 1
19, 598, 651, 14307580, 8, 118, 176, 6, 115, 130, 1, 1, 0.859682, 0.97155, 0.884692, 155, 0
37, 798, 672, 14312144, 9, 155, 51, 94, 57, 120, 0.966513, 0.725148, 1, 0.752907, 0.970633, 155, 0
118, 801, 696, 14312144, 9, 155, 51, 94, 140, 57, 1, 0.945451, 1, 0.638158, 0.481405, 155, 1
70, 869, 601, 14312144, 9, 51, 94, 54, 39, 132, 1, 1, 0.86218, 0.967284, 0.967527, 155, 0
94, 801, 732, 14316707, 10, 51, 155, 184, 57, 140, 1, 0.96604, 0.820566, 0.37664, 0.318847, 155, 0
51, 875, 801, 14316707, 10, 155, 10000000, 10000000, 10000000, 10000000, 1, 0, 0, 0, 0, 155, 0
140, 909, 801, 14316707, 10, 155, 51, 10000000, 10000000, 10000000, 1, 1, 0, 0, 0, 155, 0
143, 198, 88, 15299999, 1, 119, 125, 71, 27, 56, 0.968397, 1, 0.940085, 0.864798, 1, 138, 0
56, 156, 198, 15300200, 2, 119, 137, 141, 71, 13, 0.960961, 1, 1, 1, 1, 138, 0
71, 265, 201, 15300200, 2, 135, 18, 104, 41, 194, 1, 1, 0.934224, 0.861294, 1, 138, 1
194, 366, 201, 15308763, 3, 41, 104, 88, 105, 135, 1, 1, 1, 1, 0.773985, 138, 0
104, 398, 274, 15308763, 3, 53, 131, 41, 135, 24, 0.860577, 0.821953, 1, 0.954401, 0.645039, 138, 1
41, 401, 352, 15317327, 4, 131, 53, 24, 150, 45, 0.934748, 0.821388, 0.686614, 0.439853, 0.636521, 138, 0
53, 451, 401, 15317327, 4, 96, 85, 21, 24, 117, 1, 0.842317, 0.752548, 1, 0.684977, 138, 1
24, 552, 398, 15317890, 5, 96, 117, 85, 81, 21, 1, 1, 1, 1, 0.645002, 138, 0
117, 598, 485, 15317890, 5, 130, 115, 90, 19, 84, 1, 1, 0.957536, 0.915476, 0.861615, 138, 0
21, 601, 554, 15317891, 5, 148, 115, 19, 84, 130, 1, 0.970648, 0.874762, 0.725667, 0.56885, 138, 1
130, 699, 601, 15326454, 6, 94, 193, 118, 4, 37, 1, 1, 1, 0.954057, 0.967736, 138, 0
115, 706, 598, 15326454, 6, 172, 4, 37, 148, 6, 0.941339, 0.859779, 1, 0.945609, 0.474624, 138, 0
148, 598, 691, 15326454, 6, 138, 176, 6, 193, 4, 0.965636, 1, 0.858678, 1, 0.967252, 138, 1
4, 601, 758, 15327017, 7, 176, 138, 6, 10000000, 10000000, 1, 0.858291, 0.48062, 0, 0, 138, 0
193, 598, 763, 15327017, 7, 138, 6, 176, 184, 120, 1, 1, 1, 0.377227, 0.322677, 138, 0
176, 663, 798, 15327017, 7, 138, 6, 10000000, 10000000, 10000000, 1, 1, 0, 0, 0, 138, 1
6, 754, 798, 15331581, 8, 138, 10000000, 10000000, 10000000, 10000000, 1, 0, 0, 0, 0, 138, 0
60, 198, 16, 16299999, 1, 71, 27, 98, 174, 110, 1, 0.862081, 1, 0.968248, 1, 57, 0
98, 201, 145, 16300200, 2, 27, 177, 71, 137, 141, 0.966033, 1, 1, 1, 0.870613, 57, 1
174, 118, 201, 16300200, 2, 119, 23, 165, 13, 27, 1, 0.969987, 0.97045, 1, 0.754304, 57, 0
71, 253, 201, 16308763, 3, 49, 104, 18, 135, 27, 1, 0.945145, 1, 0.872595, 1, 57, 0
141, 277, 201, 16308763, 3, 135, 180, 49, 41, 105, 1, 0.970222, 0.965507, 0.863286, 0.861608, 57, 0
137, 198, 269, 16308763, 3, 104, 135, 186, 18, 45, 1, 0.966859, 1, 1, 0.861687, 57, 0
177, 319, 201, 16308763, 3, 41, 105, 104, 180, 49, 1, 0.969308, 1, 1, 1, 57, 1
104, 398, 260, 16313327, 4, 131, 53, 41, 196, 47, 0.842942, 0.862565, 1, 0.91462, 0.725061, 57, 0
49, 442, 201, 16313327, 4, 47, 88, 196, 175, 105, 0.970346, 1, 1, 1, 1, 57, 1
41, 401, 364, 16313327, 4, 131, 24, 53, 150, 47, 0.947826, 0.724803, 0.843302, 0.305859, 0.13681, 57, 1
53, 439, 401, 16313890, 5, 24, 96, 85, 150, 21, 1, 0.768732, 0.752124, 0.970384, 0.647369, 57, 0
131, 472, 401, 16313890, 5, 21, 85, 117, 24, 96, 0.863159, 0.967017, 0.82379, 1, 0.768732, 57, 1
24, 566, 398, 16314454, 6, 170, 96, 107, 117, 81, 1, 1, 0.96355, 1, 1, 57, 0
85, 598, 441, 16314454, 6, 115, 21, 84, 190, 179, 0.967907, 1, 0.755546, 1, 1, 57, 1
117, 598, 472, 16314454, 6, 115, 130, 19, 90, 84, 1, 0.956882, 0.93599, 0.842664, 0.755546, 57, 0
179, 598, 519, 16319017, 7, 115, 84, 133, 87, 90, 1, 0.863056, 0.930832, 1, 0.9577, 57, 0
21, 601, 567, 16319017, 7, 37, 115, 172, 84, 148, 1, 0.967432, 1, 0.755174, 1, 57, 1
190, 758, 401, 16319017, 7, 87, 133, 126, 76, 93, 1, 0.860596, 1, 1, 0.646536, 57, 0
115, 719, 598, 16323581, 8, 37, 146, 84, 118, 70, 1, 0.876119, 1, 0.645442, 0.701343, 57, 1
84, 761, 598, 16323581, 8, 118, 94, 37, 146, 70, 0.86059, 0.7532, 0.791161, 0.604091, 0.566992, 57, 0
84, 761, 598, 16328144, 9, 118, 94, 37, 146, 70, 0.860167, 0.75283, 0.79059, 0.603259, 0.566504, 57, 0
37, 798, 647, 16328144, 9, 155, 39, 51, 94, 118, 0.859767, 0.907501, 0.858363, 1, 1, 57, 1
118, 801, 721, 16328707, 10, 155, 51, 54, 140, 94, 1, 0.958242, 0.695706, 0.603529, 1, 57, 0
175, 520, 201, 16329890, 5, 150, 47, 86, 24, 124, 0.968713, 1, 1, 0.752178, 0.858782, 57, 1
105, 533, 198, 16329890, 5, 150, 47, 131, 53, 88, 1, 1, 0.769431, 0.75285, 1, 57, 0
196, 551, 201, 16329890, 5, 124, 47, 150, 86, 102, 0.966129, 0.968616, 0.818588, 0.842794, 0.750867, 57, 0
88, 581, 198, 16329890, 5, 24, 131, 157, 124, 47, 1, 1, 1, 0.953302, 0.952125, 57, 0
47, 598, 236, 16329890, 5, 190, 170, 81, 35, 107, 1, 1, 0.96737, 0.752288, 0.751525, 57, 1
81, 646, 401, 16330454, 6, 87, 190, 35, 170, 107, 0.859979, 1, 1, 1, 1, 57, 1
107, 717, 398, 16330454, 6, 115, 76, 133, 190, 87, 1, 0.875477, 0.696271, 1, 0.723947, 57, 0
107, 717, 398, 16339017, 7, 115, 76, 133, 190, 87, 1, 0.872208, 0.69489, 1, 0.723199, 57, 0
170, 726, 401, 16339017, 7, 126, 76, 115, 87, 93, 1, 1, 0.767717, 0.859188, 0.752669, 57, 0
190, 758, 401, 16339017, 7, 87, 133, 126, 76, 93, 1, 0.858748, 1, 1, 0.645145, 57, 0
87, 798, 440, 16339017, 7, 146, 9, 130, 133, 84, 0.840035, 0.752652, 1, 1, 0.753548, 57, 1
133, 798, 486, 16339581, 8, 9, 118, 70, 84, 94, 1, 0.9665, 1, 0.841581, 0.64449, 57, 0
84, 761, 598, 16339581, 8, 118, 94, 37, 146, 70, 0.859111, 0.751905, 0.789163, 0.601186, 0.565283, 57, 0
146, 869, 601, 16339581, 8, 132, 54, 39, 9, 94, 0.966815, 0.753363, 1, 1, 0.789236, 57, 1
130, 687, 601, 16339581, 8, 118, 94, 146, 37, 84, 1, 0.966735, 1, 0.961385, 0.861146, 57, 0
9, 964, 598, 16340144, 9, 132, 54, 39, 155, 118, 0.966757, 0.860934, 1, 0.633115, 0.859059, 57, 0
39, 998, 622, 16340144, 9, 57, 54, 191, 132, 162, 0.960692, 1, 0.964689, 1, 0.750619, 57, 1
47, 598, 236, 16342453, 6, 190, 170, 81, 35, 107, 1, 1, 0.966066, 0.751273, 0.750513, 57, 0
150, 598, 280, 16342453, 6, 107, 35, 111, 81, 24, 1, 0.965923, 1, 0.966066, 1, 57, 1
86, 632, 201, 16342453, 6, 81, 40, 113, 58, 102, 1, 0.964186, 0.857084, 0.752071, 1, 57, 0
24, 566, 398, 16343017, 7, 170, 96, 107, 117, 81, 1, 1, 0.960246, 1, 1, 57, 0
81, 646, 401, 16343017, 7, 87, 190, 35, 170, 107, 0.858819, 1, 1, 1, 1, 57, 0
111, 679, 401, 16343017, 7, 133, 90, 87, 126, 190, 0.953412, 1, 1, 0.859621, 1, 57, 0
107, 717, 398, 16343017, 7, 115, 76, 133, 190, 87, 1, 0.870689, 0.694246, 1, 0.722851, 57, 1
190, 758, 401, 16343580, 8, 87, 133, 126, 76, 93, 1, 0.858328, 1, 1, 0.644829, 57, 0
87, 798, 440, 16343580, 8, 146, 9, 130, 133, 84, 0.839575, 0.752283, 1, 1, 0.753178, 57, 0
133, 798, 486, 16343580, 8, 9, 118, 70, 84, 94, 1, 0.966085, 1, 0.841177, 0.644213, 57, 0
76, 848, 401, 16343580, 8, 114, 25, 156, 181, 72, 0.967771, 0.858789, 0.959634, 1, 0.842585, 57, 1
72, 998, 454, 16348144, 9, 199, 146, 187, 25, 9, 1, 1, 1, 1, 0.85933, 57, 0
25, 1001, 556, 16348144, 9, 39, 199, 54, 146, 132, 1, 1, 0.606048, 1, 0.536626, 57, 0
132, 1001, 721, 16348708, 10, 57, 54, 155, 101, 140, 1, 1, 1, 0.695283, 0.632822, 57, 0
54, 1001, 777, 16348708, 10, 57, 10000000, 10000000, 10000000, 10000000, 0.953404, 0, 0, 0, 0, 57, 0
81, 645, 401, 16359580, 8, 87, 190, 35, 170, 107, 0.857295, 1, 1, 1, 1, 57, 0
117, 598, 472, 16359580, 8, 115, 130, 19, 90, 21, 1, 0.950045, 0.92621, 0.838111, 1, 57, 0
170, 726, 401, 16359580, 8, 126, 76, 115, 87, 93, 1, 1, 0.755786, 0.857295, 0.751009, 57, 0
87, 798, 439, 16360144, 9, 146, 9, 130, 133, 84, 0.83791, 0.750946, 1, 1, 0.751839, 57, 0
76, 848, 401, 16360144, 9, 114, 25, 156, 181, 72, 0.966051, 0.857265, 0.95746, 1, 0.840908, 57, 0
187, 998, 553, 16364707, 10, 132, 54, 39, 199, 9, 1, 0.858664, 1, 1, 0.857804, 57, 0
25, 1001, 557, 16364707, 10, 39, 199, 54, 146, 132, 1, 1, 0.603021, 1, 0.535674, 57, 0
199, 998, 580, 16364707, 10, 132, 54, 39, 9, 57, 1, 0.751331, 0.963874, 0.96503, 0.43052, 57, 0
9, 964, 598, 16364707, 10, 132, 54, 39, 155, 118, 0.964213, 0.858664, 1, 0.630664, 0.856799, 57, 0
9, 964, 598, 16365270, 11, 132, 54, 39, 155, 118, 0.964154, 0.858612, 1, 0.630608, 0.856747, 57, 0
39, 998, 622, 16365270, 11, 57, 54, 191, 132, 162, 0.957802, 1, 0.962098, 1, 0.748602, 57, 0
132, 1001, 722, 16365271, 11, 57, 54, 155, 101, 140, 1, 1, 1, 0.692624, 0.631168, 57, 0
54, 1001, 777, 16365271, 11, 57, 10000000, 10000000, 10000000, 10000000, 0.951258, 0, 0, 0, 0, 57, 0
54, 1001, 777, 16365834, 12, 57, 10000000, 10000000, 10000000, 10000000, 0.951186, 0, 0, 0, 0, 57, 0
155, 921, 798, 16365834, 12, 57, 191, 54, 101, 10000000, 1, 0.952963, 0.689767, 1, 0, 57, 0
101, 998, 842, 16365834, 12, 57, 54, 39, 10000000, 10000000, 1, 1, 0.214168, 0, 0, 57, 0
140, 879, 801, 16365834, 12, 57, 54, 191, 101, 155, 1, 1, 1, 0.963214, 1, 57, 0
11, 1, 174, 17299999, 1, 166, 116, 160, 56, 64, 1, 1, 0.846507, 0.755366, 1, 193, 0
64, -1, 223, 17300200, 2, 83, 32, 160, 195, 56, 0.968703, 1, 1, 0.697669, 0.863257, 193, 0
116, 69, 201, 17300200, 2, 23, 119, 56, 137, 98, 0.861103, 0.861663, 1, 0.846893, 0.972413, 193, 1
160, 128, 198, 17300200, 2, 165, 137, 71, 13, 119, 1, 1, 1, 0.954633, 0.759497, 193, 0
56, 182, 198, 17300200, 2, 189, 194, 119, 137, 141, 1, 1, 0.861663, 1, 1, 193, 0
56, 182, 198, 17304763, 3, 189, 194, 119, 137, 141, 1, 1, 0.86124, 1, 1, 193, 0
98, 201, 157, 17304763, 3, 165, 177, 137, 27, 71, 1, 1, 1, 0.861525, 0.946876, 193, 0
137, 198, 255, 17313326, 4, 41, 186, 18, 195, 104, 1, 0.970456, 1, 0.971221, 1, 193, 1
141, 264, 201, 17313326, 4, 41, 189, 135, 104, 27, 0.863281, 1, 0.775327, 0.862872, 1, 193, 0
194, 345, 201, 17313327, 4, 41, 104, 105, 88, 180, 0.86328, 1, 1, 0.969046, 1, 193, 1
104, 398, 245, 17317890, 5, 53, 41, 135, 131, 45, 0.963849, 1, 0.964344, 0.751975, 0.752984, 193, 1
180, 492, 198, 17317890, 5, 41, 47, 86, 24, 88, 0.970713, 1, 1, 0.47649, 1, 193, 0
41, 401, 377, 17322453, 6, 85, 131, 53, 24, 45, 1, 0.954752, 0.859307, 0.646048, 0.723825, 193, 1
135, 349, 398, 17322453, 6, 53, 131, 45, 41, 10000000, 1, 0.770104, 1, 0.842618, 0, 193, 0
131, 459, 401, 17322453, 6, 21, 85, 117, 179, 24, 0.751923, 1, 0.84419, 0.645458, 1, 193, 0
195, 201, 453, 17325890, 5, 20, 65, 45, 135, 149, 1, 0.969949, 0.96729, 1, 1, 193, 1
45, 375, 398, 17327016, 7, 131, 24, 53, 10000000, 10000000, 1, 0.859624, 1, 0, 0, 193, 0
53, 427, 401, 17327016, 7, 24, 85, 131, 117, 21, 1, 0.722239, 1, 0.537103, 0.536825, 193, 0
131, 459, 401, 17327017, 7, 21, 85, 117, 179, 24, 0.751554, 1, 0.843726, 0.645142, 1, 193, 1
24, 579, 398, 17331580, 8, 96, 117, 85, 21, 179, 0.862614, 1, 1, 0.643874, 0.699274, 193, 0
117, 598, 459, 17331580, 8, 96, 21, 130, 115, 90, 0.965089, 1, 0.96055, 1, 0.85799, 193, 1
179, 598, 508, 17331580, 8, 96, 90, 21, 19, 115, 1, 0.961337, 1, 0.858468, 1, 193, 0
149, 201, 541, 17338453, 6, 20, 10, 65, 154, 135, 0.940973, 1, 1, 0.547717, 0.964498, 193, 0
65, 201, 582, 17338453, 6, 95, 20, 154, 10, 67, 1, 1, 0.750252, 0.930523, 0.31561, 193, 0
20, 226, 601, 17338453, 6, 163, 123, 79, 154, 96, 1, 0.770757, 0.643562, 1, 0.321459, 193, 1
135, 349, 398, 17338454, 6, 53, 131, 45, 41, 10000000, 1, 0.76073, 1, 0.840998, 0, 193, 0
45, 375, 398, 17338454, 6, 131, 24, 53, 10000000, 10000000, 1, 0.855419, 1, 0, 0, 193, 0
154, 201, 740, 17339017, 7, 197, 188, 123, 159, 3, 1, 1, 1, 0.943013, 0.634872, 193, 0
21, 601, 580, 17340143, 9, 172, 148, 19, 96, 90, 1, 1, 0.928379, 1, 0.840305, 193, 0
96, 575, 598, 17340144, 9, 4, 172, 148, 193, 19, 0.966745, 1, 0.751247, 0.598944, 1, 193, 1
90, 620, 601, 17340144, 9, 193, 172, 82, 4, 19, 1, 1, 1, 0.751912, 0.961536, 193, 0
130, 675, 601, 17340144, 9, 193, 148, 172, 4, 19, 0.898416, 1, 0.906057, 0.843107, 1, 193, 0
19, 598, 610, 17340707, 10, 193, 4, 172, 148, 176, 1, 1, 1, 1, 0.860916, 193, 0
148, 598, 668, 17340707, 10, 193, 4, 172, 82, 10000000, 1, 1, 1, 0.967338, 0, 193, 0
172, 598, 705, 17340707, 10, 193, 4, 10000000, 10000000, 10000000, 1, 1, 0, 0, 0, 193, 0
4, 601, 783, 17340707, 10, 193, 10000000, 10000000, 10000000, 10000000, 1, 0, 0, 0, 0, 193, 0
53, 427, 401, 17347017, 7, 24, 85, 131, 117, 21, 1, 0.720505, 1, 0.535951, 0.535674, 193, 0
131, 458, 401, 17347017, 7, 21, 85, 117, 179, 24, 0.749944, 1, 0.841696, 0.643757, 1, 193, 0
24, 579, 398, 17347580, 8, 96, 117, 85, 21, 179, 0.856702, 1, 1, 0.64277, 0.696676, 193, 0
85, 598, 429, 17347580, 8, 21, 96, 115, 179, 16, 1, 0.963436, 0.967999, 1, 0.858612, 193, 0
117, 598, 459, 17347580, 8, 96, 21, 130, 115, 90, 0.963436, 1, 0.958446, 1, 0.85652, 193, 0
85, 598, 429, 17348143, 9, 21, 96, 115, 179, 16, 1, 0.963378, 0.967941, 1, 0.85856, 193, 0
117, 598, 459, 17348143, 9, 96, 21, 130, 115, 90, 0.963378, 1, 0.958372, 1, 0.856469, 193, 0
159, 254, 801, 17351580, 8, 128, 3, 197, 52, 188, 1, 1, 1, 0.962584, 1, 193, 0
123, 329, 798, 17351580, 8, 79, 52, 128, 3, 197, 1, 1, 0.760931, 1, 0.962376, 193, 0
3, 377, 798, 17351581, 8, 128, 33, 79, 52, 82, 1, 1, 1, 0.942687, 0.32207, 193, 0
21, 601, 580, 17352707, 10, 172, 148, 19, 96, 90, 1, 1, 0.925679, 1, 0.83904, 193, 0
96, 575, 598, 17352707, 10, 4, 172, 148, 193, 19, 0.965442, 1, 0.750235, 0.596699, 1, 193, 0
90, 620, 601, 17352707, 10, 193, 172, 82, 4, 19, 1, 1, 1, 0.750899, 0.960086, 193, 0
115, 731, 598, 17352707, 10, 172, 148, 19, 90, 4, 0.81768, 0.820361, 0.963592, 0.963057, 0.643628, 193, 0
19, 598, 610, 17353270, 11, 193, 4, 172, 148, 176, 1, 1, 1, 1, 0.859753, 193, 0
148, 598, 668, 17353270, 11, 193, 4, 172, 82, 10000000, 1, 1, 1, 0.966034, 0, 193, 0
172, 598, 704, 17353270, 11, 193, 4, 10000000, 10000000, 10000000, 1, 1, 0, 0, 0, 193, 0
4, 601, 783, 17353270, 11, 193, 10000000, 10000000, 10000000, 10000000, 1, 0, 0, 0, 0, 193, 0
197, 370, 801, 17360144, 9, 128, 82, 33, 79, 172, 1, 0.858064, 0.966206, 1, 0.600411, 193, 0
3, 377, 798, 17360144, 9, 128, 33, 79, 52, 82, 1, 1, 1, 0.941167, 0.321774, 193, 0
79, 401, 771, 17360144, 9, 4, 33, 128, 82, 96, 1, 1, 0.79162, 0.53629, 0.534523, 193, 0
52, 398, 837, 17360144, 9, 82, 33, 128, 79, 10000000, 0.837979, 1, 0.920667, 1, 0, 193, 0
33, 439, 801, 17360707, 10, 193, 4, 82, 172, 148, 1, 0.961171, 1, 0.964224, 0.749592, 193, 0
128, 461, 801, 17360707, 10, 193, 4, 82, 172, 148, 1, 1, 1, 0.964224, 0.963762, 193, 0
4, 601, 783, 17360707, 10, 193, 10000000, 10000000, 10000000, 10000000, 1, 0, 0, 0, 0, 193, 0
160, 140, 198, 18299999, 1, 71, 165, 137, 13, 56, 1, 0.935537, 1, 0.960887, 1, 84, 0
56, 189, 198, 18300200, 2, 189, 119, 141, 194, 71, 1, 0.963089, 1, 0.776174, 1, 84, 0
13, 198, 209, 18300200, 2, 23, 119, 18, 189, 165, 0.972049, 1, 0.824755, 1, 1, 84, 0
137, 198, 242, 18300200, 2, 104, 41, 194, 18, 23, 1, 0.780963, 1, 1, 0.972049, 84, 0
71, 231, 201, 18300200, 2, 104, 27, 48, 194, 18, 0.961323, 1, 1, 1, 0.916367, 84, 1
165, 198, 286, 18300200, 2, 135, 104, 195, 186, 18, 1, 1, 1, 0.972816, 1, 84, 0
194, 333, 201, 18300763, 3, 105, 175, 180, 88, 104, 0.968519, 0.935625, 0.96838, 0.864048, 1, 84, 0
27, 390, 198, 18300763, 3, 131, 196, 175, 180, 41, 1, 1, 1, 1, 0.845606, 84, 0
104, 398, 232, 18300763, 3, 131, 41, 53, 105, 180, 0.963834, 1, 0.861797, 0.962622, 0.96838, 84, 1
48, 401, 178, 18300763, 3, 105, 180, 196, 104, 49, 1, 1, 0.794562, 1, 0.967663, 84, 0
18, 210, 401, 18300763, 3, 135, 45, 104, 149, 194, 1, 0.971125, 0.64553, 0.965124, 1, 84, 0
180, 504, 198, 18301327, 4, 47, 86, 157, 88, 91, 1, 1, 0.876367, 1, 1, 84, 0
41, 401, 390, 18301327, 4, 85, 131, 24, 53, 150, 0.797204, 0.963759, 0.686863, 1, 0.190205, 84, 1
105, 561, 198, 18301327, 4, 24, 124, 157, 150, 47, 1, 1, 1, 0.883084, 1, 84, 1
53, 417, 401, 18301327, 4, 24, 85, 131, 150, 117, 1, 0.646426, 1, 0.752597, 0.549791, 84, 0
53, 417, 401, 18305890, 5, 24, 85, 131, 150, 117, 1, 0.646108, 1, 0.752228, 0.549447, 84, 0
131, 445, 401, 18305890, 5, 85, 24, 117, 179, 81, 0.969163, 1, 0.862496, 0.688438, 0.7252, 84, 0
85, 598, 418, 18305891, 5, 115, 21, 190, 179, 107, 0.8629, 1, 1, 1, 1, 84, 1
179, 598, 497, 18306454, 6, 115, 84, 90, 87, 21, 1, 0.754148, 0.968094, 0.869875, 1, 84, 0
190, 734, 401, 18306454, 6, 133, 87, 58, 84, 35, 0.862107, 1, 1, 0.273795, 1, 84, 1
107, 741, 398, 18306454, 6, 115, 146, 133, 87, 35, 1, 1, 0.795587, 1, 1, 84, 0
47, 598, 213, 18313890, 5, 81, 150, 107, 35, 170, 0.966, 1, 0.645624, 0.64542, 0.611923, 84, 0
150, 598, 253, 18313890, 5, 117, 107, 111, 81, 35, 1, 0.968436, 1, 1, 0.860559, 84, 0
157, 668, 201, 18313890, 5, 170, 81, 40, 113, 58, 1, 0.869898, 1, 0.752713, 0.645778, 84, 0
35, 781, 398, 18315017, 7, 133, 87, 84, 58, 21, 0.96263, 1, 0.410212, 1, 0.646209, 84, 0
87, 798, 415, 18315017, 7, 146, 84, 130, 133, 70, 0.960007, 0.820424, 0.97041, 1, 0.721783, 84, 0
58, 801, 410, 18315017, 7, 115, 133, 87, 10000000, 10000000, 1, 1, 0.794231, 0, 0, 84, 0
133, 798, 464, 18315017, 7, 84, 70, 115, 130, 37, 0.861089, 0.970221, 0.862051, 0.862587, 0.721912, 84, 1
70, 821, 601, 18315581, 8, 84, 37, 10000000, 10000000, 10000000, 0.683634, 0.842174, 0, 0, 0, 84, 0
135, 362, 398, 18317327, 4, 53, 131, 45, 41, 10000000, 1, 0.872068, 1, 0.860001, 0, 84, 0
45, 385, 398, 18317327, 4, 131, 53, 24, 41, 10000000, 1, 1, 0.602971, 1, 0, 84, 0
45, 385, 398, 18317890, 5, 131, 53, 24, 41, 10000000, 1, 1, 0.602869, 1, 0, 84, 0
41, 401, 390, 18317890, 5, 85, 131, 24, 53, 150, 0.786815, 0.961566, 0.685304, 1, 0.189608, 84, 0
53, 417, 401, 18317890, 5, 24, 85, 131, 150, 117, 1, 0.645275, 1, 0.751259, 0.548542, 84, 0
131, 445, 401, 18317890, 5, 85, 24, 117, 179, 81, 0.967912, 1, 0.861381, 0.687303, 0.72415, 84, 0
131, 445, 401, 18318453, 6, 85, 24, 117, 179, 81, 0.967853, 1, 0.861329, 0.687249, 0.724101, 84, 0
24, 587, 398, 18318454, 6, 130, 19, 190, 117, 170, 1, 1, 1, 1, 0.866903, 84, 0
190, 734, 401, 18319017, 7, 133, 87, 58, 84, 35, 0.860941, 1, 1, 0.273325, 1, 84, 0
21, 601, 587, 18319017, 7, 115, 130, 84, 90, 37, 1, 0.725082, 0.537949, 0.859367, 0.438135, 84, 0
90, 612, 601, 18319017, 7, 84, 115, 130, 133, 37, 0.968308, 1, 1, 0.753323, 0.54731, 84, 0
37, 798, 623, 18320144, 9, 84, 10000000, 10000000, 10000000, 10000000, 0.860614, 0, 0, 0, 0, 84, 0
40, 798, 225, 18322454, 6, 58, 170, 113, 107, 76, 1, 0.966221, 1, 0.860039, 0.845099, 84, 0
35, 781, 398, 18327580, 8, 133, 87, 84, 58, 21, 0.96097, 1, 0.409509, 1, 0.645336, 84, 0
87, 798, 415, 18327580, 8, 146, 84, 130, 133, 70, 0.958356, 0.819017, 0.969098, 1, 0.720694, 84, 0
58, 801, 410, 18327580, 8, 115, 133, 87, 10000000, 10000000, 1, 1, 0.792649, 0, 0, 84, 0
133, 798, 464, 18327580, 8, 84, 70, 115, 130, 37, 0.859926, 0.968908, 0.860886, 0.86142, 0.720822, 84, 0
130, 664, 601, 18327580, 8, 84, 115, 37, 146, 70, 0.964066, 1, 0.965808, 0.874981, 0.645939, 84, 0
115, 743, 598, 18327581, 8, 84, 37, 10000000, 10000000, 10000000, 1, 1, 0, 0, 0, 84, 0
70, 821, 601, 18328144, 9, 84, 37, 10000000, 10000000, 10000000, 0.682462, 0.840903, 0, 0, 0, 84, 0
115, 743, 598, 18328144, 9, 84, 37, 10000000, 10000000, 10000000, 1, 1, 0, 0, 0, 84, 0
37, 798, 622, 18328144, 9, 84, 10000000, 10000000, 10000000, 10000000, 0.859874, 0, 0, 0, 0, 84, 0
113, 801, 362, 18331017, 7, 133, 58, 87, 190, 76, 1, 1, 0.907541, 1, 1, 84, 0
107, 741, 398, 18331017, 7, 115, 146, 133, 87, 35, 1, 1, 0.792489, 1, 1, 84, 0
37, 798, 622, 18332707, 10, 84, 10000000, 10000000, 10000000, 10000000, 0.859452, 0, 0, 0, 0, 84, 0
115, 743, 598, 18336144, 9, 84, 37, 10000000, 10000000, 10000000, 1, 1, 0, 0, 0, 84, 0
70, 821, 601, 18336144, 9, 84, 37, 10000000, 10000000, 10000000, 0.681717, 0.840095, 0, 0, 0, 84, 0
37, 798, 622, 18336707, 10, 84, 10000000, 10000000, 10000000, 10000000, 0.859083, 0, 0, 0, 0, 84, 0
76, 825, 401, 18339580, 8, 133, 87, 58, 146, 70, 0.844417, 0.938477, 1, 0.465247, 0.43007, 84, 0
58, 801, 410, 18339580, 8, 115, 133, 87, 10000000, 10000000, 1, 1, 0.791144, 0, 0, 84, 0
87, 798, 415, 18339580, 8, 146, 84, 130, 133, 70, 0.956784, 0.817678, 0.967847, 1, 0.719657, 84, 0
190, 734, 401, 18339580, 8, 133, 87, 58, 84, 35, 0.85904, 1, 1, 0.272559, 1, 84, 0
133, 798, 464, 18339581, 8, 84, 70, 115, 130, 37, 0.858818, 0.967658, 0.859776, 0.860308, 0.719785, 84, 0
115, 743, 598, 18340144, 9, 84, 37, 10000000, 10000000, 10000000, 1, 1, 0, 0, 0, 84, 0
37, 798, 622, 18340707, 10, 84, 10000000, 10000000, 10000000, 10000000, 0.858714, 0, 0, 0, 0, 84, 0
7, 388, -1, 19299999, 1, 185, 48, 125, 144, 100, 1, 0.75574, 1, 1, 1, 118, 0
100, 398, 7, 19300200, 2, 105, 46, 48, 180, 49, 0.755707, 1, 0.863684, 0.756711, 0.755387, 118, 0
125, 398, 35, 19300200, 2, 27, 48, 196, 105, 49, 1, 1, 0.871137, 0.863665, 0.863299, 118, 0
144, 451, 1, 19300200, 2, 27, 105, 46, 5, 12, 1, 0.783042, 1, 1, 0.861536, 118, 0
185, 481, 1, 19300200, 2, 27, 12, 46, 5, 91, 1, 1, 1, 1, 0.645334, 118, 1
5, 592, -1, 19300763, 3, 105, 49, 91, 161, 151, 1, 1, 0.752844, 0.921025, 0.933029, 118, 0
12, 598, 7, 19300763, 3, 91, 168, 86, 88, 157, 0.967942, 1, 0.862137, 0.754053, 0.609461, 118, 1
46, 606, 0, 19300763, 3, 88, 91, 168, 75, 161, 0.779826, 0.752844, 0.611513, 0.647065, 1, 118, 0
91, 601, 200, 19305327, 4, 85, 117, 44, 150, 124, 1, 0.772257, 1, 0.917771, 0.970942, 118, 1
157, 657, 201, 19305327, 4, 170, 40, 81, 113, 150, 0.882784, 1, 0.6078, 0.645319, 0.959756, 118, 0
150, 598, 239, 19305890, 5, 111, 81, 24, 117, 107, 1, 0.9705, 1, 0.877473, 0.863748, 118, 1
111, 638, 401, 19318454, 6, 133, 58, 87, 35, 107, 0.971018, 1, 1, 1, 1, 118, 1
107, 754, 398, 19319017, 7, 115, 146, 133, 58, 87, 0.93402, 0.787307, 0.822229, 1, 1, 118, 0
35, 788, 398, 19319017, 7, 133, 58, 87, 21, 84, 0.966681, 1, 1, 0.537269, 0.360694, 118, 0
58, 801, 426, 19319017, 7, 70, 146, 84, 115, 133, 1, 1, 1, 0.782377, 1, 118, 0
133, 798, 453, 19319017, 7, 146, 115, 70, 84, 37, 1, 1, 0.966003, 0.861176, 0.751455, 118, 1
84, 791, 598, 19319581, 8, 6, 74, 118, 94, 37, 1, 1, 0.843058, 0.858808, 0.858754, 118, 0
70, 812, 601, 19319581, 8, 6, 118, 176, 94, 37, 1, 0.843058, 1, 0.644106, 0.858754, 118, 0
115, 755, 598, 19319581, 8, 118, 37, 84, 146, 6, 0.825175, 1, 1, 0.947186, 0.412602, 118, 1
37, 798, 612, 19319581, 8, 118, 94, 51, 138, 176, 1, 1, 0.752288, 0.752726, 0.905393, 118, 0
84, 791, 598, 19324144, 9, 6, 74, 118, 94, 37, 1, 1, 0.842595, 0.858387, 0.858333, 118, 0
37, 798, 612, 19324144, 9, 118, 94, 51, 138, 176, 1, 1, 0.751919, 0.752357, 0.904148, 118, 0
146, 831, 601, 19324144, 9, 118, 94, 37, 70, 51, 0.753497, 0.751089, 0.819693, 1, 0.214834, 118, 0
