source_id,send_x,send_y,recv_x,recv_y,time,recv_priority,hopcount,recv_id,send_id,destination_x,destination_y,pri_1,pri_2,pri_3,pri_4,pri_5
38, 108, 1, 212, -1, 10300200, 5, 1, 365, 38, 700, 750, 7, 170, 235, 266, 365
38, 108, 1, 219, -1, 10300200, 4, 1, 266, 38, 700, 750, 7, 170, 235, 266, 365
38, 108, 1, 248, -1, 10300200, 2, 1, 170, 38, 700, 750, 7, 170, 235, 266, 365
38, 248, -1, 280, -1, 10304652, 4, 1, 7, 170, 700, 750, 62, 254, 373, 7, 158
38, 248, -1, 319, 1, 10304652, 1, 1, 62, 170, 700, 750, 62, 254, 373, 7, 158
38, 248, -1, 401, 12, 10304652, 3, 1, 373, 170, 700, 750, 62, 254, 373, 7, 158
38, 319, 1, 401, 12, 10305104, 5, 1, 320, 62, 700, 750, 5, 254, 156, 373, 320
38, 319, 1, 401, 12, 10305104, 4, 1, 373, 62, 700, 750, 5, 254, 156, 373, 320
38, 319, 1, 401, 19, 10305104, 2, 1, 254, 62, 700, 750, 5, 254, 156, 373, 320
38, 319, 1, 447, -1, 10305105, 3, 1, 156, 62, 700, 750, 5, 254, 156, 373, 320
38, 401, 19, 401, 79, 10309557, 3, 1, 48, 254, 700, 750, 378, 138, 48, 100, 325
38, 401, 19, 398, 157, 10309557, 2, 1, 138, 254, 700, 750, 378, 138, 48, 100, 325
38, 401, 19, 398, 187, 10309557, 1, 1, 378, 254, 700, 750, 378, 138, 48, 100, 325
38, 398, 187, 418, 198, 10310009, 5, 1, 244, 378, 700, 750, 41, 118, 117, 88, 244
38, 398, 187, 448, 198, 10310009, 3, 1, 117, 378, 700, 750, 41, 118, 117, 88, 244
38, 398, 187, 401, 245, 10310009, 2, 1, 118, 378, 700, 750, 41, 118, 117, 88, 244
38, 398, 187, 401, 288, 10310009, 1, 1, 41, 378, 700, 750, 41, 118, 117, 88, 244
38, 401, 288, 398, 347, 10310462, 1, 1, 116, 41, 700, 750, 116, 104, 388, 224, 381
38, 401, 288, 398, 375, 10310462, 4, 1, 224, 41, 700, 750, 116, 104, 388, 224, 381
38, 401, 288, 401, 412, 10310462, 5, 1, 381, 41, 700, 750, 116, 104, 388, 224, 381
38, 401, 288, 401, 412, 10310462, 3, 1, 388, 41, 700, 750, 116, 104, 388, 224, 381
38, 398, 347, 401, 412, 10310914, 5, 1, 395, 116, 700, 750, 115, 104, 217, 300, 395
38, 398, 347, 401, 415, 10310914, 4, 1, 300, 116, 700, 750, 115, 104, 217, 300, 395
38, 398, 347, 401, 431, 10310914, 3, 1, 217, 116, 700, 750, 115, 104, 217, 300, 395
38, 398, 347, 401, 467, 10310914, 2, 1, 104, 116, 700, 750, 115, 104, 217, 300, 395
38, 398, 347, 398, 533, 10310914, 1, 1, 115, 116, 700, 750, 115, 104, 217, 300, 395
38, 398, 533, 401, 637, 10311367, 2, 1, 154, 115, 700, 750, 79, 154, 108, 162, 227
38, 398, 533, 401, 680, 10311367, 1, 1, 79, 115, 700, 750, 79, 154, 108, 162, 227
38, 447, -1, 488, -1, 10313557, 1, 1, 5, 156, 700, 750, 5, 298, 338, 61, 200
38, 447, -1, 515, 1, 10313557, 4, 1, 61, 156, 700, 750, 5, 298, 338, 61, 200
38, 447, -1, 561, 1, 10313557, 5, 1, 200, 156, 700, 750, 5, 298, 338, 61, 200
38, 447, -1, 580, 1, 10313557, 2, 1, 298, 156, 700, 750, 5, 298, 338, 61, 200
38, 488, -1, 515, 1, 10314009, 3, 1, 61, 5, 700, 750, 200, 220, 61, 298, 291
38, 488, -1, 561, 1, 10314009, 1, 1, 200, 5, 700, 750, 200, 220, 61, 298, 291
38, 488, -1, 580, 1, 10314009, 4, 1, 298, 5, 700, 750, 200, 220, 61, 298, 291
38, 561, 1, 601, 19, 10314461, 3, 1, 291, 200, 700, 750, 155, 91, 291, 105, 220
38, 561, 1, 601, 44, 10314461, 1, 1, 155, 200, 700, 750, 155, 91, 291, 105, 220
38, 561, 1, 634, -1, 10314461, 5, 1, 220, 200, 700, 750, 155, 91, 291, 105, 220
38, 561, 1, 674, -1, 10314461, 4, 1, 105, 200, 700, 750, 155, 91, 291, 105, 220
38, 601, 44, 601, 85, 10314913, 1, 1, 91, 155, 700, 750, 91, 183, 12, 285, 10000000
38, 601, 44, 598, 110, 10314913, 3, 1, 12, 155, 700, 750, 91, 183, 12, 285, 10000000
38, 601, 44, 598, 147, 10314914, 2, 1, 183, 155, 700, 750, 91, 183, 12, 285, 10000000
38, 601, 44, 598, 179, 10314914, 4, 1, 285, 155, 700, 750, 91, 183, 12, 285, 10000000
38, 601, 85, 598, 110, 10315365, 3, 1, 12, 91, 700, 750, 183, 285, 12, 114, 10000000
38, 601, 85, 598, 147, 10315366, 1, 1, 183, 91, 700, 750, 183, 285, 12, 114, 10000000
38, 601, 85, 598, 179, 10315366, 2, 1, 285, 91, 700, 750, 183, 285, 12, 114, 10000000
38, 598, 147, 598, 179, 10315818, 5, 1, 285, 183, 700, 750, 114, 380, 312, 239, 285
38, 598, 147, 587, 201, 10315818, 3, 1, 312, 183, 700, 750, 114, 380, 312, 239, 285
38, 598, 147, 587, 201, 10315818, 2, 1, 380, 183, 700, 750, 114, 380, 312, 239, 285
38, 598, 147, 601, 262, 10315818, 1, 1, 114, 183, 700, 750, 114, 380, 312, 239, 285
38, 401, 637, 401, 680, 10315819, 1, 1, 79, 154, 700, 750, 79, 96, 162, 108, 10000000
38, 401, 637, 398, 728, 10315819, 4, 1, 108, 154, 700, 750, 79, 96, 162, 108, 10000000
38, 601, 262, 598, 315, 10316270, 5, 1, 47, 114, 700, 750, 179, 21, 286, 347, 47
38, 601, 262, 601, 412, 10316270, 4, 1, 347, 114, 700, 750, 179, 21, 286, 347, 47
38, 601, 262, 601, 445, 10316271, 1, 1, 179, 114, 700, 750, 179, 21, 286, 347, 47
38, 601, 445, 601, 487, 10316723, 2, 1, 21, 179, 700, 750, 243, 21, 130, 332, 85
38, 601, 445, 598, 515, 10316723, 5, 1, 85, 179, 700, 750, 243, 21, 130, 332, 85
38, 601, 445, 598, 580, 10316723, 10000000, 1, 243, 179, 700, 750, 10000000, 10000000, 10000000, 10000000, 10000000
38, 401, 79, 398, 115, 10318009, 2, 1, 100, 48, 700, 750, 378, 100, 260, 138, 118
38, 401, 79, 398, 156, 10318009, 4, 1, 138, 48, 700, 750, 378, 100, 260, 138, 118
38, 401, 79, 398, 178, 10318009, 3, 1, 260, 48, 700, 750, 378, 100, 260, 138, 118
38, 401, 79, 398, 187, 10318009, 1, 1, 378, 48, 700, 750, 378, 100, 260, 138, 118
38, 398, 187, 401, 245, 10318461, 2, 1, 118, 378, 700, 750, 41, 118, 117, 88, 356
38, 448, 198, 495, 198, 10318461, 4, 1, 88, 117, 700, 750, 239, 380, 49, 88, 312
38, 398, 187, 401, 288, 10318461, 1, 1, 41, 378, 700, 750, 41, 118, 117, 88, 356
38, 448, 198, 513, 201, 10318461, 3, 1, 49, 117, 700, 750, 239, 380, 49, 88, 312
38, 448, 198, 581, 201, 10318462, 1, 1, 239, 117, 700, 750, 239, 380, 49, 88, 312
38, 401, 288, 398, 347, 10318914, 1, 1, 116, 41, 700, 750, 116, 104, 388, 224, 381
38, 401, 288, 398, 375, 10318914, 4, 1, 224, 41, 700, 750, 116, 104, 388, 224, 381
38, 581, 201, 620, 198, 10318914, 5, 1, 287, 239, 700, 750, 114, 102, 137, 47, 287
38, 401, 288, 401, 412, 10318914, 5, 1, 381, 41, 700, 750, 116, 104, 388, 224, 381
38, 401, 288, 401, 412, 10318914, 3, 1, 388, 41, 700, 750, 116, 104, 388, 224, 381
38, 581, 201, 601, 262, 10318914, 1, 1, 114, 239, 700, 750, 114, 102, 137, 47, 287
38, 581, 201, 647, 198, 10318914, 3, 1, 137, 239, 700, 750, 114, 102, 137, 47, 287
38, 581, 201, 677, 198, 10318914, 2, 1, 102, 239, 700, 750, 114, 102, 137, 47, 287
38, 398, 347, 401, 412, 10319366, 5, 1, 395, 116, 700, 750, 115, 104, 217, 300, 395
38, 398, 347, 401, 416, 10319366, 4, 1, 300, 116, 700, 750, 115, 104, 217, 300, 395
38, 398, 347, 401, 431, 10319366, 3, 1, 217, 116, 700, 750, 115, 104, 217, 300, 395
38, 398, 347, 401, 467, 10319366, 2, 1, 104, 116, 700, 750, 115, 104, 217, 300, 395
38, 601, 262, 598, 315, 10319366, 5, 1, 47, 114, 700, 750, 179, 21, 286, 347, 47
38, 601, 262, 601, 412, 10319366, 4, 1, 347, 114, 700, 750, 179, 21, 286, 347, 47
38, 601, 487, 598, 515, 10321175, 4, 1, 85, 21, 700, 750, 332, 130, 243, 85, 4
38, 601, 487, 598, 552, 10321175, 10000000, 1, 130, 21, 700, 750, 10000000, 10000000, 10000000, 10000000, 10000000
38, 601, 487, 598, 587, 10321175, 10000000, 1, 332, 21, 700, 750, 10000000, 10000000, 10000000, 10000000, 10000000
38, 601, 487, 601, 647, 10321175, 10000000, 1, 186, 21, 700, 750, 10000000, 10000000, 10000000, 10000000, 10000000
38, 598, 580, 601, 690, 10322516, 10000000, 2, 4, 243, 700, 750, 10000000, 10000000, 10000000, 10000000, 10000000
38, 598, 580, 598, 711, 10322516, 10000000, 2, 19, 243, 700, 750, 10000000, 10000000, 10000000, 10000000, 10000000
38, 401, 415, 401, 431, 10323366, 4, 1, 217, 300, 700, 750, 104, 24, 115, 217, 166
38, 401, 415, 401, 467, 10323366, 1, 1, 104, 300, 700, 750, 104, 24, 115, 217, 166
38, 677, 198, 717, 201, 10323366, 1, 1, 86, 102, 700, 750, 86, 114, 319, 250, 58
38, 401, 415, 398, 533, 10323366, 3, 1, 115, 300, 700, 750, 104, 24, 115, 217, 166
38, 677, 198, 801, 212, 10323366, 3, 1, 319, 102, 700, 750, 86, 114, 319, 250, 58
38, 601, 690, 598, 752, 10323400, 10000000, 3, 204, 4, 700, 750, 10000000, 10000000, 10000000, 10000000, 10000000
38, 601, 690, 598, 778, 10323400, 10000000, 3, 236, 4, 700, 750, 10000000, 10000000, 10000000, 10000000, 10000000
38, 601, 690, 598, 787, 10323400, 10000000, 3, 309, 4, 700, 750, 10000000, 10000000, 10000000, 10000000, 10000000
38, 601, 690, 598, 787, 10323400, 10000000, 3, 360, 4, 700, 750, 10000000, 10000000, 10000000, 10000000, 10000000
38, 601, 690, 598, 787, 10323400, 10000000, 3, 393, 4, 700, 750, 10000000, 10000000, 10000000, 10000000, 10000000
38, 601, 690, 601, 858, 10323400, 10000000, 3, 112, 4, 700, 750, 10000000, 10000000, 10000000, 10000000, 10000000
38, 401, 467, 398, 533, 10323818, 1, 1, 115, 104, 700, 750, 115, 154, 79, 10000000, 10000000
38, 717, 201, 801, 212, 10323818, 4, 1, 319, 86, 700, 750, 126, 58, 250, 319, 40
38, 401, 467, 401, 680, 10323819, 3, 1, 79, 104, 700, 750, 115, 154, 79, 10000000, 10000000
38, 398, 533, 401, 638, 10324271, 2, 1, 154, 115, 700, 750, 79, 154, 108, 162, 227
38, 398, 533, 401, 680, 10324271, 1, 1, 79, 115, 700, 750, 79, 154, 108, 162, 227
38, 598, 787, 587, 801, 10326855, 10000000, 4, 317, 309, 700, 750, 10000000, 10000000, 10000000, 10000000, 10000000
38, 598, 787, 612, 798, 10326855, 10000000, 4, 337, 309, 700, 750, 10000000, 10000000, 10000000, 10000000, 10000000
38, 598, 787, 587, 801, 10326855, 10000000, 4, 358, 309, 700, 750, 10000000, 10000000, 10000000, 10000000, 10000000
38, 598, 787, 587, 801, 10326855, 10000000, 4, 384, 309, 700, 750, 10000000, 10000000, 10000000, 10000000, 10000000
38, 598, 787, 587, 801, 10326855, 10000000, 4, 387, 309, 700, 750, 10000000, 10000000, 10000000, 10000000, 10000000
38, 598, 787, 618, 798, 10326855, 10000000, 4, 240, 309, 700, 750, 10000000, 10000000, 10000000, 10000000, 10000000
38, 598, 787, 578, 801, 10326855, 10000000, 4, 257, 309, 700, 750, 10000000, 10000000, 10000000, 10000000, 10000000
38, 598, 787, 551, 801, 10326855, 10000000, 4, 141, 309, 700, 750, 10000000, 10000000, 10000000, 10000000, 10000000
38, 598, 787, 646, 798, 10326855, 10000000, 4, 194, 309, 700, 750, 10000000, 10000000, 10000000, 10000000, 10000000
38, 598, 787, 685, 798, 10326855, 10000000, 4, 6, 309, 700, 750, 10000000, 10000000, 10000000, 10000000, 10000000
38, 598, 787, 598, 924, 10326855, 10000000, 4, 109, 309, 700, 750, 10000000, 10000000, 10000000, 10000000, 10000000
38, 598, 787, 598, 965, 10326855, 10000000, 4, 219, 309, 700, 750, 10000000, 10000000, 10000000, 10000000, 10000000
38, 598, 787, 612, 998, 10326855, 10000000, 4, 361, 309, 700, 750, 10000000, 10000000, 10000000, 10000000, 10000000
38, 674, -1, 716, 1, 10326914, 2, 1, 46, 105, 700, 750, 291, 46, 91, 155, 207
38, 674, -1, 754, 1, 10326914, 5, 1, 207, 105, 700, 750, 291, 46, 91, 155, 207
38, 398, 728, 401, 680, 10328271, 1, 1, 79, 108, 700, 750, 79, 82, 181, 10000000, 10000000
38, 401, 638, 401, 680, 10328723, 1, 1, 79, 154, 700, 750, 79, 96, 162, 108, 10000000
38, 401, 638, 398, 728, 10328723, 4, 1, 108, 154, 700, 750, 79, 96, 162, 108, 10000000
38, 801, 212, 801, 246, 10331819, 3, 1, 126, 319, 700, 750, 40, 58, 126, 187, 111
38, 801, 212, 801, 289, 10331819, 2, 1, 58, 319, 700, 750, 40, 58, 126, 187, 111
38, 801, 212, 798, 359, 10331819, 4, 1, 187, 319, 700, 750, 40, 58, 126, 187, 111
38, 598, 315, 598, 378, 10332722, 5, 1, 290, 47, 700, 750, 179, 286, 347, 21, 290
38, 598, 315, 601, 412, 10332722, 3, 1, 347, 47, 700, 750, 179, 286, 347, 21, 290
38, 598, 315, 601, 419, 10332722, 2, 1, 286, 47, 700, 750, 179, 286, 347, 21, 290
38, 598, 315, 601, 488, 10332723, 4, 1, 21, 47, 700, 750, 179, 286, 347, 21, 290
38, 598, 552, 598, 358, 10335304, 10000000, 2, 206, 130, 700, 750, 10000000, 10000000, 10000000, 10000000, 10000000
38, 801, 289, 798, 322, 10336271, 3, 1, 40, 58, 700, 750, 111, 187, 40, 10000000, 10000000
38, 801, 289, 798, 359, 10336271, 2, 1, 187, 58, 700, 750, 111, 187, 40, 10000000, 10000000
38, 801, 289, 801, 468, 10336271, 1, 1, 111, 58, 700, 750, 111, 187, 40, 10000000, 10000000
38, 801, 468, 798, 518, 10336723, 2, 1, 87, 111, 700, 750, 261, 87, 146, 280, 334
38, 801, 468, 798, 552, 10336724, 10000000, 1, 146, 111, 700, 750, 10000000, 10000000, 10000000, 10000000, 10000000
38, 801, 468, 798, 580, 10336724, 10000000, 1, 280, 111, 700, 750, 10000000, 10000000, 10000000, 10000000, 10000000
38, 801, 468, 801, 612, 10336724, 10000000, 1, 334, 111, 700, 750, 10000000, 10000000, 10000000, 10000000, 10000000
38, 801, 468, 801, 612, 10336724, 10000000, 1, 371, 111, 700, 750, 10000000, 10000000, 10000000, 10000000, 10000000
38, 801, 468, 801, 621, 10336724, 10000000, 1, 261, 111, 700, 750, 10000000, 10000000, 10000000, 10000000, 10000000
38, 601, 412, 601, 445, 10341175, 3, 1, 179, 347, 700, 750, 21, 85, 179, 243, 332
38, 601, 412, 601, 488, 10341175, 1, 1, 21, 347, 700, 750, 21, 85, 179, 243, 332
38, 601, 412, 598, 515, 10341175, 2, 1, 85, 347, 700, 750, 21, 85, 179, 243, 332
38, 398, 728, 401, 680, 10341175, 1, 1, 79, 108, 700, 750, 79, 82, 181, 10000000, 10000000
38, 798, 518, 787, 601, 10341176, 10000000, 1, 318, 87, 700, 750, 10000000, 10000000, 10000000, 10000000, 10000000
38, 798, 518, 787, 601, 10341176, 10000000, 1, 377, 87, 700, 750, 10000000, 10000000, 10000000, 10000000, 10000000
38, 798, 518, 801, 640, 10341176, 10000000, 1, 131, 87, 700, 750, 10000000, 10000000, 10000000, 10000000, 10000000
38, 798, 518, 801, 683, 10341176, 10000000, 1, 94, 87, 700, 750, 10000000, 10000000, 10000000, 10000000, 10000000
38, 601, 488, 598, 515, 10341627, 4, 1, 85, 21, 700, 750, 332, 130, 243, 85, 4
38, 618, 798, 519, 801, 10342036, 10000000, 5, 33, 240, 700, 750, 10000000, 10000000, 10000000, 10000000, 10000000
38, 618, 798, 484, 798, 10342036, 10000000, 5, 82, 240, 700, 750, 10000000, 10000000, 10000000, 10000000, 10000000
38, 618, 798, 812, 798, 10342036, 10000000, 5, 301, 240, 700, 750, 10000000, 10000000, 10000000, 10000000, 10000000
38, 618, 798, 822, 798, 10342036, 10000000, 5, 223, 240, 700, 750, 10000000, 10000000, 10000000, 10000000, 10000000
38, 798, 552, 787, 401, 10344033, 10000000, 2, 306, 146, 700, 750, 10000000, 10000000, 10000000, 10000000, 10000000
38, 798, 552, 787, 401, 10344033, 10000000, 2, 367, 146, 700, 750, 10000000, 10000000, 10000000, 10000000, 10000000
38, 798, 552, 787, 401, 10344033, 10000000, 2, 398, 146, 700, 750, 10000000, 10000000, 10000000, 10000000, 10000000
38, 798, 552, 798, 719, 10344033, 10000000, 2, 37, 146, 700, 750, 10000000, 10000000, 10000000, 10000000, 10000000
38, 685, 798, 849, 798, 10346444, 10000000, 5, 211, 6, 700, 750, 10000000, 10000000, 10000000, 10000000, 10000000
38, 685, 798, 890, 798, 10346444, 10000000, 5, 57, 6, 700, 750, 10000000, 10000000, 10000000, 10000000, 10000000
38, 685, 798, 920, 801, 10346444, 10000000, 5, 51, 6, 700, 750, 10000000, 10000000, 10000000, 10000000, 10000000
38, 801, 683, 798, 755, 10348632, 10000000, 2, 171, 94, 700, 750, 10000000, 10000000, 10000000, 10000000, 10000000
38, 801, 683, 780, 601, 10348632, 10000000, 2, 251, 94, 700, 750, 10000000, 10000000, 10000000, 10000000, 10000000
38, 801, 683, 798, 777, 10348632, 10000000, 2, 297, 94, 700, 750, 10000000, 10000000, 10000000, 10000000, 10000000
38, 801, 683, 801, 847, 10348633, 10000000, 2, 133, 94, 700, 750, 10000000, 10000000, 10000000, 10000000, 10000000
38, 598, 587, 620, 598, 10349207, 10000000, 2, 273, 332, 700, 750, 10000000, 10000000, 10000000, 10000000, 10000000
38, 598, 587, 643, 598, 10349207, 10000000, 2, 128, 332, 700, 750, 10000000, 10000000, 10000000, 10000000, 10000000
38, 598, 587, 553, 601, 10349207, 10000000, 2, 173, 332, 700, 750, 10000000, 10000000, 10000000, 10000000, 10000000
38, 787, 601, 754, 601, 10351296, 10000000, 2, 143, 377, 700, 750, 10000000, 10000000, 10000000, 10000000, 10000000
38, 787, 601, 821, 598, 10351296, 10000000, 2, 277, 377, 700, 750, 10000000, 10000000, 10000000, 10000000, 10000000
38, 787, 601, 841, 598, 10351296, 10000000, 2, 148, 377, 700, 750, 10000000, 10000000, 10000000, 10000000, 10000000
38, 787, 601, 712, 601, 10351296, 10000000, 2, 90, 377, 700, 750, 10000000, 10000000, 10000000, 10000000, 10000000
38, 787, 601, 887, 598, 10351296, 10000000, 2, 9, 377, 700, 750, 10000000, 10000000, 10000000, 10000000, 10000000
38, 787, 601, 685, 598, 10351296, 10000000, 2, 84, 377, 700, 750, 10000000, 10000000, 10000000, 10000000, 10000000
38, 787, 601, 915, 601, 10351296, 10000000, 2, 70, 377, 700, 750, 10000000, 10000000, 10000000, 10000000, 10000000
38, 798, 777, 801, 821, 10352141, 10000000, 3, 248, 297, 700, 750, 10000000, 10000000, 10000000, 10000000, 10000000
38, 798, 777, 801, 888, 10352142, 10000000, 3, 69, 297, 700, 750, 10000000, 10000000, 10000000, 10000000, 10000000
38, 798, 777, 798, 920, 10352142, 10000000, 3, 74, 297, 700, 750, 10000000, 10000000, 10000000, 10000000, 10000000
38, 587, 801, 445, 798, 10359279, 10000000, 5, 181, 358, 700, 750, 10000000, 10000000, 10000000, 10000000, 10000000
38, 553, 601, 509, 601, 10361042, 10000000, 3, 16, 173, 700, 750, 10000000, 10000000, 10000000, 10000000, 10000000
38, 553, 601, 485, 598, 10361042, 10000000, 3, 96, 173, 700, 750, 10000000, 10000000, 10000000, 10000000, 10000000
38, 587, 801, 387, 801, 10365849, 10000000, 5, 304, 317, 700, 750, 10000000, 10000000, 10000000, 10000000, 10000000
38, 587, 801, 387, 801, 10365849, 10000000, 5, 352, 317, 700, 750, 10000000, 10000000, 10000000, 10000000, 10000000
38, 620, 598, 448, 598, 10369987, 10000000, 3, 162, 273, 700, 750, 10000000, 10000000, 10000000, 10000000, 10000000
38, 551, 801, 380, 801, 10370731, 10000000, 5, 227, 141, 700, 750, 10000000, 10000000, 10000000, 10000000, 10000000
38, 551, 801, 317, 801, 10370732, 10000000, 5, 95, 141, 700, 750, 10000000, 10000000, 10000000, 10000000, 10000000
38, 841, 598, 955, 601, 10371069, 10000000, 3, 202, 148, 700, 750, 10000000, 10000000, 10000000, 10000000, 10000000
38, 841, 598, 979, 601, 10371069, 10000000, 3, 256, 148, 700, 750, 10000000, 10000000, 10000000, 10000000, 10000000
38, 841, 598, 987, 601, 10371069, 10000000, 3, 376, 148, 700, 750, 10000000, 10000000, 10000000, 10000000, 10000000
38, 821, 598, 987, 601, 10375857, 10000000, 3, 341, 277, 700, 750, 10000000, 10000000, 10000000, 10000000, 10000000
38, 812, 798, 956, 801, 10376034, 10000000, 6, 196, 301, 700, 750, 10000000, 10000000, 10000000, 10000000, 10000000
38, 812, 798, 1001, 812, 10376034, 10000000, 6, 307, 301, 700, 750, 10000000, 10000000, 10000000, 10000000, 10000000
38, 822, 798, 980, 801, 10382765, 10000000, 6, 252, 223, 700, 750, 10000000, 10000000, 10000000, 10000000, 10000000
38, 822, 798, 1001, 812, 10382765, 10000000, 6, 355, 223, 700, 750, 10000000, 10000000, 10000000, 10000000, 10000000
379, 1, 212, 57, 198, 11300200, 4, 1, 216, 379, 700, 750, 64, 32, 56, 216, 174
379, 1, 212, 1, 297, 11300200, 2, 1, 32, 379, 700, 750, 64, 32, 56, 216, 174
379, 1, 212, -1, 305, 11300200, 1, 1, 64, 379, 700, 750, 64, 32, 56, 216, 174
379, 1, 212, -1, 344, 11300200, 5, 1, 174, 379, 700, 750, 64, 32, 56, 216, 174
379, -1, 305, -1, 344, 11300652, 5, 1, 174, 64, 700, 750, 43, 191, 348, 282, 174
379, -1, 305, -1, 375, 11300652, 4, 1, 282, 64, 700, 750, 43, 191, 348, 282, 174
379, -1, 305, -1, 386, 11300652, 3, 1, 348, 64, 700, 750, 43, 191, 348, 282, 174
379, -1, 305, 1, 459, 11300652, 2, 1, 191, 64, 700, 750, 43, 191, 348, 282, 174
379, 1, 459, -1, 543, 11305105, 3, 1, 201, 191, 700, 750, 390, 268, 201, 163, 267
379, 1, 459, -1, 573, 11305105, 2, 1, 268, 191, 700, 750, 390, 268, 201, 163, 267
379, 1, 459, -1, 587, 11305105, 1, 1, 390, 191, 700, 750, 390, 268, 201, 163, 267
379, 1, 459, 1, 625, 11305105, 5, 1, 267, 191, 700, 750, 390, 268, 201, 163, 267
379, -1, 587, 25, 598, 11305557, 4, 1, 259, 390, 700, 750, 103, 34, 134, 259, 28
379, -1, 587, 55, 598, 11305557, 3, 1, 134, 390, 700, 750, 103, 34, 134, 259, 28
379, -1, 587, 95, 601, 11305557, 1, 1, 103, 390, 700, 750, 103, 34, 134, 259, 28
379, -1, 587, 1, 698, 11305557, 5, 1, 28, 390, 700, 750, 103, 34, 134, 259, 28
379, 95, 601, 146, 601, 11306009, 4, 1, 189, 103, 700, 750, 107, 276, 210, 189, 67
379, 57, 198, 97, 198, 11312652, 3, 1, 56, 216, 700, 750, 129, 17, 56, 313, 238
379, 57, 198, 99, 201, 11312652, 2, 1, 17, 216, 700, 750, 129, 17, 56, 313, 238
379, 57, 198, 148, 201, 11312652, 1, 1, 129, 216, 700, 750, 129, 17, 56, 313, 238
379, 57, 198, 175, 201, 11312652, 5, 1, 238, 216, 700, 750, 129, 17, 56, 313, 238
379, 148, 201, 201, 224, 11313104, 5, 1, 249, 129, 700, 750, 197, 27, 132, 159, 249
379, 148, 201, 253, 198, 11313104, 4, 1, 159, 129, 700, 750, 197, 27, 132, 159, 249
379, 148, 201, 293, 198, 11313104, 2, 1, 27, 129, 700, 750, 197, 27, 132, 159, 249
379, 293, 198, 344, 201, 11317557, 5, 1, 197, 27, 700, 750, 49, 310, 241, 117, 197
379, 293, 198, 371, 201, 11317557, 3, 1, 241, 27, 700, 750, 49, 310, 241, 117, 197
379, 293, 198, 386, 201, 11317557, 2, 1, 310, 27, 700, 750, 49, 310, 241, 117, 197
379, 146, 601, 201, 623, 11318461, 3, 1, 276, 189, 700, 750, 107, 210, 276, 67, 222
379, 386, 201, 401, 257, 11322009, 3, 1, 118, 310, 700, 750, 41, 122, 118, 88, 49
379, 386, 201, 401, 300, 11322009, 1, 1, 41, 310, 700, 750, 41, 122, 118, 88, 49
379, 386, 201, 501, 201, 11322009, 5, 1, 49, 310, 700, 750, 41, 122, 118, 88, 49
379, 386, 201, 510, 198, 11322009, 4, 1, 88, 310, 700, 750, 41, 122, 118, 88, 49
379, 401, 300, 398, 333, 11322461, 4, 1, 116, 41, 700, 750, 217, 224, 388, 116, 351
379, 401, 300, 398, 367, 11322461, 2, 1, 224, 41, 700, 750, 217, 224, 388, 116, 351
379, 401, 300, 398, 387, 11322461, 5, 1, 351, 41, 700, 750, 217, 224, 388, 116, 351
379, 401, 300, 401, 412, 11322461, 3, 1, 388, 41, 700, 750, 217, 224, 388, 116, 351
379, 401, 300, 401, 440, 11322462, 1, 1, 217, 41, 700, 750, 217, 224, 388, 116, 351
379, 401, 440, 401, 479, 11322914, 2, 1, 104, 217, 700, 750, 115, 104, 154, 10000000, 10000000
379, 401, 440, 398, 521, 11322914, 1, 1, 115, 217, 700, 750, 115, 104, 154, 10000000, 10000000
379, 401, 440, 401, 648, 11322914, 3, 1, 154, 217, 700, 750, 115, 104, 154, 10000000, 10000000
379, 398, 521, 401, 648, 11323366, 2, 1, 154, 115, 700, 750, 79, 154, 162, 108, 182
379, 201, 623, 201, 658, 11326914, 3, 1, 210, 276, 700, 750, 107, 67, 210, 10, 178
379, 201, 623, 198, 697, 11326914, 4, 1, 10, 276, 700, 750, 107, 67, 210, 10, 178
379, 201, 623, 201, 706, 11326914, 2, 1, 67, 276, 700, 750, 107, 67, 210, 10, 178
379, 201, 623, 198, 746, 11326914, 5, 1, 178, 276, 700, 750, 107, 67, 210, 10, 178
379, 401, 648, 401, 694, 11327818, 1, 1, 79, 154, 700, 750, 79, 96, 162, 108, 10000000
379, 401, 648, 398, 714, 11327819, 4, 1, 108, 154, 700, 750, 79, 96, 162, 108, 10000000
379, 201, 224, 201, 298, 11329556, 1, 1, 23, 249, 700, 750, 23, 13, 229, 193, 305
379, 201, 224, 198, 301, 11329556, 2, 1, 13, 249, 700, 750, 23, 13, 229, 193, 305
379, 201, 224, 198, 371, 11329557, 3, 1, 229, 249, 700, 750, 23, 13, 229, 193, 305
379, 201, 224, 198, 387, 11329557, 5, 1, 305, 249, 700, 750, 23, 13, 229, 193, 305
379, 201, 298, 198, 371, 11330009, 4, 1, 229, 23, 700, 750, 363, 305, 366, 229, 311
379, 201, 298, 198, 387, 11330009, 2, 1, 305, 23, 700, 750, 363, 305, 366, 229, 311
379, 201, 298, 198, 387, 11330009, 3, 1, 366, 23, 700, 750, 363, 305, 366, 229, 311
379, 201, 298, 201, 412, 11330009, 1, 1, 363, 23, 700, 750, 363, 305, 366, 229, 311
379, 201, 298, 201, 413, 11330009, 5, 1, 311, 23, 700, 750, 363, 305, 366, 229, 311
379, 201, 412, 225, 398, 11330461, 5, 1, 274, 363, 700, 750, 188, 65, 276, 205, 274
379, 201, 412, 201, 459, 11330461, 4, 1, 205, 363, 700, 750, 188, 65, 276, 205, 274
379, 201, 412, 261, 398, 11330461, 1, 1, 188, 363, 700, 750, 188, 65, 276, 205, 274
379, 201, 412, 201, 499, 11330461, 2, 1, 65, 363, 700, 750, 188, 65, 276, 205, 274
379, 261, 398, 296, 398, 11330913, 5, 1, 45, 188, 700, 750, 166, 372, 18, 278, 45
379, 261, 398, 299, 401, 11330913, 3, 1, 18, 188, 700, 750, 166, 372, 18, 278, 45
379, 261, 398, 372, 401, 11330913, 4, 1, 278, 188, 700, 750, 166, 372, 18, 278, 45
379, 261, 398, 412, 398, 11330914, 2, 1, 372, 188, 700, 750, 166, 372, 18, 278, 45
379, 510, 198, 575, 201, 11334461, 5, 1, 239, 88, 700, 750, 380, 312, 287, 102, 239
379, 510, 198, 587, 201, 11334461, 2, 1, 312, 88, 700, 750, 380, 312, 287, 102, 239
379, 510, 198, 587, 201, 11334461, 1, 1, 380, 88, 700, 750, 380, 312, 287, 102, 239
379, 510, 198, 692, 198, 11334462, 4, 1, 102, 88, 700, 750, 380, 312, 287, 102, 239
379, 201, 499, 198, 520, 11334913, 2, 1, 113, 65, 700, 750, 222, 113, 67, 276, 210
379, 201, 499, 198, 554, 11334913, 1, 1, 222, 65, 700, 750, 222, 113, 67, 276, 210
379, 201, 499, 201, 658, 11334914, 5, 1, 210, 65, 700, 750, 222, 113, 67, 276, 210
379, 587, 201, 660, 198, 11334914, 5, 1, 137, 380, 700, 750, 114, 47, 206, 102, 137
379, 587, 201, 601, 272, 11334914, 1, 1, 114, 380, 700, 750, 114, 47, 206, 102, 137
379, 587, 201, 598, 301, 11334914, 2, 1, 47, 380, 700, 750, 114, 47, 206, 102, 137
379, 587, 201, 692, 198, 11334914, 4, 1, 102, 380, 700, 750, 114, 47, 206, 102, 137
379, 587, 201, 598, 347, 11334914, 3, 1, 206, 380, 700, 750, 114, 47, 206, 102, 137
379, 201, 658, 201, 706, 11335366, 2, 1, 67, 210, 700, 750, 107, 67, 10000000, 10000000, 10000000
379, 412, 398, 401, 479, 11335366, 4, 1, 104, 372, 700, 750, 115, 144, 24, 104, 347
379, 412, 398, 499, 398, 11335366, 3, 1, 24, 372, 700, 750, 115, 144, 24, 104, 347
379, 601, 272, 598, 347, 11335366, 5, 1, 206, 114, 700, 750, 290, 179, 347, 286, 206
379, 412, 398, 542, 401, 11335366, 2, 1, 144, 372, 700, 750, 115, 144, 24, 104, 347
379, 601, 272, 598, 371, 11335366, 1, 1, 290, 114, 700, 750, 290, 179, 347, 286, 206
379, 601, 272, 601, 458, 11335366, 2, 1, 179, 114, 700, 750, 290, 179, 347, 286, 206
379, 598, 371, 601, 412, 11335818, 5, 1, 347, 290, 700, 750, 21, 179, 286, 85, 347
379, 598, 371, 601, 426, 11335818, 3, 1, 286, 290, 700, 750, 21, 179, 286, 85, 347
379, 598, 371, 601, 458, 11335818, 2, 1, 179, 290, 700, 750, 21, 179, 286, 85, 347
379, 598, 371, 601, 501, 11335818, 1, 1, 21, 290, 700, 750, 21, 179, 286, 85, 347
379, 598, 371, 598, 503, 11335818, 4, 1, 85, 290, 700, 750, 21, 179, 286, 85, 347
379, 601, 501, 598, 503, 11336270, 5, 1, 85, 21, 700, 750, 186, 332, 243, 130, 85
379, 601, 501, 598, 540, 11336271, 4, 1, 130, 21, 700, 750, 186, 332, 243, 130, 85
379, 601, 501, 598, 574, 11336271, 10000000, 1, 243, 21, 700, 750, 10000000, 10000000, 10000000, 10000000, 10000000
379, 601, 501, 598, 586, 11336271, 10000000, 1, 332, 21, 700, 750, 10000000, 10000000, 10000000, 10000000, 10000000
379, 601, 501, 601, 703, 11336271, 10000000, 1, 4, 21, 700, 750, 10000000, 10000000, 10000000, 10000000, 10000000
379, 542, 401, 601, 412, 11339818, 4, 1, 347, 144, 700, 750, 179, 286, 21, 347, 120
379, 542, 401, 601, 426, 11339818, 2, 1, 286, 144, 700, 750, 179, 286, 21, 347, 120
379, 542, 401, 654, 398, 11339818, 5, 1, 120, 144, 700, 750, 179, 286, 21, 347, 120
379, 398, 714, 401, 694, 11340271, 1, 1, 79, 108, 700, 750, 79, 82, 10000000, 10000000, 10000000
379, 601, 426, 601, 458, 11344270, 5, 1, 179, 286, 700, 750, 243, 332, 21, 85, 179
379, 601, 426, 601, 501, 11344270, 3, 1, 21, 286, 700, 750, 243, 332, 21, 85, 179
379, 601, 426, 598, 502, 11344270, 4, 1, 85, 286, 700, 750, 243, 332, 21, 85, 179
379, 692, 198, 702, 201, 11346914, 1, 1, 86, 102, 700, 750, 86, 319, 114, 250, 58
379, 702, 201, 801, 213, 11347366, 4, 1, 319, 86, 700, 750, 126, 58, 250, 319, 10000000
379, 401, 479, 398, 521, 11347818, 1, 1, 115, 104, 700, 750, 115, 154, 79, 10000000, 10000000
379, 401, 479, 401, 648, 11347818, 2, 1, 154, 104, 700, 750, 115, 154, 79, 10000000, 10000000
379, 398, 521, 401, 648, 11348270, 2, 1, 154, 115, 700, 750, 79, 154, 162, 108, 182
379, 398, 521, 401, 694, 11348271, 1, 1, 79, 115, 700, 750, 79, 154, 162, 108, 182
379, 598, 503, 601, 659, 11348271, 10000000, 1, 186, 85, 700, 750, 10000000, 10000000, 10000000, 10000000, 10000000
379, 401, 648, 401, 694, 11352271, 1, 1, 79, 154, 700, 750, 79, 96, 162, 108, 10000000
379, 401, 648, 398, 714, 11352271, 4, 1, 108, 154, 700, 750, 79, 96, 162, 108, 10000000
379, 654, 398, 696, 398, 11356270, 2, 1, 35, 120, 700, 750, 81, 35, 286, 179, 347
379, 654, 398, 705, 401, 11356270, 1, 1, 81, 120, 700, 750, 81, 35, 286, 179, 347
379, 654, 398, 601, 412, 11356271, 5, 1, 347, 120, 700, 750, 81, 35, 286, 179, 347
379, 601, 703, 598, 695, 11359509, 10000000, 2, 19, 4, 700, 750, 10000000, 10000000, 10000000, 10000000, 10000000
379, 601, 703, 598, 740, 11359509, 10000000, 2, 204, 4, 700, 750, 10000000, 10000000, 10000000, 10000000, 10000000
379, 601, 703, 598, 770, 11359509, 10000000, 2, 236, 4, 700, 750, 10000000, 10000000, 10000000, 10000000, 10000000
379, 601, 703, 598, 787, 11359509, 10000000, 2, 309, 4, 700, 750, 10000000, 10000000, 10000000, 10000000, 10000000
379, 601, 703, 598, 787, 11359509, 10000000, 2, 360, 4, 700, 750, 10000000, 10000000, 10000000, 10000000, 10000000
379, 601, 703, 598, 787, 11359509, 10000000, 2, 393, 4, 700, 750, 10000000, 10000000, 10000000, 10000000, 10000000
379, 601, 703, 601, 872, 11359510, 10000000, 2, 112, 4, 700, 750, 10000000, 10000000, 10000000, 10000000, 10000000
379, 801, 213, 801, 226, 11359818, 5, 1, 250, 319, 700, 750, 58, 40, 126, 187, 250
379, 801, 213, 801, 260, 11359818, 3, 1, 126, 319, 700, 750, 58, 40, 126, 187, 250
379, 801, 213, 801, 304, 11359818, 1, 1, 58, 319, 700, 750, 58, 40, 126, 187, 250
379, 801, 213, 798, 310, 11359818, 2, 1, 40, 319, 700, 750, 58, 40, 126, 187, 250
379, 801, 213, 798, 348, 11359819, 4, 1, 187, 319, 700, 750, 58, 40, 126, 187, 250
379, 801, 304, 798, 310, 11360271, 3, 1, 40, 58, 700, 750, 187, 111, 40, 10000000, 10000000
379, 801, 304, 798, 348, 11360271, 1, 1, 187, 58, 700, 750, 187, 111, 40, 10000000, 10000000
379, 801, 304, 801, 481, 11360271, 2, 1, 111, 58, 700, 750, 187, 111, 40, 10000000, 10000000
379, 798, 348, 787, 401, 11360723, 3, 1, 367, 187, 700, 750, 111, 398, 367, 306, 234
379, 798, 348, 787, 401, 11360723, 2, 1, 398, 187, 700, 750, 111, 398, 367, 306, 234
379, 798, 348, 787, 401, 11360723, 4, 1, 306, 187, 700, 750, 111, 398, 367, 306, 234
379, 798, 348, 801, 481, 11360723, 1, 1, 111, 187, 700, 750, 111, 398, 367, 306, 234
379, 801, 481, 798, 505, 11361175, 3, 1, 87, 111, 700, 750, 261, 146, 87, 280, 371
379, 801, 481, 798, 541, 11361175, 2, 1, 146, 111, 700, 750, 261, 146, 87, 280, 371
379, 801, 481, 798, 573, 11361175, 10000000, 1, 280, 111, 700, 750, 10000000, 10000000, 10000000, 10000000, 10000000
379, 801, 481, 801, 612, 11361176, 10000000, 1, 371, 111, 700, 750, 10000000, 10000000, 10000000, 10000000, 10000000
379, 801, 481, 801, 612, 11361176, 10000000, 1, 334, 111, 700, 750, 10000000, 10000000, 10000000, 10000000, 10000000
379, 801, 481, 801, 629, 11361176, 10000000, 1, 261, 111, 700, 750, 10000000, 10000000, 10000000, 10000000, 10000000
379, 801, 612, 787, 601, 11361495, 10000000, 2, 377, 371, 700, 750, 10000000, 10000000, 10000000, 10000000, 10000000
379, 801, 612, 787, 601, 11361495, 10000000, 2, 318, 371, 700, 750, 10000000, 10000000, 10000000, 10000000, 10000000
379, 801, 612, 774, 601, 11361495, 10000000, 2, 251, 371, 700, 750, 10000000, 10000000, 10000000, 10000000, 10000000
379, 801, 612, 828, 598, 11361495, 10000000, 2, 277, 371, 700, 750, 10000000, 10000000, 10000000, 10000000, 10000000
379, 801, 612, 801, 651, 11361495, 10000000, 2, 131, 371, 700, 750, 10000000, 10000000, 10000000, 10000000, 10000000
379, 801, 612, 853, 598, 11361495, 10000000, 2, 148, 371, 700, 750, 10000000, 10000000, 10000000, 10000000, 10000000
379, 801, 612, 742, 601, 11361495, 10000000, 2, 143, 371, 700, 750, 10000000, 10000000, 10000000, 10000000, 10000000
379, 801, 612, 801, 697, 11361495, 10000000, 2, 94, 371, 700, 750, 10000000, 10000000, 10000000, 10000000, 10000000
379, 801, 612, 798, 707, 11361495, 10000000, 2, 37, 371, 700, 750, 10000000, 10000000, 10000000, 10000000, 10000000
379, 801, 612, 698, 601, 11361495, 10000000, 2, 90, 371, 700, 750, 10000000, 10000000, 10000000, 10000000, 10000000
379, 801, 612, 798, 744, 11361495, 10000000, 2, 171, 371, 700, 750, 10000000, 10000000, 10000000, 10000000, 10000000
379, 398, 714, 401, 694, 11364723, 1, 1, 79, 108, 700, 750, 79, 82, 10000000, 10000000, 10000000
379, 787, 401, 746, 401, 11365175, 5, 1, 124, 398, 700, 750, 111, 146, 87, 81, 124
379, 787, 401, 801, 481, 11365175, 1, 1, 111, 398, 700, 750, 111, 146, 87, 81, 124
379, 787, 401, 705, 401, 11365175, 4, 1, 81, 398, 700, 750, 111, 146, 87, 81, 124
379, 787, 401, 798, 505, 11365175, 3, 1, 87, 398, 700, 750, 111, 146, 87, 81, 124
379, 787, 401, 798, 541, 11365175, 2, 1, 146, 398, 700, 750, 111, 146, 87, 81, 124
379, 801, 612, 698, 598, 11371327, 10000000, 2, 84, 334, 700, 750, 10000000, 10000000, 10000000, 10000000, 10000000
379, 801, 612, 654, 598, 11371327, 10000000, 2, 128, 334, 700, 750, 10000000, 10000000, 10000000, 10000000, 10000000
379, 801, 612, 798, 770, 11371327, 10000000, 2, 297, 334, 700, 750, 10000000, 10000000, 10000000, 10000000, 10000000
379, 601, 412, 601, 458, 11372723, 4, 1, 179, 347, 700, 750, 130, 21, 243, 179, 85
379, 601, 412, 601, 502, 11372723, 2, 1, 21, 347, 700, 750, 130, 21, 243, 179, 85
379, 601, 412, 598, 502, 11372723, 5, 1, 85, 347, 700, 750, 130, 21, 243, 179, 85
379, 598, 770, 612, 798, 11376032, 10000000, 3, 337, 236, 700, 750, 10000000, 10000000, 10000000, 10000000, 10000000
379, 598, 770, 587, 801, 11376032, 10000000, 3, 358, 236, 700, 750, 10000000, 10000000, 10000000, 10000000, 10000000
379, 598, 770, 587, 801, 11376032, 10000000, 3, 384, 236, 700, 750, 10000000, 10000000, 10000000, 10000000, 10000000
379, 598, 770, 587, 801, 11376032, 10000000, 3, 387, 236, 700, 750, 10000000, 10000000, 10000000, 10000000, 10000000
379, 598, 770, 587, 801, 11376032, 10000000, 3, 317, 236, 700, 750, 10000000, 10000000, 10000000, 10000000, 10000000
379, 598, 770, 598, 954, 11376033, 10000000, 3, 219, 236, 700, 750, 10000000, 10000000, 10000000, 10000000, 10000000
379, 601, 502, 598, 502, 11377175, 5, 1, 85, 21, 700, 750, 186, 332, 243, 130, 85
379, 601, 502, 598, 539, 11377175, 4, 1, 130, 21, 700, 750, 186, 332, 243, 130, 85
379, 787, 601, 901, 598, 11377588, 10000000, 3, 9, 318, 700, 750, 10000000, 10000000, 10000000, 10000000, 10000000
379, 787, 601, 903, 601, 11377588, 10000000, 3, 70, 318, 700, 750, 10000000, 10000000, 10000000, 10000000, 10000000
379, 787, 601, 627, 598, 11377588, 10000000, 3, 273, 318, 700, 750, 10000000, 10000000, 10000000, 10000000, 10000000
379, 787, 601, 987, 601, 11377588, 10000000, 3, 376, 318, 700, 750, 10000000, 10000000, 10000000, 10000000, 10000000
379, 587, 801, 572, 801, 11379269, 10000000, 4, 257, 384, 700, 750, 10000000, 10000000, 10000000, 10000000, 10000000
379, 587, 801, 624, 798, 11379269, 10000000, 4, 240, 384, 700, 750, 10000000, 10000000, 10000000, 10000000, 10000000
379, 587, 801, 537, 801, 11379269, 10000000, 4, 141, 384, 700, 750, 10000000, 10000000, 10000000, 10000000, 10000000
379, 587, 801, 658, 798, 11379269, 10000000, 4, 194, 384, 700, 750, 10000000, 10000000, 10000000, 10000000, 10000000
379, 587, 801, 507, 801, 11379269, 10000000, 4, 33, 384, 700, 750, 10000000, 10000000, 10000000, 10000000, 10000000
379, 587, 801, 498, 798, 11379269, 10000000, 4, 82, 384, 700, 750, 10000000, 10000000, 10000000, 10000000, 10000000
379, 587, 801, 598, 910, 11379269, 10000000, 4, 109, 384, 700, 750, 10000000, 10000000, 10000000, 10000000, 10000000
379, 587, 801, 700, 798, 11379269, 10000000, 4, 6, 384, 700, 750, 10000000, 10000000, 10000000, 10000000, 10000000
379, 587, 801, 458, 798, 11379269, 10000000, 4, 181, 384, 700, 750, 10000000, 10000000, 10000000, 10000000, 10000000
379, 587, 801, 386, 801, 11379269, 10000000, 4, 304, 384, 700, 750, 10000000, 10000000, 10000000, 10000000, 10000000
379, 587, 801, 813, 798, 11379269, 10000000, 4, 301, 384, 700, 750, 10000000, 10000000, 10000000, 10000000, 10000000
379, 598, 586, 542, 601, 11380008, 10000000, 2, 173, 332, 700, 750, 10000000, 10000000, 10000000, 10000000, 10000000
379, 828, 598, 943, 601, 11384735, 10000000, 3, 202, 277, 700, 750, 10000000, 10000000, 10000000, 10000000, 10000000
379, 828, 598, 972, 601, 11384735, 10000000, 3, 256, 277, 700, 750, 10000000, 10000000, 10000000, 10000000, 10000000
379, 828, 598, 986, 601, 11384735, 10000000, 3, 341, 277, 700, 750, 10000000, 10000000, 10000000, 10000000, 10000000
379, 598, 787, 374, 801, 11386878, 10000000, 3, 227, 393, 700, 750, 10000000, 10000000, 10000000, 10000000, 10000000
379, 654, 598, 495, 601, 11387213, 10000000, 3, 16, 128, 700, 750, 10000000, 10000000, 10000000, 10000000, 10000000
379, 698, 601, 498, 598, 11390096, 10000000, 3, 96, 90, 700, 750, 10000000, 10000000, 10000000, 10000000, 10000000
379, 801, 697, 801, 829, 11393574, 10000000, 3, 248, 94, 700, 750, 10000000, 10000000, 10000000, 10000000, 10000000
379, 798, 707, 801, 859, 11394314, 10000000, 3, 133, 37, 700, 750, 10000000, 10000000, 10000000, 10000000, 10000000
379, 658, 798, 830, 798, 11400096, 10000000, 5, 223, 194, 700, 750, 10000000, 10000000, 10000000, 10000000, 10000000
379, 798, 744, 798, 906, 11411408, 10000000, 3, 74, 171, 700, 750, 10000000, 10000000, 10000000, 10000000, 10000000
379, 798, 770, 801, 903, 11414932, 10000000, 3, 69, 297, 700, 750, 10000000, 10000000, 10000000, 10000000, 10000000
379, 627, 598, 461, 598, 11415133, 10000000, 4, 162, 273, 700, 750, 10000000, 10000000, 10000000, 10000000, 10000000
379, 813, 798, 863, 798, 11419374, 10000000, 5, 211, 301, 700, 750, 10000000, 10000000, 10000000, 10000000, 10000000
379, 813, 798, 906, 798, 11419375, 10000000, 5, 57, 301, 700, 750, 10000000, 10000000, 10000000, 10000000, 10000000
379, 813, 798, 907, 801, 11419375, 10000000, 5, 51, 301, 700, 750, 10000000, 10000000, 10000000, 10000000, 10000000
379, 813, 798, 945, 801, 11419375, 10000000, 5, 196, 301, 700, 750, 10000000, 10000000, 10000000, 10000000, 10000000
379, 813, 798, 974, 801, 11419375, 10000000, 5, 252, 301, 700, 750, 10000000, 10000000, 10000000, 10000000, 10000000
379, 813, 798, 986, 801, 11419375, 10000000, 5, 329, 301, 700, 750, 10000000, 10000000, 10000000, 10000000, 10000000
379, 813, 798, 1001, 812, 11419375, 10000000, 5, 355, 301, 700, 750, 10000000, 10000000, 10000000, 10000000, 10000000
379, 813, 798, 1001, 813, 11419375, 10000000, 5, 307, 301, 700, 750, 10000000, 10000000, 10000000, 10000000, 10000000
323, 201, 14, 198, 73, 12300200, 4, 1, 60, 323, 700, 750, 199, 98, 123, 60, 170
323, 201, 14, 201, 75, 12300200, 3, 1, 123, 323, 700, 750, 199, 98, 123, 60, 170
323, 201, 14, 201, 98, 12300200, 2, 1, 98, 323, 700, 750, 199, 98, 123, 60, 170
323, 201, 14, 198, 126, 12300200, 1, 1, 199, 323, 700, 750, 199, 98, 123, 60, 170
323, 198, 126, 201, 212, 12300652, 4, 1, 368, 199, 700, 750, 23, 132, 249, 368, 313
323, 198, 126, 201, 215, 12300652, 5, 1, 313, 199, 700, 750, 23, 132, 249, 368, 313
323, 198, 126, 201, 233, 12300652, 3, 1, 249, 199, 700, 750, 23, 132, 249, 368, 313
323, 198, 126, 201, 312, 12300652, 1, 1, 23, 199, 700, 750, 23, 132, 249, 368, 313
323, 201, 312, 198, 385, 12301105, 2, 1, 305, 23, 700, 750, 363, 305, 366, 386, 399
323, 201, 312, 198, 387, 12301105, 3, 1, 366, 23, 700, 750, 363, 305, 366, 386, 399
323, 201, 312, 198, 387, 12301105, 4, 1, 386, 23, 700, 750, 363, 305, 366, 386, 399
323, 201, 312, 198, 387, 12301105, 5, 1, 399, 23, 700, 750, 363, 305, 366, 386, 399
323, 201, 312, 201, 412, 12301105, 1, 1, 363, 23, 700, 750, 363, 305, 366, 386, 399
323, 201, 412, 233, 398, 12301557, 4, 1, 274, 363, 700, 750, 65, 188, 205, 274, 113
323, 201, 412, 201, 472, 12301557, 3, 1, 205, 363, 700, 750, 65, 188, 205, 274, 113
323, 201, 412, 198, 508, 12301557, 5, 1, 113, 363, 700, 750, 65, 188, 205, 274, 113
323, 201, 412, 201, 512, 12301557, 1, 1, 65, 363, 700, 750, 65, 188, 205, 274, 113
323, 201, 512, 198, 542, 12302009, 1, 1, 222, 65, 700, 750, 222, 276, 67, 210, 10
323, 201, 512, 201, 630, 12302010, 2, 1, 276, 65, 700, 750, 222, 276, 67, 210, 10
323, 201, 512, 201, 671, 12302010, 4, 1, 210, 65, 700, 750, 222, 276, 67, 210, 10
323, 198, 542, 201, 630, 12302462, 3, 1, 276, 222, 700, 750, 210, 67, 276, 107, 10
323, 198, 542, 201, 671, 12302462, 1, 1, 210, 222, 700, 750, 210, 67, 276, 107, 10
323, 198, 542, 198, 683, 12302462, 5, 1, 10, 222, 700, 750, 210, 67, 276, 107, 10
323, 201, 671, 201, 720, 12302914, 2, 1, 67, 210, 700, 750, 107, 67, 10000000, 10000000, 10000000
323, 233, 398, 285, 401, 12314009, 4, 1, 18, 274, 700, 750, 45, 381, 372, 18, 395
323, 233, 398, 309, 398, 12314009, 1, 1, 45, 274, 700, 750, 45, 381, 372, 18, 395
323, 233, 398, 401, 412, 12314010, 5, 1, 395, 274, 700, 750, 45, 381, 372, 18, 395
323, 309, 398, 364, 401, 12314461, 3, 1, 278, 45, 700, 750, 349, 335, 278, 395, 388
323, 309, 398, 384, 401, 12314461, 2, 1, 335, 45, 700, 750, 349, 335, 278, 395, 388
323, 309, 398, 401, 412, 12314462, 5, 1, 388, 45, 700, 750, 349, 335, 278, 395, 388
323, 309, 398, 401, 412, 12314462, 4, 1, 395, 45, 700, 750, 349, 335, 278, 395, 388
323, 309, 398, 401, 412, 12314462, 1, 1, 349, 45, 700, 750, 349, 335, 278, 395, 388
323, 401, 412, 401, 451, 12314914, 5, 1, 217, 349, 700, 750, 104, 24, 115, 166, 217
323, 401, 412, 401, 491, 12314914, 1, 1, 104, 349, 700, 750, 104, 24, 115, 166, 217
323, 401, 412, 398, 510, 12314914, 3, 1, 115, 349, 700, 750, 104, 24, 115, 166, 217
323, 401, 491, 398, 510, 12315366, 2, 1, 115, 104, 700, 750, 154, 115, 79, 10000000, 10000000
323, 398, 510, 401, 707, 12319818, 1, 1, 79, 115, 700, 750, 79, 154, 162, 108, 182
159, 279, 198, 288, 201, 13300200, 5, 1, 71, 159, 700, 750, 356, 241, 310, 27, 71
159, 279, 198, 325, 198, 13300200, 4, 1, 27, 159, 700, 750, 356, 241, 310, 27, 71
159, 279, 198, 351, 201, 13300200, 2, 1, 241, 159, 700, 750, 356, 241, 310, 27, 71
159, 279, 198, 379, 201, 13300200, 3, 1, 310, 159, 700, 750, 356, 241, 310, 27, 71
159, 279, 198, 412, 198, 13300200, 1, 1, 356, 159, 700, 750, 356, 241, 310, 27, 71
159, 412, 198, 490, 198, 13300652, 5, 1, 117, 356, 700, 750, 116, 118, 88, 41, 117
159, 412, 198, 401, 284, 13300652, 2, 1, 118, 356, 700, 750, 116, 118, 88, 41, 117
159, 412, 198, 539, 198, 13300652, 3, 1, 88, 356, 700, 750, 116, 118, 88, 41, 117
159, 401, 284, 401, 326, 13305104, 3, 1, 41, 118, 700, 750, 351, 217, 41, 381, 224
159, 401, 284, 398, 346, 13305104, 5, 1, 224, 118, 700, 750, 351, 217, 41, 381, 224
159, 401, 284, 398, 387, 13305105, 1, 1, 351, 118, 700, 750, 351, 217, 41, 381, 224
159, 401, 284, 401, 412, 13305105, 4, 1, 381, 118, 700, 750, 351, 217, 41, 381, 224
159, 398, 387, 442, 398, 13305557, 5, 1, 279, 351, 700, 750, 115, 104, 166, 217, 279
159, 398, 387, 401, 463, 13305557, 4, 1, 217, 351, 700, 750, 115, 104, 166, 217, 279
159, 398, 387, 398, 499, 13305557, 1, 1, 115, 351, 700, 750, 115, 104, 166, 217, 279
159, 398, 499, 401, 502, 13306009, 5, 1, 104, 115, 700, 750, 154, 79, 108, 162, 104
159, 539, 198, 558, 201, 13309104, 5, 1, 239, 88, 700, 750, 86, 272, 137, 380, 239
159, 539, 198, 587, 201, 13309105, 4, 1, 380, 88, 700, 750, 86, 272, 137, 380, 239
159, 539, 198, 674, 201, 13309105, 1, 1, 86, 88, 700, 750, 86, 272, 137, 380, 239
159, 539, 198, 684, 198, 13309105, 3, 1, 137, 88, 700, 750, 86, 272, 137, 380, 239
159, 674, 201, 722, 201, 13309557, 5, 1, 213, 86, 700, 750, 250, 319, 126, 58, 213
159, 442, 398, 478, 401, 13322009, 3, 1, 53, 279, 700, 750, 24, 144, 53, 166, 347
159, 442, 398, 481, 398, 13322009, 4, 1, 166, 279, 700, 750, 24, 144, 53, 166, 347
159, 442, 398, 516, 401, 13322009, 2, 1, 144, 279, 700, 750, 24, 144, 53, 166, 347
159, 401, 502, 401, 673, 13322462, 1, 1, 154, 104, 700, 750, 154, 79, 10000000, 10000000, 10000000
159, 401, 673, 401, 720, 13322914, 3, 1, 79, 154, 700, 750, 96, 162, 79, 10000000, 10000000
159, 516, 401, 678, 398, 13326462, 3, 1, 120, 144, 700, 750, 347, 286, 120, 179, 35
159, 678, 398, 681, 401, 13334914, 1, 1, 81, 120, 700, 750, 81, 179, 124, 21, 286
159, 678, 398, 719, 401, 13334914, 3, 1, 124, 120, 700, 750, 81, 179, 124, 21, 286
346, 1, 225, -1, 265, 14300200, 4, 1, 64, 346, 700, 750, 32, 176, 174, 64, 216
346, 1, 225, -1, 301, 14300200, 3, 1, 174, 346, 700, 750, 32, 176, 174, 64, 216
346, 1, 225, 1, 304, 14300200, 2, 1, 176, 346, 700, 750, 32, 176, 174, 64, 216
346, 1, 225, 1, 344, 14300200, 1, 1, 32, 346, 700, 750, 32, 176, 174, 64, 216
346, 1, 344, -1, 371, 14300652, 3, 1, 348, 32, 700, 750, 201, 43, 348, 191, 10000000
346, 1, 344, 1, 500, 14300652, 4, 1, 191, 32, 700, 750, 201, 43, 348, 191, 10000000
346, 1, 344, -1, 502, 14300652, 1, 1, 201, 32, 700, 750, 201, 43, 348, 191, 10000000
346, -1, 502, 1, 612, 14301105, 5, 1, 374, 201, 700, 750, 163, 267, 214, 328, 374
346, -1, 502, 1, 628, 14301105, 4, 1, 328, 201, 700, 750, 163, 267, 214, 328, 374
346, -1, 502, 1, 654, 14301105, 2, 1, 267, 201, 700, 750, 163, 267, 214, 328, 374
346, 1, 654, 1, 696, 14305557, 4, 1, 163, 267, 700, 750, 134, 34, 259, 163, 10000000
153, 111, -1, 216, -1, 15300200, 5, 1, 365, 153, 700, 750, 149, 170, 62, 330, 365
153, 111, -1, 234, -1, 15300200, 4, 1, 330, 153, 700, 750, 149, 170, 62, 330, 365
153, 111, -1, 250, 1, 15300200, 3, 1, 62, 153, 700, 750, 149, 170, 62, 330, 365
153, 111, -1, 291, 1, 15300200, 1, 1, 149, 153, 700, 750, 149, 170, 62, 330, 365
153, 291, 1, 401, 14, 15300652, 2, 1, 373, 149, 700, 750, 288, 373, 320, 156, 61
153, 291, 1, 449, 1, 15300653, 5, 1, 61, 149, 700, 750, 288, 373, 320, 156, 61
153, 401, 14, 401, 72, 15305105, 5, 1, 254, 373, 700, 750, 378, 48, 158, 260, 254
153, 401, 14, 401, 113, 15305105, 3, 1, 158, 373, 700, 750, 378, 48, 158, 260, 254
153, 401, 14, 398, 121, 15305105, 4, 1, 260, 373, 700, 750, 378, 48, 158, 260, 254
153, 401, 14, 401, 144, 15305105, 2, 1, 48, 373, 700, 750, 378, 48, 158, 260, 254
153, 401, 14, 398, 184, 15305105, 1, 1, 378, 373, 700, 750, 378, 48, 158, 260, 254
153, 398, 184, 398, 275, 15305557, 4, 1, 116, 378, 700, 750, 302, 118, 224, 116, 41
153, 398, 184, 401, 310, 15305557, 2, 1, 118, 378, 700, 750, 302, 118, 224, 116, 41
153, 398, 184, 398, 320, 15305557, 3, 1, 224, 378, 700, 750, 302, 118, 224, 116, 41
153, 398, 184, 401, 351, 15305558, 5, 1, 41, 378, 700, 750, 302, 118, 224, 116, 41
153, 401, 310, 401, 351, 15310010, 4, 1, 41, 118, 700, 750, 351, 349, 302, 41, 381
153, 401, 310, 398, 355, 15310010, 3, 1, 302, 118, 700, 750, 351, 349, 302, 41, 381
153, 401, 310, 398, 379, 15310010, 1, 1, 351, 118, 700, 750, 351, 349, 302, 41, 381
153, 401, 310, 401, 412, 15310010, 5, 1, 381, 118, 700, 750, 351, 349, 302, 41, 381
153, 401, 310, 401, 423, 15310010, 2, 1, 349, 118, 700, 750, 351, 349, 302, 41, 381
153, 398, 379, 401, 453, 15310462, 4, 1, 300, 351, 700, 750, 104, 217, 115, 300, 279
153, 398, 379, 398, 477, 15310462, 3, 1, 115, 351, 700, 750, 104, 217, 115, 300, 279
153, 398, 379, 401, 490, 15310462, 2, 1, 217, 351, 700, 750, 104, 217, 115, 300, 279
153, 401, 490, 401, 526, 15314914, 1, 1, 104, 217, 700, 750, 104, 154, 10000000, 10000000, 10000000
153, 449, 1, 501, 1, 15317105, 5, 1, 200, 61, 700, 750, 338, 5, 298, 220, 200
153, 449, 1, 531, 1, 15317105, 3, 1, 298, 61, 700, 750, 338, 5, 298, 220, 200
153, 449, 1, 556, -1, 15317105, 2, 1, 5, 61, 700, 750, 338, 5, 298, 220, 200
153, 449, 1, 566, 1, 15317105, 1, 1, 338, 61, 700, 750, 338, 5, 298, 220, 200
153, 566, 1, 598, 45, 15317557, 4, 1, 12, 338, 700, 750, 155, 291, 91, 12, 220
153, 566, 1, 702, -1, 15317557, 5, 1, 220, 338, 700, 750, 155, 291, 91, 12, 220
153, 598, 45, 601, 72, 15330009, 5, 1, 291, 12, 700, 750, 91, 285, 183, 155, 291
153, 598, 45, 598, 79, 15330009, 3, 1, 183, 12, 700, 750, 91, 285, 183, 155, 291
153, 598, 45, 601, 115, 15330009, 4, 1, 155, 12, 700, 750, 91, 285, 183, 155, 291
153, 598, 45, 598, 128, 15330009, 2, 1, 285, 12, 700, 750, 91, 285, 183, 155, 291
153, 598, 45, 601, 149, 15330010, 1, 1, 91, 12, 700, 750, 91, 285, 183, 155, 291
153, 601, 149, 598, 248, 15330462, 3, 1, 47, 91, 700, 750, 206, 114, 47, 380, 10000000
153, 601, 149, 598, 292, 15330462, 1, 1, 206, 91, 700, 750, 206, 114, 47, 380, 10000000
153, 601, 149, 601, 314, 15330462, 2, 1, 114, 91, 700, 750, 206, 114, 47, 380, 10000000
153, 598, 292, 598, 325, 15330914, 4, 1, 290, 206, 700, 750, 286, 347, 179, 290, 21
153, 598, 292, 601, 434, 15330914, 2, 1, 347, 206, 700, 750, 286, 347, 179, 290, 21
153, 598, 292, 601, 472, 15330915, 1, 1, 286, 206, 700, 750, 286, 347, 179, 290, 21
153, 601, 472, 598, 488, 15331367, 5, 1, 130, 286, 700, 750, 21, 179, 243, 332, 130
153, 601, 472, 601, 510, 15331367, 2, 1, 179, 286, 700, 750, 21, 179, 243, 332, 130
153, 601, 472, 598, 535, 15331367, 10000000, 1, 243, 286, 700, 750, 10000000, 10000000, 10000000, 10000000, 10000000
153, 601, 472, 601, 556, 15331367, 10000000, 1, 21, 286, 700, 750, 10000000, 10000000, 10000000, 10000000, 10000000
153, 601, 472, 598, 562, 15331367, 10000000, 1, 332, 286, 700, 750, 10000000, 10000000, 10000000, 10000000, 10000000
153, 601, 472, 598, 636, 15331367, 10000000, 1, 19, 286, 700, 750, 10000000, 10000000, 10000000, 10000000, 10000000
153, 598, 535, 598, 695, 15332581, 10000000, 2, 204, 243, 700, 750, 10000000, 10000000, 10000000, 10000000, 10000000
153, 702, -1, 690, 1, 15334010, 1, 1, 207, 220, 700, 750, 207, 225, 46, 291, 155
153, 702, -1, 729, 1, 15334010, 2, 1, 225, 220, 700, 750, 207, 225, 46, 291, 155
153, 702, -1, 649, 1, 15334010, 3, 1, 46, 220, 700, 750, 207, 225, 46, 291, 155
153, 729, 1, 690, 1, 15338462, 3, 1, 207, 225, 700, 750, 75, 209, 207, 10000000, 10000000
153, 601, 556, 598, 453, 15361149, 10000000, 2, 85, 21, 700, 750, 10000000, 10000000, 10000000, 10000000, 10000000
153, 601, 556, 601, 718, 15361149, 10000000, 2, 186, 21, 700, 750, 10000000, 10000000, 10000000, 10000000, 10000000
153, 601, 556, 598, 720, 15361149, 10000000, 2, 236, 21, 700, 750, 10000000, 10000000, 10000000, 10000000, 10000000
153, 601, 556, 598, 787, 15361150, 10000000, 2, 393, 21, 700, 750, 10000000, 10000000, 10000000, 10000000, 10000000
153, 601, 718, 601, 757, 15368234, 10000000, 3, 4, 186, 700, 750, 10000000, 10000000, 10000000, 10000000, 10000000
153, 601, 718, 598, 763, 15368234, 10000000, 3, 309, 186, 700, 750, 10000000, 10000000, 10000000, 10000000, 10000000
153, 601, 718, 598, 783, 15368234, 10000000, 3, 360, 186, 700, 750, 10000000, 10000000, 10000000, 10000000, 10000000
153, 601, 718, 598, 857, 15368234, 10000000, 3, 109, 186, 700, 750, 10000000, 10000000, 10000000, 10000000, 10000000
153, 598, 783, 587, 801, 15372271, 10000000, 4, 384, 360, 700, 750, 10000000, 10000000, 10000000, 10000000, 10000000
153, 598, 783, 587, 801, 15372271, 10000000, 4, 387, 360, 700, 750, 10000000, 10000000, 10000000, 10000000, 10000000
153, 598, 783, 584, 801, 15372271, 10000000, 4, 358, 360, 700, 750, 10000000, 10000000, 10000000, 10000000, 10000000
153, 598, 783, 598, 901, 15372271, 10000000, 4, 219, 360, 700, 750, 10000000, 10000000, 10000000, 10000000, 10000000
153, 584, 801, 565, 801, 15373624, 10000000, 5, 317, 358, 700, 750, 10000000, 10000000, 10000000, 10000000, 10000000
153, 584, 801, 553, 798, 15373624, 10000000, 5, 82, 358, 700, 750, 10000000, 10000000, 10000000, 10000000, 10000000
153, 584, 801, 634, 798, 15373624, 10000000, 5, 337, 358, 700, 750, 10000000, 10000000, 10000000, 10000000, 10000000
153, 584, 801, 525, 801, 15373624, 10000000, 5, 257, 358, 700, 750, 10000000, 10000000, 10000000, 10000000, 10000000
153, 584, 801, 519, 798, 15373624, 10000000, 5, 181, 358, 700, 750, 10000000, 10000000, 10000000, 10000000, 10000000
153, 584, 801, 666, 798, 15373624, 10000000, 5, 240, 358, 700, 750, 10000000, 10000000, 10000000, 10000000, 10000000
153, 584, 801, 484, 801, 15373624, 10000000, 5, 141, 358, 700, 750, 10000000, 10000000, 10000000, 10000000, 10000000
153, 584, 801, 601, 929, 15373624, 10000000, 5, 112, 358, 700, 750, 10000000, 10000000, 10000000, 10000000, 10000000
153, 584, 801, 713, 798, 15373624, 10000000, 5, 194, 358, 700, 750, 10000000, 10000000, 10000000, 10000000, 10000000
153, 584, 801, 755, 798, 15373624, 10000000, 5, 6, 358, 700, 750, 10000000, 10000000, 10000000, 10000000, 10000000
153, 553, 798, 462, 801, 15375903, 10000000, 6, 33, 82, 700, 750, 10000000, 10000000, 10000000, 10000000, 10000000
153, 553, 798, 383, 801, 15375903, 10000000, 6, 352, 82, 700, 750, 10000000, 10000000, 10000000, 10000000, 10000000
153, 598, 636, 552, 598, 15377980, 10000000, 2, 96, 19, 700, 750, 10000000, 10000000, 10000000, 10000000, 10000000
153, 755, 798, 838, 798, 15392865, 10000000, 6, 301, 6, 700, 750, 10000000, 10000000, 10000000, 10000000, 10000000
153, 755, 798, 862, 801, 15392865, 10000000, 6, 51, 6, 700, 750, 10000000, 10000000, 10000000, 10000000, 10000000
153, 755, 798, 877, 798, 15392865, 10000000, 6, 223, 6, 700, 750, 10000000, 10000000, 10000000, 10000000, 10000000
153, 755, 798, 889, 801, 15392865, 10000000, 6, 196, 6, 700, 750, 10000000, 10000000, 10000000, 10000000, 10000000
153, 755, 798, 917, 798, 15392865, 10000000, 6, 211, 6, 700, 750, 10000000, 10000000, 10000000, 10000000, 10000000
153, 755, 798, 931, 801, 15392865, 10000000, 6, 252, 6, 700, 750, 10000000, 10000000, 10000000, 10000000, 10000000
153, 587, 801, 362, 801, 15400307, 10000000, 5, 304, 384, 700, 750, 10000000, 10000000, 10000000, 10000000, 10000000
153, 838, 798, 964, 801, 15409072, 10000000, 7, 329, 301, 700, 750, 10000000, 10000000, 10000000, 10000000, 10000000
153, 838, 798, 968, 798, 15409072, 10000000, 7, 57, 301, 700, 750, 10000000, 10000000, 10000000, 10000000, 10000000
153, 552, 598, 523, 598, 15422410, 10000000, 3, 162, 96, 700, 750, 10000000, 10000000, 10000000, 10000000, 10000000
153, 552, 598, 495, 601, 15422411, 10000000, 3, 173, 96, 700, 750, 10000000, 10000000, 10000000, 10000000, 10000000
153, 552, 598, 642, 601, 15422411, 10000000, 3, 90, 96, 700, 750, 10000000, 10000000, 10000000, 10000000, 10000000
153, 552, 598, 438, 601, 15422411, 10000000, 3, 16, 96, 700, 750, 10000000, 10000000, 10000000, 10000000, 10000000
153, 552, 598, 342, 598, 15422411, 10000000, 3, 107, 96, 700, 750, 10000000, 10000000, 10000000, 10000000, 10000000
153, 642, 601, 670, 598, 15435769, 10000000, 4, 273, 90, 700, 750, 10000000, 10000000, 10000000, 10000000, 10000000
153, 642, 601, 698, 601, 15435769, 10000000, 4, 143, 90, 700, 750, 10000000, 10000000, 10000000, 10000000, 10000000
153, 642, 601, 704, 598, 15435769, 10000000, 4, 128, 90, 700, 750, 10000000, 10000000, 10000000, 10000000, 10000000
153, 642, 601, 730, 601, 15435769, 10000000, 4, 251, 90, 700, 750, 10000000, 10000000, 10000000, 10000000, 10000000
153, 642, 601, 751, 598, 15435769, 10000000, 4, 84, 90, 700, 750, 10000000, 10000000, 10000000, 10000000, 10000000
153, 642, 601, 765, 601, 15435769, 10000000, 4, 318, 90, 700, 750, 10000000, 10000000, 10000000, 10000000, 10000000
153, 751, 598, 783, 601, 15442452, 10000000, 5, 377, 84, 700, 750, 10000000, 10000000, 10000000, 10000000, 10000000
153, 751, 598, 801, 616, 15442452, 10000000, 5, 371, 84, 700, 750, 10000000, 10000000, 10000000, 10000000, 10000000
153, 751, 598, 801, 637, 15442452, 10000000, 5, 334, 84, 700, 750, 10000000, 10000000, 10000000, 10000000, 10000000
153, 751, 598, 854, 601, 15442452, 10000000, 5, 70, 84, 700, 750, 10000000, 10000000, 10000000, 10000000, 10000000
153, 751, 598, 874, 598, 15442452, 10000000, 5, 277, 84, 700, 750, 10000000, 10000000, 10000000, 10000000, 10000000
153, 751, 598, 883, 601, 15442452, 10000000, 5, 202, 84, 700, 750, 10000000, 10000000, 10000000, 10000000, 10000000
153, 783, 601, 798, 658, 15452417, 10000000, 6, 37, 377, 700, 750, 10000000, 10000000, 10000000, 10000000, 10000000
153, 783, 601, 801, 677, 15452417, 10000000, 6, 261, 377, 700, 750, 10000000, 10000000, 10000000, 10000000, 10000000
153, 783, 601, 801, 702, 15452417, 10000000, 6, 131, 377, 700, 750, 10000000, 10000000, 10000000, 10000000, 10000000
153, 783, 601, 928, 601, 15452418, 10000000, 6, 256, 377, 700, 750, 10000000, 10000000, 10000000, 10000000, 10000000
153, 765, 601, 907, 598, 15457376, 10000000, 5, 148, 318, 700, 750, 10000000, 10000000, 10000000, 10000000, 10000000
153, 765, 601, 963, 601, 15457376, 10000000, 5, 341, 318, 700, 750, 10000000, 10000000, 10000000, 10000000, 10000000
153, 798, 658, 798, 696, 15464489, 10000000, 7, 171, 37, 700, 750, 10000000, 10000000, 10000000, 10000000, 10000000
153, 798, 658, 798, 724, 15464490, 10000000, 7, 297, 37, 700, 750, 10000000, 10000000, 10000000, 10000000, 10000000
153, 798, 658, 801, 751, 15464490, 10000000, 7, 94, 37, 700, 750, 10000000, 10000000, 10000000, 10000000, 10000000
153, 798, 658, 798, 523, 15464490, 10000000, 7, 280, 37, 700, 750, 10000000, 10000000, 10000000, 10000000, 10000000
153, 798, 658, 798, 496, 15464490, 10000000, 7, 146, 37, 700, 750, 10000000, 10000000, 10000000, 10000000, 10000000
153, 798, 658, 798, 851, 15464490, 10000000, 7, 74, 37, 700, 750, 10000000, 10000000, 10000000, 10000000, 10000000
153, 798, 658, 801, 875, 15464490, 10000000, 7, 248, 37, 700, 750, 10000000, 10000000, 10000000, 10000000, 10000000
153, 801, 616, 801, 532, 15466681, 10000000, 6, 111, 371, 700, 750, 10000000, 10000000, 10000000, 10000000, 10000000
153, 801, 616, 798, 452, 15466682, 10000000, 6, 87, 371, 700, 750, 10000000, 10000000, 10000000, 10000000, 10000000
132, 201, 328, 198, 380, 16300200, 5, 1, 366, 132, 700, 750, 222, 113, 311, 399, 366
132, 201, 328, 198, 387, 16300200, 4, 1, 399, 132, 700, 750, 222, 113, 311, 399, 366
132, 201, 328, 201, 441, 16300200, 3, 1, 311, 132, 700, 750, 222, 113, 311, 399, 366
132, 201, 328, 198, 460, 16300200, 2, 1, 113, 132, 700, 750, 222, 113, 311, 399, 366
132, 201, 328, 198, 486, 16300200, 1, 1, 222, 132, 700, 750, 222, 113, 311, 399, 366
132, 198, 486, 201, 527, 16300652, 5, 1, 205, 222, 700, 750, 276, 210, 10, 65, 205
132, 198, 486, 201, 567, 16300652, 4, 1, 65, 222, 700, 750, 276, 210, 10, 65, 205
132, 201, 567, 198, 625, 16313104, 5, 1, 10, 65, 700, 750, 276, 295, 178, 210, 10
132, 201, 567, 201, 674, 16313105, 1, 1, 276, 65, 700, 750, 276, 295, 178, 210, 10
132, 201, 567, 198, 681, 16313105, 3, 1, 178, 65, 700, 750, 276, 295, 178, 210, 10
132, 201, 567, 198, 717, 16313105, 2, 1, 295, 65, 700, 750, 276, 295, 178, 210, 10
132, 201, 567, 201, 725, 16313105, 4, 1, 210, 65, 700, 750, 276, 295, 178, 210, 10
132, 201, 674, 201, 725, 16313557, 2, 1, 210, 276, 700, 750, 107, 210, 10000000, 10000000, 10000000
132, 201, 725, 201, 674, 16318009, 1, 1, 276, 210, 700, 750, 276, 10000000, 10000000, 10000000, 10000000
132, 201, 674, 201, 725, 16318461, 2, 1, 210, 276, 700, 750, 107, 210, 10000000, 10000000, 10000000
132, 201, 725, 201, 674, 16322913, 1, 1, 276, 210, 700, 750, 276, 10000000, 10000000, 10000000, 10000000
132, 201, 674, 201, 725, 16323366, 2, 1, 210, 276, 700, 750, 107, 210, 10000000, 10000000, 10000000
132, 201, 725, 201, 674, 16325557, 1, 1, 276, 210, 700, 750, 276, 10000000, 10000000, 10000000, 10000000
132, 201, 674, 201, 725, 16326009, 2, 1, 210, 276, 700, 750, 107, 210, 10000000, 10000000, 10000000
132, 201, 725, 201, 674, 16327818, 1, 1, 276, 210, 700, 750, 276, 10000000, 10000000, 10000000, 10000000
132, 201, 674, 201, 725, 16328270, 2, 1, 210, 276, 700, 750, 107, 210, 10000000, 10000000, 10000000
132, 201, 725, 201, 674, 16330461, 1, 1, 276, 210, 700, 750, 276, 10000000, 10000000, 10000000, 10000000
132, 201, 674, 201, 725, 16330914, 2, 1, 210, 276, 700, 750, 107, 210, 10000000, 10000000, 10000000
132, 201, 725, 201, 674, 16332722, 1, 1, 276, 210, 700, 750, 276, 10000000, 10000000, 10000000, 10000000
132, 201, 674, 201, 725, 16333174, 2, 1, 210, 276, 700, 750, 107, 210, 10000000, 10000000, 10000000
132, 201, 725, 201, 674, 16335366, 1, 1, 276, 210, 700, 750, 276, 10000000, 10000000, 10000000, 10000000
132, 201, 674, 201, 725, 16335818, 2, 1, 210, 276, 700, 750, 107, 210, 10000000, 10000000, 10000000
132, 201, 725, 201, 674, 16337626, 1, 1, 276, 210, 700, 750, 276, 10000000, 10000000, 10000000, 10000000
132, 201, 674, 201, 725, 16338079, 2, 1, 210, 276, 700, 750, 107, 210, 10000000, 10000000, 10000000
132, 201, 725, 201, 674, 16340270, 1, 1, 276, 210, 700, 750, 276, 10000000, 10000000, 10000000, 10000000
132, 201, 674, 201, 726, 16340722, 2, 1, 210, 276, 700, 750, 107, 210, 10000000, 10000000, 10000000
132, 201, 725, 201, 674, 16342531, 1, 1, 276, 210, 700, 750, 276, 10000000, 10000000, 10000000, 10000000
132, 201, 674, 201, 726, 16342983, 2, 1, 210, 276, 700, 750, 107, 210, 10000000, 10000000, 10000000
132, 201, 726, 201, 674, 16345174, 1, 1, 276, 210, 700, 750, 276, 10000000, 10000000, 10000000, 10000000
132, 201, 674, 201, 726, 16345627, 2, 1, 210, 276, 700, 750, 107, 210, 10000000, 10000000, 10000000
132, 201, 726, 201, 674, 16347435, 1, 1, 276, 210, 700, 750, 276, 10000000, 10000000, 10000000, 10000000
132, 201, 674, 201, 726, 16347887, 2, 1, 210, 276, 700, 750, 107, 210, 10000000, 10000000, 10000000
132, 201, 726, 201, 674, 16350079, 1, 1, 276, 210, 700, 750, 276, 10000000, 10000000, 10000000, 10000000
132, 201, 674, 201, 726, 16350531, 2, 1, 210, 276, 700, 750, 107, 210, 10000000, 10000000, 10000000
132, 201, 726, 201, 674, 16352339, 1, 1, 276, 210, 700, 750, 276, 10000000, 10000000, 10000000, 10000000
132, 201, 674, 201, 726, 16352792, 2, 1, 210, 276, 700, 750, 107, 210, 10000000, 10000000, 10000000
132, 201, 726, 201, 675, 16354983, 1, 1, 276, 210, 700, 750, 276, 10000000, 10000000, 10000000, 10000000
132, 201, 675, 201, 726, 16355435, 2, 1, 210, 276, 700, 750, 107, 210, 10000000, 10000000, 10000000
132, 201, 726, 201, 675, 16357244, 1, 1, 276, 210, 700, 750, 276, 10000000, 10000000, 10000000, 10000000
132, 201, 675, 201, 726, 16357696, 2, 1, 210, 276, 700, 750, 107, 210, 10000000, 10000000, 10000000
132, 201, 726, 201, 675, 16359887, 1, 1, 276, 210, 700, 750, 276, 10000000, 10000000, 10000000, 10000000
132, 201, 675, 201, 726, 16360340, 2, 1, 210, 276, 700, 750, 107, 210, 10000000, 10000000, 10000000
132, 201, 726, 201, 675, 16362148, 1, 1, 276, 210, 700, 750, 276, 10000000, 10000000, 10000000, 10000000
132, 201, 675, 201, 726, 16362600, 2, 1, 210, 276, 700, 750, 107, 210, 10000000, 10000000, 10000000
132, 201, 726, 201, 675, 16364792, 1, 1, 276, 210, 700, 750, 276, 10000000, 10000000, 10000000, 10000000
132, 201, 675, 201, 726, 16365244, 2, 1, 210, 276, 700, 750, 107, 210, 10000000, 10000000, 10000000
132, 201, 726, 201, 675, 16367052, 1, 1, 276, 210, 700, 750, 276, 10000000, 10000000, 10000000, 10000000
132, 201, 675, 201, 726, 16367505, 2, 1, 210, 276, 700, 750, 107, 210, 10000000, 10000000, 10000000
132, 201, 726, 201, 675, 16369696, 1, 1, 276, 210, 700, 750, 276, 10000000, 10000000, 10000000, 10000000
132, 201, 675, 201, 726, 16370148, 2, 1, 210, 276, 700, 750, 107, 210, 10000000, 10000000, 10000000
132, 201, 726, 201, 675, 16371957, 1, 1, 276, 210, 700, 750, 276, 10000000, 10000000, 10000000, 10000000
132, 201, 675, 201, 726, 16372409, 2, 1, 210, 276, 700, 750, 107, 210, 10000000, 10000000, 10000000
132, 201, 726, 201, 675, 16374600, 1, 1, 276, 210, 700, 750, 276, 10000000, 10000000, 10000000, 10000000
132, 201, 675, 201, 726, 16375053, 2, 1, 210, 276, 700, 750, 107, 210, 10000000, 10000000, 10000000
132, 201, 726, 201, 675, 16376861, 1, 1, 276, 210, 700, 750, 276, 10000000, 10000000, 10000000, 10000000
132, 201, 675, 201, 726, 16377313, 2, 1, 210, 276, 700, 750, 107, 210, 10000000, 10000000, 10000000
132, 201, 726, 201, 675, 16379505, 1, 1, 276, 210, 700, 750, 276, 10000000, 10000000, 10000000, 10000000
132, 201, 675, 201, 726, 16379957, 2, 1, 210, 276, 700, 750, 107, 210, 10000000, 10000000, 10000000
132, 201, 726, 201, 675, 16381765, 1, 1, 276, 210, 700, 750, 276, 10000000, 10000000, 10000000, 10000000
132, 201, 675, 201, 726, 16382218, 2, 1, 210, 276, 700, 750, 107, 210, 10000000, 10000000, 10000000
132, 201, 726, 201, 675, 16384409, 1, 1, 276, 210, 700, 750, 276, 10000000, 10000000, 10000000, 10000000
132, 201, 675, 201, 726, 16384861, 2, 1, 210, 276, 700, 750, 107, 210, 10000000, 10000000, 10000000
132, 201, 726, 201, 675, 16386670, 1, 1, 276, 210, 700, 750, 276, 10000000, 10000000, 10000000, 10000000
132, 201, 675, 201, 726, 16387122, 2, 1, 210, 276, 700, 750, 107, 210, 10000000, 10000000, 10000000
132, 201, 726, 201, 675, 16389313, 1, 1, 276, 210, 700, 750, 276, 10000000, 10000000, 10000000, 10000000
132, 201, 675, 201, 726, 16389766, 2, 1, 210, 276, 700, 750, 107, 210, 10000000, 10000000, 10000000
132, 201, 726, 201, 675, 16391574, 1, 1, 276, 210, 700, 750, 276, 10000000, 10000000, 10000000, 10000000
132, 201, 675, 201, 726, 16392026, 2, 1, 210, 276, 700, 750, 107, 210, 10000000, 10000000, 10000000
132, 201, 726, 201, 675, 16394218, 1, 1, 276, 210, 700, 750, 276, 10000000, 10000000, 10000000, 10000000
132, 201, 675, 201, 726, 16394670, 2, 1, 210, 276, 700, 750, 107, 210, 10000000, 10000000, 10000000
132, 201, 726, 201, 675, 16396478, 1, 1, 276, 210, 700, 750, 276, 10000000, 10000000, 10000000, 10000000
132, 201, 675, 201, 726, 16396931, 2, 1, 210, 276, 700, 750, 107, 210, 10000000, 10000000, 10000000
132, 201, 726, 201, 675, 16399122, 1, 1, 276, 210, 700, 750, 276, 10000000, 10000000, 10000000, 10000000
330, 256, -1, 266, 1, 17300200, 5, 1, 149, 330, 700, 750, 7, 170, 266, 373, 149
330, 256, -1, 291, -1, 17300200, 3, 1, 266, 330, 700, 750, 7, 170, 266, 373, 149
330, 256, -1, 338, -1, 17300200, 2, 1, 170, 330, 700, 750, 7, 170, 266, 373, 149
330, 256, -1, 367, -1, 17300200, 1, 1, 7, 330, 700, 750, 7, 170, 266, 373, 149
330, 367, -1, 398, 19, 17300652, 4, 1, 100, 7, 700, 750, 320, 288, 373, 100, 61
330, 367, -1, 401, 24, 17300652, 3, 1, 373, 7, 700, 750, 320, 288, 373, 100, 61
330, 367, -1, 423, 1, 17300652, 5, 1, 61, 7, 700, 750, 320, 288, 373, 100, 61
330, 367, -1, 401, 54, 17300652, 1, 1, 320, 7, 700, 750, 320, 288, 373, 100, 61
330, 367, -1, 500, -1, 17300652, 2, 1, 288, 7, 700, 750, 320, 288, 373, 100, 61
330, 401, 54, 398, 94, 17301104, 4, 1, 260, 320, 700, 750, 48, 158, 378, 260, 254
330, 401, 54, 401, 101, 17301104, 5, 1, 254, 320, 700, 750, 48, 158, 378, 260, 254
330, 401, 54, 401, 143, 17301104, 2, 1, 158, 320, 700, 750, 48, 158, 378, 260, 254
330, 401, 54, 401, 170, 17301104, 1, 1, 48, 320, 700, 750, 48, 158, 378, 260, 254
330, 401, 54, 398, 171, 17301104, 3, 1, 378, 320, 700, 750, 48, 158, 378, 260, 254
330, 401, 170, 398, 246, 17301557, 3, 1, 116, 48, 700, 750, 302, 224, 116, 41, 118
330, 401, 170, 398, 294, 17301557, 2, 1, 224, 48, 700, 750, 302, 224, 116, 41, 118
330, 401, 170, 398, 329, 17301557, 1, 1, 302, 48, 700, 750, 302, 224, 116, 41, 118
330, 401, 170, 401, 336, 17301557, 5, 1, 118, 48, 700, 750, 302, 224, 116, 41, 118
330, 401, 170, 401, 376, 17301557, 4, 1, 41, 48, 700, 750, 302, 224, 116, 41, 118
330, 398, 329, 398, 454, 17302009, 3, 1, 115, 302, 700, 750, 300, 217, 115, 349, 104
330, 398, 329, 401, 515, 17302010, 2, 1, 217, 302, 700, 750, 300, 217, 115, 349, 104
330, 500, -1, 545, -1, 17305104, 5, 1, 156, 288, 700, 750, 207, 46, 5, 338, 156
330, 500, -1, 545, 1, 17305104, 4, 1, 338, 288, 700, 750, 207, 46, 5, 338, 156
330, 500, -1, 580, -1, 17305105, 3, 1, 5, 288, 700, 750, 207, 46, 5, 338, 156
330, 500, -1, 623, 1, 17305105, 2, 1, 46, 288, 700, 750, 207, 46, 5, 338, 156
330, 401, 515, 401, 549, 17306462, 1, 1, 104, 217, 700, 750, 104, 10000000, 10000000, 10000000, 10000000
330, 401, 549, 398, 635, 17306914, 2, 1, 108, 104, 700, 750, 154, 108, 10000000, 10000000, 10000000
330, 623, 1, 665, 1, 17309557, 2, 1, 207, 46, 700, 750, 225, 207, 315, 220, 10000000
330, 623, 1, 704, 1, 17309557, 1, 1, 225, 46, 700, 750, 225, 207, 315, 220, 10000000
330, 623, 1, 745, 1, 17309557, 3, 1, 315, 46, 700, 750, 225, 207, 315, 220, 10000000
330, 398, 635, 401, 724, 17311366, 1, 1, 154, 108, 700, 750, 154, 79, 10000000, 10000000, 10000000
330, 398, 635, 401, 774, 17311366, 2, 1, 79, 108, 700, 750, 154, 79, 10000000, 10000000, 10000000
330, 401, 774, 401, 724, 17315819, 1, 1, 154, 79, 700, 750, 154, 10000000, 10000000, 10000000, 10000000
369, 32, -1, 100, 1, 18300200, 3, 1, 270, 369, 700, 750, 153, 264, 270, 60, 8
369, 32, -1, 105, -1, 18300200, 2, 1, 264, 369, 700, 750, 153, 264, 270, 60, 8
369, 32, -1, 149, -1, 18300200, 1, 1, 153, 369, 700, 750, 153, 264, 270, 60, 8
369, 32, -1, 172, -1, 18300200, 5, 1, 8, 369, 700, 750, 153, 264, 270, 60, 8
369, 149, -1, 198, 8, 18300652, 4, 1, 60, 153, 700, 750, 365, 266, 62, 60, 330
369, 149, -1, 210, 1, 18300652, 3, 1, 62, 153, 700, 750, 365, 266, 62, 60, 330
369, 149, -1, 237, -1, 18300652, 1, 1, 365, 153, 700, 750, 365, 266, 62, 60, 330
369, 149, -1, 269, -1, 18300652, 5, 1, 330, 153, 700, 750, 365, 266, 62, 60, 330
369, 149, -1, 304, -1, 18300652, 2, 1, 266, 153, 700, 750, 365, 266, 62, 60, 330
369, 237, -1, 269, -1, 18301104, 5, 1, 330, 365, 700, 750, 61, 7, 170, 266, 330
369, 237, -1, 304, -1, 18301104, 4, 1, 266, 365, 700, 750, 61, 7, 170, 266, 330
369, 237, -1, 351, -1, 18301105, 3, 1, 170, 365, 700, 750, 61, 7, 170, 266, 330
369, 237, -1, 380, -1, 18301105, 2, 1, 7, 365, 700, 750, 61, 7, 170, 266, 330
369, 304, -1, 351, -1, 18305105, 4, 1, 170, 266, 700, 750, 61, 7, 288, 170, 373
369, 304, -1, 380, -1, 18305105, 2, 1, 7, 266, 700, 750, 61, 7, 288, 170, 373
369, 304, -1, 412, 1, 18305105, 1, 1, 61, 266, 700, 750, 61, 7, 288, 170, 373
369, 380, -1, 401, 67, 18305557, 1, 1, 320, 7, 700, 750, 320, 138, 288, 373, 298
369, 380, -1, 516, -1, 18305557, 3, 1, 288, 7, 700, 750, 320, 138, 288, 373, 298
369, 401, 67, 401, 116, 18306009, 5, 1, 254, 320, 700, 750, 48, 158, 378, 325, 254
369, 401, 67, 398, 121, 18306009, 4, 1, 325, 320, 700, 750, 48, 158, 378, 325, 254
369, 401, 67, 401, 157, 18306009, 2, 1, 158, 320, 700, 750, 48, 158, 378, 325, 254
369, 401, 67, 398, 161, 18306009, 3, 1, 378, 320, 700, 750, 48, 158, 378, 325, 254
369, 401, 67, 401, 182, 18306009, 1, 1, 48, 320, 700, 750, 48, 158, 378, 325, 254
369, 401, 182, 398, 232, 18306461, 3, 1, 116, 48, 700, 750, 302, 224, 116, 41, 118
369, 401, 182, 398, 281, 18306462, 2, 1, 224, 48, 700, 750, 302, 224, 116, 41, 118
369, 401, 182, 398, 316, 18306462, 1, 1, 302, 48, 700, 750, 302, 224, 116, 41, 118
369, 401, 182, 401, 388, 18306462, 4, 1, 41, 48, 700, 750, 302, 224, 116, 41, 118
369, 398, 316, 401, 412, 18306914, 5, 1, 395, 302, 700, 750, 300, 349, 115, 381, 395
369, 398, 316, 401, 425, 18306914, 4, 1, 381, 302, 700, 750, 300, 349, 115, 381, 395
369, 398, 316, 401, 452, 18306914, 2, 1, 349, 302, 700, 750, 300, 349, 115, 381, 395
369, 401, 452, 401, 496, 18311366, 3, 1, 300, 349, 700, 750, 104, 217, 300, 166, 24
369, 401, 452, 401, 528, 18311366, 2, 1, 217, 349, 700, 750, 104, 217, 300, 166, 24
369, 401, 452, 401, 561, 18311367, 1, 1, 104, 349, 700, 750, 104, 217, 300, 166, 24
369, 401, 561, 410, 601, 18311819, 3, 1, 16, 104, 700, 750, 154, 108, 16, 10000000, 10000000
369, 401, 561, 398, 621, 18311819, 2, 1, 108, 104, 700, 750, 154, 108, 16, 10000000, 10000000
369, 401, 561, 401, 736, 18311819, 1, 1, 154, 104, 700, 750, 154, 108, 16, 10000000, 10000000
369, 516, -1, 559, -1, 18314009, 5, 1, 156, 288, 700, 750, 12, 207, 46, 5, 156
369, 516, -1, 588, -1, 18314009, 4, 1, 5, 288, 700, 750, 12, 207, 46, 5, 156
369, 516, -1, 598, 12, 18314009, 1, 1, 12, 288, 700, 750, 12, 207, 46, 5, 156
369, 516, -1, 613, 1, 18314009, 3, 1, 46, 288, 700, 750, 12, 207, 46, 5, 156
369, 516, -1, 652, 1, 18314010, 2, 1, 207, 288, 700, 750, 12, 207, 46, 5, 156
369, 598, 12, 598, 81, 18314462, 5, 1, 285, 12, 700, 750, 88, 47, 155, 291, 285
369, 598, 12, 601, 115, 18314462, 4, 1, 291, 12, 700, 750, 88, 47, 155, 291, 285
369, 398, 621, 410, 601, 18316271, 3, 1, 16, 108, 700, 750, 154, 79, 16, 10000000, 10000000
369, 398, 621, 401, 736, 18316271, 1, 1, 154, 108, 700, 750, 154, 79, 16, 10000000, 10000000
369, 410, 601, 462, 601, 18320271, 3, 1, 173, 16, 700, 750, 162, 96, 173, 128, 273
369, 410, 601, 586, 598, 18320271, 10000000, 1, 96, 16, 700, 750, 10000000, 10000000, 10000000, 10000000, 10000000
369, 410, 601, 611, 601, 18320271, 10000000, 1, 90, 16, 700, 750, 10000000, 10000000, 10000000, 10000000, 10000000
369, 601, 115, 601, 157, 18326914, 5, 1, 155, 291, 700, 750, 47, 88, 91, 206, 155
369, 601, 115, 601, 187, 18326914, 3, 1, 91, 291, 700, 750, 47, 88, 91, 206, 155
369, 601, 115, 592, 198, 18326914, 2, 1, 88, 291, 700, 750, 47, 88, 91, 206, 155
369, 601, 115, 598, 212, 18326914, 1, 1, 47, 291, 700, 750, 47, 88, 91, 206, 155
369, 598, 212, 598, 251, 18327366, 3, 1, 206, 47, 700, 750, 114, 290, 206, 347, 179
369, 598, 212, 598, 288, 18327366, 2, 1, 290, 47, 700, 750, 114, 290, 206, 347, 179
369, 598, 212, 601, 345, 18327366, 1, 1, 114, 47, 700, 750, 114, 290, 206, 347, 179
369, 601, 345, 598, 416, 18327819, 5, 1, 85, 114, 700, 750, 243, 347, 130, 286, 85
369, 601, 345, 598, 450, 18327819, 3, 1, 130, 114, 700, 750, 243, 347, 130, 286, 85
369, 601, 345, 601, 471, 18327819, 2, 1, 347, 114, 700, 750, 243, 347, 130, 286, 85
369, 601, 345, 598, 501, 18327819, 1, 1, 243, 114, 700, 750, 243, 347, 130, 286, 85
369, 598, 501, 601, 550, 18328271, 5, 1, 179, 243, 700, 750, 309, 21, 186, 19, 179
369, 598, 501, 601, 589, 18328271, 10000000, 1, 21, 243, 700, 750, 10000000, 10000000, 10000000, 10000000, 10000000
369, 598, 501, 598, 605, 18328271, 10000000, 1, 19, 243, 700, 750, 10000000, 10000000, 10000000, 10000000, 10000000
369, 598, 501, 598, 682, 18328272, 10000000, 1, 236, 243, 700, 750, 10000000, 10000000, 10000000, 10000000, 10000000
369, 462, 601, 565, 598, 18328723, 10000000, 1, 162, 173, 700, 750, 10000000, 10000000, 10000000, 10000000, 10000000
369, 611, 601, 666, 601, 18337468, 10000000, 2, 143, 90, 700, 750, 10000000, 10000000, 10000000, 10000000, 10000000
369, 611, 601, 598, 660, 18337468, 10000000, 2, 204, 90, 700, 750, 10000000, 10000000, 10000000, 10000000, 10000000
369, 611, 601, 598, 526, 18337468, 10000000, 2, 332, 90, 700, 750, 10000000, 10000000, 10000000, 10000000, 10000000
369, 611, 601, 690, 601, 18337468, 10000000, 2, 251, 90, 700, 750, 10000000, 10000000, 10000000, 10000000, 10000000
369, 611, 601, 601, 519, 18337468, 10000000, 2, 286, 90, 700, 750, 10000000, 10000000, 10000000, 10000000, 10000000
369, 611, 601, 706, 598, 18337468, 10000000, 2, 273, 90, 700, 750, 10000000, 10000000, 10000000, 10000000, 10000000
369, 611, 601, 598, 727, 18337468, 10000000, 2, 309, 90, 700, 750, 10000000, 10000000, 10000000, 10000000, 10000000
369, 611, 601, 741, 598, 18337468, 10000000, 2, 128, 90, 700, 750, 10000000, 10000000, 10000000, 10000000, 10000000
369, 611, 601, 784, 598, 18337468, 10000000, 2, 84, 90, 700, 750, 10000000, 10000000, 10000000, 10000000, 10000000
369, 598, 727, 598, 761, 18338656, 10000000, 3, 360, 309, 700, 750, 10000000, 10000000, 10000000, 10000000, 10000000
369, 598, 727, 601, 762, 18338656, 10000000, 3, 186, 309, 700, 750, 10000000, 10000000, 10000000, 10000000, 10000000
369, 598, 727, 598, 787, 18338656, 10000000, 3, 393, 309, 700, 750, 10000000, 10000000, 10000000, 10000000, 10000000
369, 598, 727, 601, 788, 18338656, 10000000, 3, 4, 309, 700, 750, 10000000, 10000000, 10000000, 10000000, 10000000
369, 598, 727, 598, 819, 18338656, 10000000, 3, 109, 309, 700, 750, 10000000, 10000000, 10000000, 10000000, 10000000
369, 598, 727, 598, 862, 18338656, 10000000, 3, 219, 309, 700, 750, 10000000, 10000000, 10000000, 10000000, 10000000
369, 598, 761, 587, 798, 18339189, 10000000, 4, 82, 360, 700, 750, 10000000, 10000000, 10000000, 10000000, 10000000
369, 598, 761, 587, 801, 18339189, 10000000, 4, 384, 360, 700, 750, 10000000, 10000000, 10000000, 10000000, 10000000
369, 598, 761, 587, 801, 18339189, 10000000, 4, 387, 360, 700, 750, 10000000, 10000000, 10000000, 10000000, 10000000
369, 565, 598, 731, 601, 18341742, 10000000, 2, 318, 162, 700, 750, 10000000, 10000000, 10000000, 10000000, 10000000
369, 565, 598, 379, 598, 18341742, 10000000, 2, 107, 162, 700, 750, 10000000, 10000000, 10000000, 10000000, 10000000
369, 565, 598, 764, 601, 18341742, 10000000, 2, 377, 162, 700, 750, 10000000, 10000000, 10000000, 10000000, 10000000
369, 587, 798, 565, 801, 18343724, 10000000, 5, 358, 82, 700, 750, 10000000, 10000000, 10000000, 10000000, 10000000
369, 587, 798, 563, 798, 18343724, 10000000, 5, 181, 82, 700, 750, 10000000, 10000000, 10000000, 10000000, 10000000
369, 587, 798, 531, 801, 18343724, 10000000, 5, 317, 82, 700, 750, 10000000, 10000000, 10000000, 10000000, 10000000
369, 587, 798, 668, 798, 18343724, 10000000, 5, 337, 82, 700, 750, 10000000, 10000000, 10000000, 10000000, 10000000
369, 587, 798, 482, 801, 18343724, 10000000, 5, 257, 82, 700, 750, 10000000, 10000000, 10000000, 10000000, 10000000
369, 587, 798, 706, 798, 18343724, 10000000, 5, 240, 82, 700, 750, 10000000, 10000000, 10000000, 10000000, 10000000
369, 587, 798, 450, 801, 18343724, 10000000, 5, 141, 82, 700, 750, 10000000, 10000000, 10000000, 10000000, 10000000
369, 587, 798, 428, 801, 18343725, 10000000, 5, 33, 82, 700, 750, 10000000, 10000000, 10000000, 10000000, 10000000
369, 587, 798, 754, 798, 18343725, 10000000, 5, 194, 82, 700, 750, 10000000, 10000000, 10000000, 10000000, 10000000
369, 690, 601, 821, 601, 18348857, 10000000, 3, 70, 251, 700, 750, 10000000, 10000000, 10000000, 10000000, 10000000
369, 690, 601, 926, 601, 18348857, 10000000, 3, 341, 251, 700, 750, 10000000, 10000000, 10000000, 10000000, 10000000
369, 598, 819, 595, 996, 18351069, 10000000, 4, 42, 109, 700, 750, 10000000, 10000000, 10000000, 10000000, 10000000
369, 598, 819, 610, 1001, 18351069, 10000000, 4, 36, 109, 700, 750, 10000000, 10000000, 10000000, 10000000, 10000000
369, 764, 601, 798, 622, 18351785, 10000000, 3, 37, 377, 700, 750, 10000000, 10000000, 10000000, 10000000, 10000000
369, 764, 601, 801, 637, 18351785, 10000000, 3, 371, 377, 700, 750, 10000000, 10000000, 10000000, 10000000, 10000000
369, 764, 601, 844, 601, 18351785, 10000000, 3, 202, 377, 700, 750, 10000000, 10000000, 10000000, 10000000, 10000000
369, 764, 601, 894, 601, 18351785, 10000000, 3, 256, 377, 700, 750, 10000000, 10000000, 10000000, 10000000, 10000000
369, 764, 601, 914, 598, 18351785, 10000000, 3, 277, 377, 700, 750, 10000000, 10000000, 10000000, 10000000, 10000000
369, 668, 798, 788, 798, 18351834, 10000000, 6, 6, 337, 700, 750, 10000000, 10000000, 10000000, 10000000, 10000000
369, 668, 798, 798, 813, 18351834, 10000000, 6, 74, 337, 700, 750, 10000000, 10000000, 10000000, 10000000, 10000000
369, 668, 798, 828, 801, 18351834, 10000000, 6, 51, 337, 700, 750, 10000000, 10000000, 10000000, 10000000, 10000000
369, 668, 798, 890, 801, 18351834, 10000000, 6, 252, 337, 700, 750, 10000000, 10000000, 10000000, 10000000, 10000000
369, 821, 601, 946, 598, 18358600, 10000000, 4, 148, 70, 700, 750, 10000000, 10000000, 10000000, 10000000, 10000000
369, 821, 601, 968, 601, 18358601, 10000000, 4, 376, 70, 700, 750, 10000000, 10000000, 10000000, 10000000, 10000000
369, 801, 637, 798, 663, 18363986, 10000000, 4, 171, 371, 700, 750, 10000000, 10000000, 10000000, 10000000, 10000000
369, 801, 637, 801, 678, 18363986, 10000000, 4, 334, 371, 700, 750, 10000000, 10000000, 10000000, 10000000, 10000000
369, 801, 637, 798, 689, 18363986, 10000000, 4, 297, 371, 700, 750, 10000000, 10000000, 10000000, 10000000, 10000000
369, 801, 637, 801, 568, 18363986, 10000000, 4, 111, 371, 700, 750, 10000000, 10000000, 10000000, 10000000, 10000000
369, 801, 637, 801, 712, 18363986, 10000000, 4, 261, 371, 700, 750, 10000000, 10000000, 10000000, 10000000, 10000000
369, 801, 637, 801, 736, 18363986, 10000000, 4, 131, 371, 700, 750, 10000000, 10000000, 10000000, 10000000, 10000000
369, 798, 689, 801, 786, 18367144, 10000000, 5, 94, 297, 700, 750, 10000000, 10000000, 10000000, 10000000, 10000000
369, 798, 689, 798, 487, 18367144, 10000000, 5, 280, 297, 700, 750, 10000000, 10000000, 10000000, 10000000, 10000000
369, 798, 813, 852, 801, 18369214, 10000000, 7, 196, 74, 700, 750, 10000000, 10000000, 10000000, 10000000, 10000000
369, 798, 813, 801, 987, 18369214, 10000000, 7, 69, 74, 700, 750, 10000000, 10000000, 10000000, 10000000, 10000000
369, 798, 622, 798, 464, 18370874, 10000000, 4, 146, 37, 700, 750, 10000000, 10000000, 10000000, 10000000, 10000000
369, 798, 622, 801, 412, 18370874, 10000000, 4, 58, 37, 700, 750, 10000000, 10000000, 10000000, 10000000, 10000000
369, 801, 786, 801, 909, 18376091, 10000000, 6, 248, 94, 700, 750, 10000000, 10000000, 10000000, 10000000, 10000000
369, 801, 786, 801, 943, 18376091, 10000000, 6, 133, 94, 700, 750, 10000000, 10000000, 10000000, 10000000, 10000000
369, 601, 788, 601, 971, 18379156, 10000000, 4, 112, 4, 700, 750, 10000000, 10000000, 10000000, 10000000, 10000000
369, 754, 798, 873, 798, 18382499, 10000000, 6, 301, 194, 700, 750, 10000000, 10000000, 10000000, 10000000, 10000000
369, 754, 798, 956, 798, 18382499, 10000000, 6, 211, 194, 700, 750, 10000000, 10000000, 10000000, 10000000, 10000000
369, 844, 601, 998, 596, 18386051, 10000000, 4, 39, 202, 700, 750, 10000000, 10000000, 10000000, 10000000, 10000000
369, 788, 798, 919, 798, 18389431, 10000000, 7, 223, 6, 700, 750, 10000000, 10000000, 10000000, 10000000, 10000000
369, 788, 798, 930, 801, 18389431, 10000000, 7, 329, 6, 700, 750, 10000000, 10000000, 10000000, 10000000, 10000000
369, 828, 801, 1001, 791, 18393553, 10000000, 7, 54, 51, 700, 750, 10000000, 10000000, 10000000, 10000000, 10000000
369, 801, 568, 798, 417, 18413296, 10000000, 5, 87, 111, 700, 750, 10000000, 10000000, 10000000, 10000000, 10000000
284, 1, 314, 1, 376, 19300200, 5, 1, 176, 284, 700, 750, 340, 268, 32, 50, 176
284, 1, 314, 6, 398, 19300200, 3, 1, 32, 284, 700, 750, 340, 268, 32, 50, 176
284, 1, 314, -1, 422, 19300200, 4, 1, 50, 284, 700, 750, 340, 268, 32, 50, 176
284, 6, 398, 78, 401, 19308652, 4, 1, 262, 32, 700, 750, 110, 221, 336, 262, 390
284, 6, 398, 120, 401, 19308652, 3, 1, 336, 32, 700, 750, 110, 221, 336, 262, 390
284, 6, 398, 145, 398, 19308652, 2, 1, 221, 32, 700, 750, 110, 221, 336, 262, 390
284, 6, 398, 168, 398, 19308652, 1, 1, 110, 32, 700, 750, 110, 221, 336, 262, 390
284, 168, 398, 198, 447, 19309105, 5, 1, 222, 110, 700, 750, 45, 274, 168, 278, 222
284, 168, 398, 271, 401, 19309105, 3, 1, 168, 110, 700, 750, 45, 274, 168, 278, 222
284, 168, 398, 290, 401, 19309105, 4, 1, 278, 110, 700, 750, 45, 274, 168, 278, 222
284, 168, 398, 328, 398, 19309105, 2, 1, 274, 110, 700, 750, 45, 274, 168, 278, 222
284, 328, 398, 390, 398, 19313557, 5, 1, 45, 274, 700, 750, 144, 53, 395, 41, 45
284, 328, 398, 401, 401, 19313557, 4, 1, 41, 274, 700, 750, 144, 53, 395, 41, 45
284, 328, 398, 401, 412, 19313557, 3, 1, 395, 274, 700, 750, 144, 53, 395, 41, 45
284, 328, 398, 410, 401, 19313557, 2, 1, 53, 274, 700, 750, 144, 53, 395, 41, 45
284, 328, 398, 437, 401, 19313557, 1, 1, 144, 274, 700, 750, 144, 53, 395, 41, 45
284, 437, 401, 494, 398, 19314009, 5, 1, 339, 144, 700, 750, 85, 24, 166, 279, 339
284, 437, 401, 525, 398, 19314010, 4, 1, 279, 144, 700, 750, 85, 24, 166, 279, 339
284, 437, 401, 550, 398, 19314010, 3, 1, 166, 144, 700, 750, 85, 24, 166, 279, 339
284, 550, 398, 598, 410, 19322462, 4, 1, 85, 166, 700, 750, 130, 234, 306, 85, 81
284, 550, 398, 598, 438, 19322462, 1, 1, 130, 166, 700, 750, 130, 234, 306, 85, 81
284, 550, 398, 613, 401, 19322462, 5, 1, 81, 166, 700, 750, 130, 234, 306, 85, 81
284, 550, 398, 697, 401, 19322462, 2, 1, 234, 166, 700, 750, 130, 234, 306, 85, 81
284, 550, 398, 722, 401, 19322462, 3, 1, 306, 166, 700, 750, 130, 234, 306, 85, 81
284, 598, 438, 601, 533, 19322914, 5, 1, 286, 130, 700, 750, 90, 21, 96, 179, 286
284, 598, 438, 601, 563, 19322914, 10000000, 1, 179, 130, 700, 750, 10000000, 10000000, 10000000, 10000000, 10000000
284, 598, 438, 601, 592, 19322914, 10000000, 1, 21, 130, 700, 750, 10000000, 10000000, 10000000, 10000000, 10000000
284, 198, 447, 201, 525, 19325557, 4, 1, 299, 222, 700, 750, 20, 205, 65, 299, 10
284, 198, 447, 201, 568, 19325557, 2, 1, 205, 222, 700, 750, 20, 205, 65, 299, 10
284, 198, 447, 198, 581, 19325557, 5, 1, 10, 222, 700, 750, 20, 205, 65, 299, 10
284, 198, 447, 208, 601, 19325557, 1, 1, 20, 222, 700, 750, 20, 205, 65, 299, 10
284, 198, 447, 201, 608, 19325557, 3, 1, 65, 222, 700, 750, 20, 205, 65, 299, 10
284, 208, 601, 243, 601, 19326009, 2, 1, 182, 20, 700, 750, 107, 182, 16, 162, 276
284, 208, 601, 201, 711, 19326009, 5, 1, 276, 20, 700, 750, 107, 182, 16, 162, 276
284, 243, 601, 387, 598, 19330462, 2, 1, 107, 182, 700, 750, 108, 107, 16, 162, 173
284, 601, 563, 592, 597, 19334474, 10000000, 2, 96, 179, 700, 750, 10000000, 10000000, 10000000, 10000000, 10000000
284, 601, 563, 608, 601, 19334474, 10000000, 2, 90, 179, 700, 750, 10000000, 10000000, 10000000, 10000000, 10000000
284, 601, 563, 599, 602, 19334474, 10000000, 2, 19, 179, 700, 750, 10000000, 10000000, 10000000, 10000000, 10000000
284, 601, 563, 598, 513, 19334474, 10000000, 2, 332, 179, 700, 750, 10000000, 10000000, 10000000, 10000000, 10000000
284, 601, 563, 598, 489, 19334474, 10000000, 2, 243, 179, 700, 750, 10000000, 10000000, 10000000, 10000000, 10000000
284, 601, 563, 601, 484, 19334474, 10000000, 2, 347, 179, 700, 750, 10000000, 10000000, 10000000, 10000000, 10000000
284, 601, 563, 598, 649, 19334474, 10000000, 2, 204, 179, 700, 750, 10000000, 10000000, 10000000, 10000000, 10000000
284, 601, 563, 598, 713, 19334475, 10000000, 2, 309, 179, 700, 750, 10000000, 10000000, 10000000, 10000000, 10000000
284, 601, 563, 592, 398, 19334475, 10000000, 2, 24, 179, 700, 750, 10000000, 10000000, 10000000, 10000000, 10000000
284, 387, 598, 398, 608, 19334914, 2, 1, 108, 107, 700, 750, 173, 108, 16, 162, 104
284, 387, 598, 407, 601, 19334914, 3, 1, 16, 107, 700, 750, 173, 108, 16, 162, 104
284, 387, 598, 401, 572, 19334914, 5, 1, 104, 107, 700, 750, 173, 108, 16, 162, 104
284, 387, 598, 451, 601, 19334914, 1, 1, 173, 107, 700, 750, 173, 108, 16, 162, 104
284, 451, 601, 575, 598, 19335366, 10000000, 1, 162, 173, 700, 750, 10000000, 10000000, 10000000, 10000000, 10000000
284, 601, 484, 598, 670, 19336728, 10000000, 3, 236, 347, 700, 750, 10000000, 10000000, 10000000, 10000000, 10000000
284, 592, 597, 655, 601, 19341965, 10000000, 3, 143, 96, 700, 750, 10000000, 10000000, 10000000, 10000000, 10000000
284, 592, 597, 678, 601, 19341965, 10000000, 3, 251, 96, 700, 750, 10000000, 10000000, 10000000, 10000000, 10000000
284, 592, 597, 717, 601, 19341965, 10000000, 3, 318, 96, 700, 750, 10000000, 10000000, 10000000, 10000000, 10000000
284, 592, 597, 719, 598, 19341965, 10000000, 3, 273, 96, 700, 750, 10000000, 10000000, 10000000, 10000000, 10000000
284, 592, 597, 598, 751, 19341965, 10000000, 3, 360, 96, 700, 750, 10000000, 10000000, 10000000, 10000000, 10000000
284, 592, 597, 753, 598, 19341965, 10000000, 3, 128, 96, 700, 750, 10000000, 10000000, 10000000, 10000000, 10000000
284, 592, 597, 601, 773, 19341965, 10000000, 3, 186, 96, 700, 750, 10000000, 10000000, 10000000, 10000000, 10000000
284, 601, 773, 598, 787, 19342358, 10000000, 4, 393, 186, 700, 750, 10000000, 10000000, 10000000, 10000000, 10000000
284, 601, 773, 601, 792, 19342358, 10000000, 4, 4, 186, 700, 750, 10000000, 10000000, 10000000, 10000000, 10000000
284, 601, 773, 591, 798, 19342358, 10000000, 4, 82, 186, 700, 750, 10000000, 10000000, 10000000, 10000000, 10000000
284, 601, 773, 587, 801, 19342358, 10000000, 4, 384, 186, 700, 750, 10000000, 10000000, 10000000, 10000000, 10000000
284, 601, 773, 587, 801, 19342358, 10000000, 4, 387, 186, 700, 750, 10000000, 10000000, 10000000, 10000000, 10000000
284, 601, 773, 598, 806, 19342358, 10000000, 4, 109, 186, 700, 750, 10000000, 10000000, 10000000, 10000000, 10000000
284, 601, 773, 598, 849, 19342358, 10000000, 4, 219, 186, 700, 750, 10000000, 10000000, 10000000, 10000000, 10000000
284, 598, 806, 574, 798, 19343097, 10000000, 5, 181, 109, 700, 750, 10000000, 10000000, 10000000, 10000000, 10000000
284, 598, 806, 555, 801, 19343097, 10000000, 5, 358, 109, 700, 750, 10000000, 10000000, 10000000, 10000000, 10000000
284, 598, 806, 518, 801, 19343097, 10000000, 5, 317, 109, 700, 750, 10000000, 10000000, 10000000, 10000000, 10000000
284, 598, 806, 679, 798, 19343097, 10000000, 5, 337, 109, 700, 750, 10000000, 10000000, 10000000, 10000000, 10000000
284, 598, 806, 719, 798, 19343097, 10000000, 5, 240, 109, 700, 750, 10000000, 10000000, 10000000, 10000000, 10000000
284, 598, 806, 467, 801, 19343097, 10000000, 5, 257, 109, 700, 750, 10000000, 10000000, 10000000, 10000000, 10000000
284, 598, 806, 601, 982, 19343098, 10000000, 5, 112, 109, 700, 750, 10000000, 10000000, 10000000, 10000000, 10000000
284, 598, 806, 598, 990, 19343098, 10000000, 5, 42, 109, 700, 750, 10000000, 10000000, 10000000, 10000000, 10000000
284, 591, 798, 437, 801, 19345663, 10000000, 5, 141, 82, 700, 750, 10000000, 10000000, 10000000, 10000000, 10000000
284, 591, 798, 401, 800, 19345663, 10000000, 5, 79, 82, 700, 750, 10000000, 10000000, 10000000, 10000000, 10000000
284, 591, 798, 606, 1000, 19345663, 10000000, 5, 36, 82, 700, 750, 10000000, 10000000, 10000000, 10000000, 10000000
284, 575, 598, 754, 601, 19346023, 10000000, 2, 377, 162, 700, 750, 10000000, 10000000, 10000000, 10000000, 10000000
284, 678, 601, 791, 598, 19347538, 10000000, 4, 84, 251, 700, 750, 10000000, 10000000, 10000000, 10000000, 10000000
284, 678, 601, 798, 612, 19347538, 10000000, 4, 37, 251, 700, 750, 10000000, 10000000, 10000000, 10000000, 10000000
284, 717, 601, 812, 601, 19348064, 10000000, 4, 70, 318, 700, 750, 10000000, 10000000, 10000000, 10000000, 10000000
284, 717, 601, 832, 601, 19348064, 10000000, 4, 202, 318, 700, 750, 10000000, 10000000, 10000000, 10000000, 10000000
284, 717, 601, 882, 601, 19348064, 10000000, 4, 256, 318, 700, 750, 10000000, 10000000, 10000000, 10000000, 10000000
284, 717, 601, 911, 601, 19348064, 10000000, 4, 341, 318, 700, 750, 10000000, 10000000, 10000000, 10000000, 10000000
284, 832, 601, 928, 598, 19350644, 10000000, 5, 277, 202, 700, 750, 10000000, 10000000, 10000000, 10000000, 10000000
284, 832, 601, 959, 601, 19350645, 10000000, 5, 376, 202, 700, 750, 10000000, 10000000, 10000000, 10000000, 10000000
284, 401, 572, 407, 601, 19351366, 1, 1, 16, 104, 700, 750, 16, 154, 108, 10000000, 10000000
284, 401, 572, 398, 607, 19351366, 3, 1, 108, 104, 700, 750, 16, 154, 108, 10000000, 10000000
284, 407, 601, 451, 601, 19351818, 3, 1, 173, 16, 700, 750, 162, 96, 173, 154, 84
284, 407, 601, 401, 750, 19351818, 4, 1, 154, 16, 700, 750, 162, 96, 173, 154, 84
284, 574, 798, 417, 801, 19357298, 10000000, 6, 33, 181, 700, 750, 10000000, 10000000, 10000000, 10000000, 10000000
284, 679, 798, 767, 798, 19357647, 10000000, 6, 194, 337, 700, 750, 10000000, 10000000, 10000000, 10000000, 10000000
284, 679, 798, 791, 798, 19357647, 10000000, 6, 6, 337, 700, 750, 10000000, 10000000, 10000000, 10000000, 10000000
284, 679, 798, 798, 799, 19357647, 10000000, 6, 74, 337, 700, 750, 10000000, 10000000, 10000000, 10000000, 10000000
284, 679, 798, 802, 793, 19357647, 10000000, 6, 94, 337, 700, 750, 10000000, 10000000, 10000000, 10000000, 10000000
284, 679, 798, 818, 801, 19357647, 10000000, 6, 51, 337, 700, 750, 10000000, 10000000, 10000000, 10000000, 10000000
284, 679, 798, 840, 801, 19357647, 10000000, 6, 196, 337, 700, 750, 10000000, 10000000, 10000000, 10000000, 10000000
284, 555, 801, 389, 798, 19359779, 10000000, 6, 3, 358, 700, 750, 10000000, 10000000, 10000000, 10000000, 10000000
284, 555, 801, 357, 798, 19359779, 10000000, 6, 136, 358, 700, 750, 10000000, 10000000, 10000000, 10000000, 10000000
284, 791, 798, 801, 748, 19359912, 10000000, 7, 131, 6, 700, 750, 10000000, 10000000, 10000000, 10000000, 10000000
284, 791, 798, 801, 724, 19359912, 10000000, 7, 261, 6, 700, 750, 10000000, 10000000, 10000000, 10000000, 10000000
284, 791, 798, 875, 801, 19359912, 10000000, 7, 252, 6, 700, 750, 10000000, 10000000, 10000000, 10000000, 10000000
284, 791, 798, 886, 798, 19359912, 10000000, 7, 301, 6, 700, 750, 10000000, 10000000, 10000000, 10000000, 10000000
284, 791, 798, 801, 693, 19359912, 10000000, 7, 334, 6, 700, 750, 10000000, 10000000, 10000000, 10000000, 10000000
284, 791, 798, 801, 922, 19359912, 10000000, 7, 248, 6, 700, 750, 10000000, 10000000, 10000000, 10000000, 10000000
284, 791, 798, 917, 801, 19359912, 10000000, 7, 329, 6, 700, 750, 10000000, 10000000, 10000000, 10000000, 10000000
284, 791, 798, 932, 798, 19359912, 10000000, 7, 223, 6, 700, 750, 10000000, 10000000, 10000000, 10000000, 10000000
284, 791, 798, 801, 648, 19359912, 10000000, 7, 371, 6, 700, 750, 10000000, 10000000, 10000000, 10000000, 10000000
284, 812, 601, 801, 579, 19360826, 10000000, 5, 111, 70, 700, 750, 10000000, 10000000, 10000000, 10000000, 10000000
284, 812, 601, 798, 652, 19360826, 10000000, 5, 171, 70, 700, 750, 10000000, 10000000, 10000000, 10000000, 10000000
284, 812, 601, 959, 598, 19360827, 10000000, 5, 148, 70, 700, 750, 10000000, 10000000, 10000000, 10000000, 10000000
284, 798, 799, 798, 677, 19361441, 10000000, 7, 297, 74, 700, 750, 10000000, 10000000, 10000000, 10000000, 10000000
284, 798, 799, 794, 998, 19361442, 10000000, 7, 80, 74, 700, 750, 10000000, 10000000, 10000000, 10000000, 10000000
284, 801, 579, 798, 475, 19362117, 10000000, 6, 280, 111, 700, 750, 10000000, 10000000, 10000000, 10000000, 10000000
284, 801, 579, 798, 453, 19362118, 10000000, 6, 146, 111, 700, 750, 10000000, 10000000, 10000000, 10000000, 10000000
284, 801, 579, 798, 409, 19362118, 10000000, 6, 87, 111, 700, 750, 10000000, 10000000, 10000000, 10000000, 10000000
284, 801, 579, 787, 401, 19362118, 10000000, 6, 398, 111, 700, 750, 10000000, 10000000, 10000000, 10000000, 10000000
284, 840, 801, 968, 798, 19366212, 10000000, 7, 211, 196, 700, 750, 10000000, 10000000, 10000000, 10000000, 10000000
284, 840, 801, 998, 801, 19366213, 10000000, 7, 101, 196, 700, 750, 10000000, 10000000, 10000000, 10000000, 10000000
284, 791, 598, 801, 427, 19370295, 10000000, 5, 58, 84, 700, 750, 10000000, 10000000, 10000000, 10000000, 10000000
284, 791, 598, 990, 598, 19370295, 10000000, 5, 9, 84, 700, 750, 10000000, 10000000, 10000000, 10000000, 10000000
284, 601, 792, 398, 811, 19378628, 10000000, 5, 52, 4, 700, 750, 10000000, 10000000, 10000000, 10000000, 10000000
